district,city_corporation,upazila_thana,paurashava,union_ward,mauza,village_mahalla,location_name,hh_total,hh_general,hh_institutional,hh_others,pop_total,pop_male,pop_female,pop_hijra,sex_ratio,level
1,2,3,4,5,6,7,8,9,10,11,12,13,14,15,16,17,village
26,,,,,,,Dhaka,4029271,3737085,4753,287433,14734701,7900035,6833989,677,115.6,district
26,,,,,,,Rural,1014929,977786,789,36354,3497484,1805956,1691263,265,106.78,district
26,,,,,,,Urban,3014342,2759299,3964,251079,11237217,6094079,5142726,412,118.5,district
26,20,,,,,,Dhaka South City Corporation,1101733,1007018,1591,93124,4305063,2339434,1965459,170,119.03,city_corporation
26,20,5,,,,,Bangshal Thana,42816,35499,83,7234,176026,106946,69079,1,154.82,upazila_thana
26,20,5,,27,,,Ward No. 27 (Part),355,353,0,2,1262,649,613,0,105.87,union_ward
26,20,5,,27,149,,Dhaka (Part)*,355,353,0,2,1262,649,613,0,105.87,mauza
26,20,5,,27,149,624,Purba Nazimuddin Road,355,353,0,2,1262,649,613,0,105.87,village
26,20,5,,30,,,Ward No. 30 (Part),829,825,0,4,2624,1424,1200,0,118.67,union_ward
26,20,5,,30,149,,Dhaka (Part)*,829,825,0,4,2624,1424,1200,0,118.67,mauza
26,20,5,,30,149,48,Committeeganj Lane,10,10,0,0,29,17,12,0,141.67,village
26,20,5,,30,149,188,Jumman Bepari Lane(Nolgola-Part),226,224,0,2,736,408,328,0,124.39,village
26,20,5,,30,149,248,Mitford Road,252,251,0,1,717,401,316,0,126.9,village
26,20,5,,30,149,348,Rajani Bose Lane,341,340,0,1,1142,598,544,0,109.93,village
26,20,5,,31,,,Ward No. 31 (Part),3509,3270,6,233,14110,7903,6207,0,127.32,union_ward
26,20,5,,31,149,,Dhaka (Part)*,3509,3270,6,233,14110,7903,6207,0,127.32,mauza
26,20,5,,31,149,16,Abul Hasnat Road,225,209,1,15,1227,748,479,0,156.16,village
26,20,5,,31,149,32,Ac Ray Road,110,110,0,0,258,152,106,0,143.4,village
26,20,5,,31,149,88,Armenian Street,290,278,0,12,1108,618,490,0,126.12,village
26,20,5,,31,149,96,Aziz Ullah Road,23,23,0,0,113,57,56,0,101.79,village
26,20,5,,31,149,156,Becharam Dewry Road,538,514,1,23,2083,1147,936,0,122.54,village
26,20,5,,31,149,164,Begum Bazar Road,78,73,0,5,361,229,132,0,173.48,village
26,20,5,,31,149,208,Dc Ray Road,216,211,0,5,729,407,322,0,126.4,village
26,20,5,,31,149,292,Golam Mostafa Lane,299,242,0,57,1147,647,500,0,129.4,village
26,20,5,,31,149,428,Kedar Nath Dey Lane,80,64,0,16,234,178,56,0,317.86,village
26,20,5,,31,149,436,Km Azam Lane,308,245,0,63,1285,783,502,0,155.98,village
26,20,5,,31,149,516,Moulvi Abul Khayrat Road,552,538,4,10,2470,1292,1178,0,109.68,village
26,20,5,,31,149,536,Nabalak Mia Lane,88,78,0,10,280,157,123,0,127.64,village
26,20,5,,31,149,584,Nurbaksh Road,507,503,0,4,1981,1050,931,0,112.78,village
26,20,5,,31,149,608,Padmalochan Ray Lane,118,114,0,4,490,251,239,0,105.02,village
26,20,5,,31,149,692,Sharatchandra Chakrabarti Road,77,68,0,9,344,187,157,0,119.11,village
26,20,5,,32,,,Ward No. 32 (Part),5455,5115,3,337,23146,12291,10855,0,113.23,union_ward
26,20,5,,32,149,,Dhaka (Part)*,5455,5115,3,337,23146,12291,10855,0,113.23,mauza
26,20,5,,32,149,108,Bagdasa Lane,600,538,0,62,2493,1366,1127,0,121.21,village
26,20,5,,32,149,132,Bangshal Road,442,437,0,5,1894,953,941,0,101.28,village
26,20,5,,32,149,276,Gobindaprasad Lane,193,187,0,6,937,484,453,0,106.84,village
26,20,5,,32,149,316,Haji Abdul Rashid Lane,384,329,0,55,1728,1010,718,0,140.67,village
26,20,5,,32,149,348,Harni Lane,2,2,0,0,13,7,6,0,116.67,village
26,20,5,,32,149,388,Kasaituli Lane,716,678,0,38,2937,1499,1438,0,104.24,village
26,20,5,,32,149,420,Kazimuddin Siddiki Lane,196,192,1,3,847,424,423,0,100.24,village
26,20,5,,32,149,444,Kp Ghosh Street,1308,1243,2,63,5579,2927,2652,0,110.37,village
26,20,5,,32,149,668,Samsabad Lane,685,627,0,58,2855,1566,1289,0,121.49,village
26,20,5,,32,149,700,Sharatchandra Chakrabarti Road (Sscroad),929,882,0,47,3863,2055,1808,0,113.66,village
26,20,5,,33,,,Ward No. 33,16148,13871,39,2238,64566,37825,26741,0,141.45,union_ward
26,20,5,,33,149,,Dhaka (Part)*,16148,13871,39,2238,64566,37825,26741,0,141.45,mauza
26,20,5,,33,149,24,Abul Hasnat Road,1423,1372,2,49,5715,2959,2756,0,107.37,village
26,20,5,,33,149,41,Abdul Hadi Lane,894,824,1,69,3653,1954,1699,0,115.01,village
26,20,5,,33,149,48,Aga Sadek Road,3941,3331,16,594,15163,9034,6129,0,147.4,village
26,20,5,,33,149,56,Agamasi Lane,1903,1494,9,400,8664,5747,2917,0,197.02,village
26,20,5,,33,149,72,Ali Nekir Dewry Lane,861,794,0,67,3447,1839,1608,0,114.37,village
26,20,5,,33,149,140,Bangshal Road,946,899,0,47,3392,1754,1638,0,107.08,village
26,20,5,,33,149,180,Bk Ganguly Lane,1368,1130,2,236,5642,3394,2248,0,150.98,village
26,20,5,,33,149,188,Chankhar Pool Lane,1386,1223,0,163,4954,2673,2281,0,117.19,village
26,20,5,,33,149,500,Mazed Sardar Sarak,489,383,4,102,1945,1213,732,0,165.71,village
26,20,5,,33,149,544,Nawab Katara Road,1486,1304,4,178,5897,3345,2552,0,131.07,village
26,20,5,,33,149,724,Sikkatuli Lane,1451,1117,1,333,6094,3913,2181,0,179.41,village
26,20,5,,34,,,Ward No. 34,10415,7269,25,3121,44878,30751,14126,1,217.69,union_ward
26,20,5,,34,149,,Dhaka (Part)*,10415,7269,25,3121,44878,30751,14126,1,217.69,mauza
26,20,5,,34,149,116,Bangladuar,215,147,0,68,918,624,294,0,212.24,village
26,20,5,,34,149,340,Haji Osman Gani Road,1876,1287,4,585,7633,5108,2525,0,202.3,village
26,20,5,,34,149,404,Kazi Abdul Hamid Lane,78,17,0,61,344,313,31,0,1009.68,village
26,20,5,,34,149,412,Kazi Alauddin Road,1061,795,6,260,5224,3594,1630,0,220.49,village
26,20,5,,34,149,448,Lutfar Rahman Lane,2370,1917,4,449,9945,6434,3510,1,183.3,village
26,20,5,,34,149,484,Mati Sardar Road,212,116,0,96,860,615,245,0,251.02,village
26,20,5,,34,149,560,Nawabpur Road,130,55,1,74,494,377,117,0,322.22,village
26,20,5,,34,149,576,Nazira Bazar Lane,1193,964,1,228,4636,2726,1910,0,142.72,village
26,20,5,,34,149,684,Puratan Station,11,0,0,11,34,33,1,0,3300,village
26,20,5,,34,149,708,Siddik Bazar,2565,1488,8,1069,12004,9107,2897,0,314.36,village
26,20,5,,34,149,728,Takar Hat Lane,704,483,1,220,2786,1820,966,0,188.41,village
26,20,5,,35,,,Ward No. 35,6105,4796,10,1299,25440,16103,9337,0,172.46,union_ward
26,20,5,,35,149,,Dhaka (Part)*,6105,4796,10,1299,25440,16103,9337,0,172.46,mauza
26,20,5,,35,149,80,Anandamohan Basak Lane,603,532,1,70,2627,1513,1114,0,135.82,village
26,20,5,,35,149,124,Bangshal Lane,183,144,0,39,638,409,229,0,178.6,village
26,20,5,,35,149,148,Bangshal Road,328,277,2,49,1503,869,634,0,137.07,village
26,20,5,,35,149,172,Bhitarbari Lane,101,73,0,28,338,213,125,0,170.4,village
26,20,5,,35,149,228,English Road,81,80,0,1,307,177,130,0,136.15,village
26,20,5,,35,149,248,French Road,83,71,1,11,304,194,110,0,176.36,village
26,20,5,,35,149,268,Goalnagar Lane,616,608,0,8,2583,1321,1262,0,104.68,village
26,20,5,,35,149,284,Golak Pal Lane,339,151,0,188,1497,1213,284,0,427.11,village
26,20,5,,35,149,324,Haji Abdullah Sarkar Lane,1268,1174,0,94,5066,2833,2233,0,126.87,village
26,20,5,,35,149,332,Haji Mainuddin Road,97,58,0,39,388,276,112,0,246.43,village
26,20,5,,35,149,468,Malitola Lane,1079,779,6,294,4356,2995,1361,0,220.06,village
26,20,5,,35,149,476,Malitola Road,627,351,0,276,2765,2046,719,0,284.56,village
26,20,5,,35,149,528,Nababpur Road,116,69,0,47,541,358,183,0,195.63,village
26,20,5,,35,149,552,Nawab Yusuf Road,8,5,0,3,27,17,10,0,170,village
26,20,5,,35,149,616,Purana Mogaltuli Lane,576,424,0,152,2500,1669,831,0,200.84,village
26,20,9,,,,,Chakbazar Thana,31677,26483,38,5156,123053,70811,52242,0,135.54,upazila_thana
26,20,9,,27,,,Ward No. 27 (Part),7182,6040,17,1125,28310,15377,12933,0,118.9,union_ward
26,20,9,,27,447,,Lalbag (Part)*,7182,6040,17,1125,28310,15377,12933,0,118.9,mauza
26,20,9,,27,447,36,Bakshi Bazar Lane,563,495,1,67,2322,1455,867,0,167.82,village
26,20,9,,27,447,44,Bakshi Bazar Road,336,276,3,57,2196,716,1480,0,48.38,village
26,20,9,,27,447,56,Amlapara City Road (Buet Staff Quarter),498,425,3,70,2162,876,1286,0,68.12,village
26,20,9,,27,447,168,Girda Urdu Road,280,249,1,30,1124,595,529,0,112.48,village
26,20,9,,27,447,236,Hossaini Dalan Road,1758,1445,0,313,6299,3553,2746,0,129.39,village
26,20,9,,27,447,244,Hossaini Dalan Road (Nabab Bagicha),315,281,1,33,1255,675,580,0,116.38,village
26,20,9,,27,447,276,Joynag Road,578,481,0,97,2159,1200,959,0,125.13,village
26,20,9,,27,447,288,Kamaldaha Lane,212,109,0,103,681,464,217,0,213.82,village
26,20,9,,27,447,376,Nur Fatah Lane,519,452,3,64,2033,1095,938,0,116.74,village
26,20,9,,27,447,388,Orphanage Road,519,481,1,37,2199,1442,757,0,190.49,village
26,20,9,,27,447,424,Pashchim Nazimuddin Road,592,445,2,145,2191,1289,902,0,142.9,village
26,20,9,,27,447,508,Tantkhana Lane,301,262,1,38,982,550,432,0,127.31,village
26,20,9,,27,447,528,Umeshdatta Road,711,639,1,71,2707,1467,1240,0,118.31,village
26,20,9,,28,,,Ward No. 28,5294,4255,10,1029,20291,11781,8510,0,138.44,union_ward
26,20,9,,28,447,,Lalbag (Part)*,5294,4255,10,1029,20291,11781,8510,0,138.44,mauza
26,20,9,,28,447,68,Chak Circular Road (Chak Bazar),147,56,0,91,429,308,121,0,254.55,village
26,20,9,,28,447,176,Goursundar Ray Lane,329,288,0,41,1411,772,639,0,120.81,village
26,20,9,,28,447,212,Haranath Ghosh Lane,151,129,1,21,691,429,262,0,163.74,village
26,20,9,,28,447,220,Haranath Ghosh Road,772,624,5,143,3530,2137,1393,0,153.41,village
26,20,9,,28,447,228,Hayderbox Lane,282,236,0,46,1213,706,507,0,139.25,village
26,20,9,,28,447,296,Kb Rudra Road,326,267,0,59,1504,895,609,0,146.96,village
26,20,9,,28,447,304,Khaje Dal Sing Lane,449,329,0,120,1536,865,671,0,128.91,village
26,20,9,,28,447,312,Khaje Dewan First Lane,1608,1310,0,298,5258,2893,2365,0,122.33,village
26,20,9,,28,447,320,Khaje Dewan Second Lane,465,408,0,57,1633,906,727,0,124.62,village
26,20,9,,28,447,356,Mohammad Ajgar Lane,347,248,1,98,1174,723,451,0,160.31,village
26,20,9,,28,447,364,Moulana Mufti Din Mohammad Road (Urdu Road),128,86,0,42,639,442,197,0,224.37,village
26,20,9,,28,447,368,Nandakumar Datta Road,290,274,3,13,1273,705,568,0,124.12,village
26,20,9,,29,,,Ward No. 29,14425,12498,8,1919,55010,31263,23747,0,131.65,union_ward
26,20,9,,29,447,,Lalbag (Part)*,14425,12498,8,1919,55010,31263,23747,0,131.65,mauza
26,20,9,,29,447,188,Haji Ballu Road,891,680,4,207,3295,1964,1331,0,147.56,village
26,20,9,,29,447,196,Haji Rahimbox Lane,659,634,0,25,2577,1351,1226,0,110.2,village
26,20,9,,29,447,416,Pashchim Islambag,5844,5145,0,699,22224,12256,9968,0,122.95,village
26,20,9,,29,447,440,Purba Islambag,3709,3134,3,572,14390,8409,5981,0,140.6,village
26,20,9,,29,447,468,Rahmatganj Lane,1359,1131,0,228,4993,2978,2015,0,147.79,village
26,20,9,,29,447,488,Shayestakhan Road (Part),173,156,1,16,751,408,343,0,118.95,village
26,20,9,,29,447,568,Water Works Road,1790,1618,0,172,6780,3897,2883,0,135.17,village
26,20,9,,30,,,Ward No. 30 (Part),3161,2254,3,904,13297,8755,4542,0,192.76,union_ward
26,20,9,,30,149,,Dhaka (Part)*,17,5,0,12,27,17,10,0,170,mauza
26,20,9,,30,149,188,Jumman Bepari Lane-2,17,5,0,12,27,17,10,0,170,village
26,20,9,,30,447,,Lalbagh (Part)*,3144,2249,3,892,13270,8738,4532,0,192.81,mauza
26,20,9,,30,447,52,Bara Katara Lane,207,176,0,31,1764,1405,359,0,391.36,village
26,20,9,,30,447,60,Birendra Bose Street,124,38,1,85,260,179,81,0,220.99,village
26,20,9,,30,447,76,Champatali Lane,397,229,0,168,1321,895,426,0,210.09,village
26,20,9,,30,447,84,Chhota Kataraghat Road,121,45,0,76,537,447,90,0,496.67,village
26,20,9,,30,447,96,Debidasghat Lane,1396,1104,1,291,5624,3378,2246,0,150.4,village
26,20,9,,30,447,204,Hakim Habibur Rahman Road,94,86,0,8,393,241,152,0,158.55,village
26,20,9,,30,447,248,Imamganj Bazar Lane,100,73,0,27,451,302,149,0,202.68,village
26,20,9,,30,447,268,Jadab Narayan Das Lane,95,70,0,25,257,132,125,0,105.6,village
26,20,9,,30,447,348,Mahiuddin Lane,86,71,1,14,485,340,145,0,234.48,village
26,20,9,,30,447,476,Ray Ishwarchandra Shil Bahadur Street,211,153,0,58,806,516,290,0,177.93,village
26,20,9,,30,447,484,Ruihatta Lane,4,0,0,4,4,4,0,0,0,village
26,20,9,,30,447,496,Soarighat Porba,309,204,0,105,1368,899,469,0,191.68,village
26,20,9,,31,,,Ward No. 31 (Part),1615,1436,0,179,6145,3635,2510,0,144.82,union_ward
26,20,9,,31,149,,Dhaka (Part)*,1615,1436,0,179,6145,3635,2510,0,144.82,mauza
26,20,9,,31,149,40,Aga Nawab Dewry Lane,294,279,0,15,1090,619,471,0,131.42,village
26,20,9,,31,149,64,Ali Hossain Khan Road,191,167,0,24,620,371,249,0,149,village
26,20,9,,31,149,156,Becharam Dewry Road(Paschim),198,188,0,10,783,424,359,0,118.11,village
26,20,9,,31,149,164,Begum Bazar Road,153,137,0,16,536,341,195,0,174.87,village
26,20,9,,31,149,188,Bk Ray Lane,247,186,0,61,976,631,345,0,182.9,village
26,20,9,,31,149,216,Dwigu Babu Lane,41,39,0,2,214,114,100,0,114,village
26,20,9,,31,149,308,Hafiz Ullah Road,178,156,0,22,770,444,326,0,136.2,village
26,20,9,,31,149,368,Jail Road,157,140,0,17,648,368,280,0,131.43,village
26,20,9,,31,149,376,Jogendra Narayan Shil Lane,104,104,0,0,341,211,130,0,162.31,village
26,20,9,,31,149,396,Katara Makim Lane,14,14,0,0,36,19,17,0,111.76,village
26,20,9,,31,149,524,Moulvibazar Road,38,26,0,12,131,93,38,0,244.74,village
26,20,12,,,,,Demra Thana,69569,67541,113,1915,278836,146430,132400,6,110.6,upazila_thana
26,20,12,,64,,,Ward No. 64 (Part),8299,8130,6,163,32601,16789,15812,0,106.18,union_ward
26,20,12,,64,152,,Dharmik Para*,861,789,4,68,3514,1924,1590,0,121.01,mauza
26,20,12,,64,152,68,Dharmik Para,861,789,4,68,3514,1924,1590,0,121.01,village
26,20,12,,64,600,,Para Dagair*,7438,7341,2,95,29087,14865,14222,0,104.52,mauza
26,20,12,,64,600,555,Para Dagar Bansherpur,2119,2075,0,44,8169,4175,3994,0,104.53,village
26,20,12,,64,600,594,Para Dagar Part 1,5319,5266,2,51,20918,10690,10228,0,104.52,village
26,20,12,,65,,,Ward No. 65 (Part),6363,6206,3,154,25112,12720,12392,0,102.65,union_ward
26,20,12,,65,488,,Matuail (Part)*,3073,3002,1,70,12064,6203,5861,0,105.84,mauza
26,20,12,,65,488,455,Mogal Nagar,770,733,0,37,2906,1562,1344,0,116.22,village
26,20,12,,65,488,483,Matuail New Town,708,698,0,10,2875,1405,1470,0,95.58,village
26,20,12,,65,488,511,Muslim Nagar,1595,1571,1,23,6283,3236,3047,0,106.2,village
26,20,12,,65,600,,Para Dagar (Part)*,3290,3204,2,84,13048,6517,6531,0,99.79,mauza
26,20,12,,65,600,594,Para Dagair Part 2,3290,3204,2,84,13048,6517,6531,0,99.79,village
26,20,12,,66,,,Ward No. 66,18959,18591,36,332,74876,39729,35145,2,113.04,union_ward
26,20,12,,66,75,,Bamail*,3385,3357,2,26,12547,6434,6113,0,105.25,mauza
26,20,12,,66,75,28,Bamail,3385,3357,2,26,12547,6434,6113,0,105.25,village
26,20,12,,66,148,,Dagair*,15574,15234,34,306,62329,33295,29032,2,114.68,mauza
26,20,12,,66,148,68,Dagair (Purbo),5873,5787,12,74,23135,11820,11315,0,104.46,village
26,20,12,,66,148,140,Dagair (Paschim),9701,9447,22,232,39194,21475,17717,2,121.21,village
26,20,12,,67,,,Ward No. 67,13173,12691,23,459,55335,29588,25743,4,114.94,union_ward
26,20,12,,67,370,,Joka*,9853,9417,21,415,41601,22796,18805,0,121.22,mauza
26,20,12,,67,370,308,Pashchim Boxnagar,2722,2602,5,115,11084,5966,5118,0,116.57,village
26,20,12,,67,370,316,Purba Boxnagar,4227,4051,12,164,19216,10907,8309,0,131.27,village
26,20,12,,67,370,368,Shukursi,2254,2116,3,135,8807,4655,4152,0,112.11,village
26,20,12,,67,370,468,S. Titas Colony,68,68,0,0,243,121,122,0,99.18,village
26,20,12,,67,370,471,Shanti Dhara Residencial Area,582,580,1,1,2251,1147,1104,0,103.89,village
26,20,12,,67,701,,Sarulia (Part)*,3320,3274,2,44,13734,6792,6938,4,97.9,mauza
26,20,12,,67,701,368,Sarulia Tengra Dakshin,1706,1688,1,17,7031,3488,3540,3,98.53,village
26,20,12,,67,701,370,Sarulia Tengra,1614,1586,1,27,6703,3304,3398,1,97.23,village
26,20,12,,68,,,Ward No. 68,11974,11600,21,353,48338,24810,23528,0,105.45,union_ward
26,20,12,,68,260,,Gopdakkhin(Part)*,4146,4044,10,92,17043,8712,8331,0,104.57,mauza
26,20,12,,68,260,148,Hajinagar,4146,4044,10,92,17043,8712,8331,0,104.57,village
26,20,12,,68,701,,Saralia (Part)*,7828,7556,11,261,31295,16098,15197,0,105.93,mauza
26,20,12,,68,701,248,Madhya Tengra,950,929,2,19,3806,1967,1839,0,106.96,village
26,20,12,,68,701,308,Pashchim Tengra,1096,1079,4,13,4429,2285,2144,0,106.58,village
26,20,12,,68,701,316,Bahir Tengra,716,703,1,12,2901,1433,1468,0,97.62,village
26,20,12,,68,701,324,Purba Tengra,2015,1867,1,147,7916,4159,3757,0,110.7,village
26,20,12,,68,701,468,Sarulia,1948,1888,3,57,8003,4131,3872,0,106.69,village
26,20,12,,68,701,625,Rosul Nagar,1103,1090,0,13,4240,2123,2117,0,100.28,village
26,20,12,,69,,,Ward No. 69,5457,5138,4,315,20157,10681,9476,0,112.72,union_ward
26,20,12,,69,151,,Demra*,815,784,1,30,2873,1490,1383,0,107.74,mauza
26,20,12,,69,151,68,Demra,815,784,1,30,2873,1490,1383,0,107.74,village
26,20,12,,69,260,,Gop Dakkhin (Part)*,225,149,0,76,787,491,296,0,165.88,mauza
26,20,12,,69,260,28,Ahammad Bawani Textile Mill,124,64,0,60,399,276,123,0,224.39,village
26,20,12,,69,260,420,Latif Bawani Jute Mill,101,85,0,16,388,215,173,0,124.28,village
26,20,12,,69,407,,Kamargop*,1993,1851,0,142,7192,3799,3393,0,111.97,mauza
26,20,12,,69,407,208,Kamargop Dhakhin,1455,1440,0,15,5384,2732,2652,0,103.02,village
26,20,12,,69,407,385,Kargrop Khala Para,538,411,0,127,1808,1067,741,0,143.99,village
26,20,12,,69,408,,Kayetpara (Part)*,501,490,0,11,2052,1023,1029,0,99.42,mauza
26,20,12,,69,408,625,Rajakhali,501,490,0,11,2052,1023,1029,0,99.42,village
26,20,12,,69,517,,Naraibag*,1923,1864,3,56,7253,3878,3375,0,114.9,mauza
26,20,12,,69,517,268,Naraibag,1313,1277,1,35,5001,2701,2300,0,117.43,village
26,20,12,,69,517,455,Mirpara,610,587,2,21,2252,1177,1075,0,109.49,village
26,20,12,,70,,,Ward No. 70,5344,5185,20,139,22417,12113,10304,0,117.56,union_ward
26,20,12,,70,37,,Amulia (Part)*,1220,1207,6,7,5157,2686,2471,0,108.7,mauza
26,20,12,,70,37,56,Amulia,684,679,2,3,2882,1527,1355,0,112.69,village
26,20,12,,70,37,248,Mehendipur,536,528,4,4,2275,1159,1116,0,103.85,village
26,20,12,,70,74,,Balu Dhitpur*,871,857,2,12,3810,1998,1812,0,110.26,mauza
26,20,12,,70,74,28,Balu Dhitpur,310,305,1,4,1360,738,622,0,118.65,village
26,20,12,,70,74,208,Khalapara,182,181,0,1,731,372,359,0,103.62,village
26,20,12,,70,74,268,Nalchhata,192,187,0,5,860,440,420,0,104.76,village
26,20,12,,70,74,388,Tamburabad,187,184,1,2,859,448,411,0,109,village
26,20,12,,70,150,,Deilya*,811,744,2,65,3230,1748,1482,0,117.95,mauza
26,20,12,,70,150,68,Deilya,811,744,2,65,3230,1748,1482,0,117.95,village
26,20,12,,70,408,,Kayetpara*,129,120,1,8,1004,770,234,0,329.06,mauza
26,20,12,,70,408,208,Kayetpara,129,120,1,8,1004,770,234,0,329.06,village
26,20,12,,70,590,,Paiti*,996,983,5,8,3896,2141,1755,0,121.99,mauza
26,20,12,,70,590,308,Paiti,996,983,5,8,3896,2141,1755,0,121.99,village
26,20,12,,70,591,,Pashchim Durgapur*,3,3,0,0,17,6,11,0,54.55,mauza
26,20,12,,70,591,321,Pashchim Durgapur,3,3,0,0,17,6,11,0,54.55,village
26,20,12,,70,592,,Purba Durgapur*,149,137,2,10,643,340,303,0,112.21,mauza
26,20,12,,70,592,308,Purba Durgapur,149,137,2,10,643,340,303,0,112.21,village
26,20,12,,70,702,,Shunya*,573,547,0,26,2362,1211,1151,0,105.21,mauza
26,20,12,,70,702,368,Shunya,123,118,0,5,516,274,242,0,113.22,village
26,20,12,,70,702,660,Shunya Tengra,450,429,0,21,1846,937,909,0,103.08,village
26,20,12,,70,739,,Thulthulia*,590,585,2,3,2290,1207,1083,0,111.45,mauza
26,20,12,,70,739,388,Thulthulia,590,585,2,3,2290,1207,1083,0,111.45,village
26,20,12,,70,776,,Uttar Durgapur*,2,2,0,0,8,6,2,0,300,mauza
26,20,12,,70,776,572,Uttar Durgapur,2,2,0,0,8,6,2,0,300,village
26,20,16,,,,,Dhanmondi Thana,19920,16903,30,2987,75150,39746,35402,2,112.27,upazila_thana
26,20,16,,15,,,Ward No. 15,19920,16903,30,2987,75150,39746,35402,2,112.27,union_ward
26,20,16,,15,149,,Dhanmondi*,19261,16339,30,2892,73154,38627,34525,2,111.88,mauza
26,20,16,,15,149,5,15. No Staff Quarter,187,169,0,18,553,286,267,0,107.12,village
26,20,16,,15,149,68,Dhanmondi Residential Area,14834,12691,28,2115,58729,30577,28150,2,108.62,village
26,20,16,,15,149,76,"Dhanmondi Officers Quarter, Road No.15",80,80,0,0,277,134,143,0,93.71,village
26,20,16,,15,149,148,Haji Afsaruddin Road,647,574,2,71,2316,1274,1042,0,122.26,village
26,20,16,,15,149,160,Dhanmondi R/A 9/A (Part),1559,1357,0,202,5113,2690,2423,0,111.02,village
26,20,16,,15,149,188,Jigatola New Road,302,167,0,135,825,590,235,0,251.06,village
26,20,16,,15,149,228,Hatembag,700,501,0,199,2369,1488,881,0,168.9,village
26,20,16,,15,149,269,Mitali Road (Purbo),375,347,0,28,1359,681,678,0,100.44,village
26,20,16,,15,149,502,Modhu Bazar Purbo,577,453,0,124,1613,907,706,0,128.47,village
26,20,16,,15,409,,Katasur*,229,218,0,11,792,435,357,0,121.85,mauza
26,20,16,,15,409,368,Sher - E- Bangla Road,229,218,0,11,792,435,357,0,121.85,village
26,20,16,,15,707,,Shibpur*,430,346,0,84,1204,684,520,0,131.54,mauza
26,20,16,,15,707,348,Rayer Bazar Road,430,346,0,84,1204,684,520,0,131.54,village
26,20,24,,,,,Gendaria Thana,35225,32639,31,2555,140307,75837,64454,16,117.66,upazila_thana
26,20,24,,40,,,Ward No. 40 (Part),8811,8066,12,733,34984,19000,15972,12,118.96,union_ward
26,20,24,,40,854,,Wari (Part)*,8811,8066,12,733,34984,19000,15972,12,118.96,mauza
26,20,24,,40,854,28,Basu Bazar Lane,404,382,0,22,1628,830,798,0,104.01,village
26,20,24,,40,854,68,Dayaganj Hat Lane,58,18,0,40,254,147,107,0,137.38,village
26,20,24,,40,854,92,Dayaganj Natun Sarak,144,114,0,30,586,354,232,0,152.59,village
26,20,24,,40,854,100,Dayaganj Road,521,468,0,53,2118,1190,928,0,128.23,village
26,20,24,,40,854,148,Gurudas Sarkar Lane,346,332,0,14,1428,727,701,0,103.71,village
26,20,24,,40,854,228,Karatitola (Part),582,526,0,56,2194,1157,1037,0,111.57,village
26,20,24,,40,854,268,Monir Hossain Lane,1144,1048,1,95,4445,2440,2005,0,121.7,village
26,20,24,,40,854,288,Narinda Lane,474,442,0,32,1953,1034,919,0,112.51,village
26,20,24,,40,854,296,Narinda Road,463,431,1,31,1783,942,841,0,112.01,village
26,20,24,,40,854,388,Shah Saheb Lane,995,933,6,56,4075,2335,1728,12,135.13,village
26,20,24,,40,854,396,Swamibag,1792,1574,3,215,6865,3866,2999,0,128.91,village
26,20,24,,40,854,705,Sarat Gupta Road,1493,1403,1,89,5932,3129,2803,0,111.63,village
26,20,24,,40,854,735,Sweeper Colony,395,395,0,0,1723,849,874,0,97.14,village
26,20,24,,44,,,Ward No. 44 (Part),2369,2277,1,91,9170,4908,4262,0,115.16,union_ward
26,20,24,,44,740,,Sutrapur (Part)*,2369,2277,1,91,9170,4908,4262,0,115.16,mauza
26,20,24,,44,740,192,Begomganj,2369,2277,1,91,9170,4908,4262,0,115.16,village
26,20,24,,45,,,Ward No. 45,13459,12047,2,1410,52639,28311,24328,0,116.37,union_ward
26,20,24,,45,705,,Sutrapur (Part)*,13459,12047,2,1410,52639,28311,24328,0,116.37,mauza
26,20,24,,45,705,68,Dinanath Sen Road,3963,3787,0,176,15446,7903,7543,0,104.77,village
26,20,24,,45,705,76,Distilari Road,2417,1962,0,455,9690,5562,4128,0,134.74,village
26,20,24,,45,705,208,Kb Road,135,120,0,15,581,318,263,0,120.91,village
26,20,24,,45,705,348,Rajani Choudhury Road,1062,987,1,74,4432,2469,1963,0,125.78,village
26,20,24,,45,705,368,Sabek Sharafatganj Lane,720,688,0,32,2673,1446,1227,0,117.85,village
26,20,24,,45,705,376,Shashibhushan Chatarjee Lane,394,379,0,15,1643,823,820,0,100.37,village
26,20,24,,45,705,384,Sk Das Road,1655,1496,1,158,6709,3432,3277,0,104.73,village
26,20,24,,45,705,511,Murgi Tola,867,710,0,157,3501,2031,1470,0,138.16,village
26,20,24,,45,705,520,Namapara Road,2246,1918,0,328,7964,4327,3637,0,118.97,village
26,20,24,,46,,,Ward No. 46,10586,10249,16,321,43514,23618,19892,4,118.73,union_ward
26,20,24,,46,260,,Gendaria*,10586,10249,16,321,43514,23618,19892,4,118.73,mauza
26,20,24,,46,260,16,Alamganj Lane,728,693,0,35,2470,1261,1209,0,104.3,village
26,20,24,,46,260,24,Alamganj Road,506,497,3,6,1872,988,880,4,112.27,village
26,20,24,,46,260,53,Akkhoy Das Lane,813,769,1,43,3323,1756,1567,0,112.06,village
26,20,24,,46,260,68,Dhalkanagar Lane,2365,2332,0,33,8665,4319,4346,0,99.38,village
26,20,24,,46,260,148,Haricharan Ray Road,805,780,5,20,5394,3801,1593,0,238.61,village
26,20,24,,46,260,208,Kalicharan Saha Road,653,635,1,17,2347,1218,1129,0,107.88,village
26,20,24,,46,260,216,Keshab Banarjee Road,1006,985,0,21,3985,2070,1915,0,108.09,village
26,20,24,,46,260,248,Mill Barrack,84,82,2,0,868,643,225,0,285.78,village
26,20,24,,46,260,368,Satish Sarkar Road,3197,3079,4,114,12983,6703,6280,0,106.74,village
26,20,24,,46,260,376,Shankharinagar Lane,429,397,0,32,1607,859,748,0,114.84,village
26,20,28,,,,,Hazaribag Thana,53550,50699,78,2773,200476,106459,94008,9,113.24,upazila_thana
26,20,28,,14,,,Ward No. 14,28335,26231,60,2044,107232,58099,49131,2,118.25,union_ward
26,20,28,,14,75,,Birband Kachhra*,231,205,1,25,907,468,439,0,106.61,mauza
26,20,28,,14,75,28,Birban Kachhra,231,205,1,25,907,468,439,0,106.61,village
26,20,28,,14,150,,Dakkhin Sonatengar (Part)*,2546,2449,1,96,9724,5272,4452,0,118.42,mauza
26,20,28,,14,150,368,Sanatangar,2546,2449,1,96,9724,5272,4452,0,118.42,village
26,20,28,,14,263,,Gajmahal*,2574,2365,5,204,9068,4950,4118,0,120.2,mauza
26,20,28,,14,263,128,Gajmahal,2574,2365,5,204,9068,4950,4118,0,120.2,village
26,20,28,,14,707,,Shibpur*,20024,18564,50,1410,76504,41007,35496,1,115.53,mauza
26,20,28,,14,707,48,Charakghata,3528,3456,5,67,13235,6753,6481,1,104.2,village
26,20,28,,14,707,148,Hazaribag Tannery Area,837,717,6,114,3064,1902,1162,0,163.68,village
26,20,28,,14,707,188,Jigatala,4972,4354,18,600,19663,10846,8817,0,123.01,village
26,20,28,,14,707,196,Jigatala Staff Quarter,638,553,1,84,2298,1203,1095,0,109.86,village
26,20,28,,14,707,248,Maneshwar,2071,1999,4,68,8066,4339,3727,0,116.42,village
26,20,28,,14,707,256,Maneshwar Tin Mazar Jigatala,928,850,2,76,3458,1855,1603,0,115.72,village
26,20,28,,14,707,264,Mitali Road ( Part),536,527,1,8,1963,1102,861,0,127.99,village
26,20,28,,14,707,368,Sultanganj (Part),4345,4235,6,104,16692,8463,8229,0,102.84,village
26,20,28,,14,707,502,Modhubazar Part,1366,1119,5,242,4986,2843,2143,0,132.66,village
26,20,28,,14,707,742,Tallabag Moneshwar,803,754,2,47,3079,1701,1378,0,123.44,village
26,20,28,,14,710,,Shikari Tola*,454,450,0,4,1624,881,743,0,118.57,mauza
26,20,28,,14,710,368,Shikari Tola,454,450,0,4,1624,881,743,0,118.57,village
26,20,28,,14,785,,Uttar Sonatengar (Part)*,2506,2198,3,305,9405,5521,3883,1,142.18,mauza
26,20,28,,14,785,368,Sanatangar,2506,2198,3,305,9405,5521,3883,1,142.18,village
26,20,28,,22,,,Ward No. 22,25215,24468,18,729,93244,48360,44877,7,107.76,union_ward
26,20,28,,22,188,,Enayetganj*,3995,3912,2,81,14943,7591,7352,0,103.25,mauza
26,20,28,,22,188,28,Badda Nagar Lane,2285,2253,1,31,8364,4273,4091,0,104.45,village
26,20,28,,22,188,88,Enayetganj Lane,1710,1659,1,50,6579,3318,3261,0,101.75,village
26,20,28,,22,301,,Hazaribag (Part)*,19232,18606,16,610,70721,36779,33935,7,108.38,mauza
26,20,28,,22,301,28,Bhagalpur Lane,3158,3111,2,45,12009,6313,5696,0,110.83,village
26,20,28,,22,301,36,Borhanpur Lane,370,369,0,1,1386,674,712,0,94.66,village
26,20,28,,22,301,128,Ganaktuli City Colony,1717,1715,0,2,5792,2825,2967,0,95.21,village
26,20,28,,22,301,136,Ganaktuli Lane,2773,2671,1,101,9471,4745,4719,7,100.55,village
26,20,28,,22,301,148,Hazaribag Lane,752,735,1,16,2820,1444,1376,0,104.94,village
26,20,28,,22,301,156,Hazaribag Road,4469,4228,7,234,16960,9217,7743,0,119.04,village
26,20,28,,22,301,208,Kazirbag Lane,420,417,0,3,1593,812,781,0,103.97,village
26,20,28,,22,301,216,Kulalmahal Lane,375,370,0,5,1338,665,673,0,98.81,village
26,20,28,,22,301,248,Maneshwar First Lane,1575,1528,1,46,5233,2672,2561,0,104.33,village
26,20,28,,22,301,256,Maneshwar Road,1716,1595,0,121,6494,3392,3102,0,109.35,village
26,20,28,,22,301,264,Maneshwar Second Lane,215,211,0,4,706,371,335,0,110.75,village
26,20,28,,22,301,268,Nabipur,958,950,1,7,3674,1912,1762,0,108.51,village
26,20,28,,22,301,276,Nilambar Saha Road,734,706,3,25,3245,1737,1508,0,115.19,village
26,20,28,,22,413,,Kalunagar (Part)*,1988,1950,0,38,7580,3990,3590,0,111.14,mauza
26,20,28,,22,413,208,Kalunagar,1988,1950,0,38,7580,3990,3590,0,111.14,village
26,20,29,,,,,Jatrabari Thana,125517,117719,210,7588,492180,268442,223724,14,119.99,upazila_thana
26,20,29,,40,,,Ward No. 40 (Part),2258,1831,0,427,8712,5089,3623,0,140.46,union_ward
26,20,29,,40,854,,Wari (Part)*,2258,1831,0,427,8712,5089,3623,0,140.46,mauza
26,20,29,,40,854,108,Dayaganj (Part),433,105,0,328,1422,1176,246,0,478.05,village
26,20,29,,40,854,150,Dayaganj Jeel Para,497,471,0,26,1810,933,877,0,106.39,village
26,20,29,,40,854,431,Koratitola,1328,1255,0,73,5480,2980,2500,0,119.2,village
26,20,29,,48,,,Ward No. 48,16413,14425,38,1950,63032,36089,26942,1,133.95,union_ward
26,20,29,,48,301,,Hasanpur*,619,504,0,115,2136,1257,878,1,143.17,mauza
26,20,29,,48,301,368,Sayedabad,619,504,0,115,2136,1257,878,1,143.17,village
26,20,29,,48,376,,Jatrabari (Part)*,15794,13921,38,1835,60896,34832,26064,0,133.64,mauza
26,20,29,,48,376,76,Dakkhin Sayedabad,1677,1396,2,279,6490,3863,2627,0,147.05,village
26,20,29,,48,376,416,Uttar Jatrabari-1,5838,5402,9,427,24294,13526,10768,0,125.61,village
26,20,29,,48,376,424,Uttar Jatrabari-2,6493,5589,26,878,24242,14081,10161,0,138.58,village
26,20,29,,48,376,432,Uttar Sayedabad,1786,1534,1,251,5870,3362,2508,0,134.05,village
26,20,29,,49,,,Ward No. 49,17854,17199,13,642,61293,32812,28480,1,115.21,union_ward
26,20,29,,49,75,,Brahmanchiran (Part)*,17854,17199,13,642,61293,32812,28480,1,115.21,mauza
26,20,29,,49,75,28,Brahmanchiran,2529,2339,2,188,7417,4027,3390,0,118.79,village
26,20,29,,49,75,68,Dakkhin Golapbag,1329,1282,0,47,4340,2270,2070,0,109.66,village
26,20,29,,49,75,76,Dhalpur,7723,7378,10,335,30579,16796,13783,0,121.86,village
26,20,29,,49,75,268,No. 14 Outfall,4964,4911,1,52,14419,7410,7008,1,105.74,village
26,20,29,,49,75,408,Uttar Golapbag,1309,1289,0,20,4538,2309,2229,0,103.59,village
26,20,29,,50,,,Ward No. 50,11614,10828,36,750,52976,31098,21873,5,142.18,union_ward
26,20,29,,50,376,,Jatrabari (Part)*,11614,10828,36,750,52976,31098,21873,5,142.18,mauza
26,20,29,,50,376,68,Dakkhin Jatrabari(Part),8605,8058,19,528,38914,22885,16029,0,142.77,village
26,20,29,,50,376,408,Pashchim Jatrabari,2101,1922,13,166,10275,6152,4121,2,149.28,village
26,20,29,,50,376,805,Uttar Jatrabari (Part),908,848,4,56,3787,2061,1723,3,119.62,village
26,20,29,,61,,,Ward No. 61 (Part),10615,10044,28,543,44075,23530,20545,0,114.53,union_ward
26,20,29,,61,150,,Dania (Part)*,10615,10044,28,543,44075,23530,20545,0,114.53,mauza
26,20,29,,61,150,76,Dakkhin Kutubkhali,3707,3489,10,208,15245,8291,6954,0,119.23,village
26,20,29,,61,150,92,Daspara,859,805,2,52,3505,1806,1699,0,106.3,village
26,20,29,,61,150,228,Kabirajbag,1055,964,3,88,4129,2290,1839,0,124.52,village
26,20,29,,61,150,368,Rasulpur,3580,3479,7,94,15219,7964,7255,0,109.77,village
26,20,29,,61,150,428,Uttar Dania,912,869,4,39,3900,2077,1823,0,113.93,village
26,20,29,,61,150,520,Naya Para,502,438,2,62,2077,1102,975,0,113.03,village
26,20,29,,62,,,Ward No. 62,23988,23078,33,877,96853,51406,45446,1,113.11,union_ward
26,20,29,,62,150,,Dania (Part)*,23988,23078,33,877,96853,51406,45446,1,113.11,mauza
26,20,29,,62,150,48,Chhantek,2066,1892,5,169,8934,4554,4380,0,103.97,village
26,20,29,,62,150,68,Dakkhin Kajla,1940,1878,2,60,7925,4177,3748,0,111.45,village
26,20,29,,62,150,84,Dakkhin Sheikhdee,3074,3011,0,63,11913,6194,5719,0,108.31,village
26,20,29,,62,150,148,Gobindapur,8189,7944,10,235,32422,17191,15230,1,112.88,village
26,20,29,,62,150,288,Nayanagar Kajla,1028,977,2,49,4416,2355,2061,0,114.26,village
26,20,29,,62,150,436,Uttar Kutubkhali,2998,2805,9,184,13120,7523,5597,0,134.41,village
26,20,29,,62,150,444,Uttar Sheikhdee,3706,3610,4,92,14354,7383,6971,0,105.91,village
26,20,29,,62,150,625,Rasidbagh,987,961,1,25,3769,2029,1740,0,116.61,village
26,20,29,,63,,,Ward No. 63,21519,20330,23,1166,81433,43659,37773,1,115.58,union_ward
26,20,29,,63,488,,Matuail (Part)*,21519,20330,23,1166,81433,43659,37773,1,115.58,mauza
26,20,29,,63,488,36,Bhangapress,1233,1098,0,135,4613,2552,2061,0,123.82,village
26,20,29,,63,488,208,Kajlarpar,5154,4951,2,201,19197,10486,8711,0,120.38,village
26,20,29,,63,488,216,Kazirgaon,2959,2760,5,194,11125,6002,5123,0,117.16,village
26,20,29,,63,488,280,Matuail Majhpara,1717,1648,1,68,6526,3380,3146,0,107.44,village
26,20,29,,63,488,288,Matuail Nishir Bagicha,256,254,0,2,1014,493,521,0,94.63,village
26,20,29,,63,488,296,Matuail Pashchimpara,4622,4386,5,231,17809,9370,8439,0,111.03,village
26,20,29,,63,488,312,Matuail Sharifpara,776,666,3,107,3100,1803,1297,0,139.01,village
26,20,29,,63,488,320,Matuail Uttarpara,3946,3745,4,197,14476,7604,6871,1,110.67,village
26,20,29,,63,488,488,Uttar Kajla,856,822,3,31,3573,1969,1604,0,122.76,village
26,20,29,,64,,,Ward No. 64 (Part),6311,6011,10,290,24631,13119,11511,1,113.97,union_ward
26,20,29,,64,600,,Para Dagar(Part)*,6311,6011,10,290,24631,13119,11511,1,113.97,mauza
26,20,29,,64,600,409,Katherpul,1420,1345,1,74,5104,2714,2390,0,113.56,village
26,20,29,,64,600,428,Konapara (Matuail),2488,2323,2,163,9803,5307,4496,0,118.04,village
26,20,29,,64,600,502,Momenbag (Matuail),2403,2343,7,53,9724,5098,4625,1,110.23,village
26,20,29,,65,,,Ward No. 65 (Part),14945,13973,29,943,59175,31640,27531,4,114.92,union_ward
26,20,29,,65,488,,Matuail (Part)*,11072,10241,26,805,43405,23565,19836,4,118.8,mauza
26,20,29,,65,488,28,Baniarbag,1042,834,4,204,4240,2632,1608,0,163.68,village
26,20,29,,65,488,68,Dakkhin Momenbag Arabari,338,322,0,16,1343,689,654,0,105.35,village
26,20,29,,65,488,168,Islamnagar,889,853,2,34,3314,1781,1533,0,116.18,village
26,20,29,,65,488,256,Matuail Dakkhinpara,3443,3170,7,266,13193,7139,6054,0,117.92,village
26,20,29,,65,488,264,Matuail Keranipara,1000,962,1,37,3860,2025,1835,0,110.35,village
26,20,29,,65,488,272,Matuail Khuriapara,845,818,2,25,3537,1898,1639,0,115.8,village
26,20,29,,65,488,304,Matuail Rayerbag,3515,3282,10,223,13918,7401,6513,4,113.63,village
26,20,29,,65,600,,Paradagar (Part)*,3873,3732,3,138,15770,8075,7695,0,104.94,mauza
26,20,29,,65,600,43,Adrashabag,1724,1676,1,47,7054,3561,3493,0,101.95,village
26,20,29,,65,600,68,Dakkhin Momenbag Arabari,1430,1352,1,77,5804,3007,2797,0,107.51,village
26,20,29,,65,600,368,Rahmatpur,719,704,1,14,2912,1507,1405,0,107.26,village
26,20,32,,,,,Kadamtali Thana,108412,102382,147,5883,424217,223789,200401,27,111.67,upazila_thana
26,20,32,,52,,,Ward No. 52,10569,10243,8,318,41955,21660,20295,0,106.73,union_ward
26,20,32,,52,373,,Jurain (Part)*,10569,10243,8,318,41955,21660,20295,0,106.73,mauza
26,20,32,,52,373,192,Haji Lalmia Sarker Road,926,908,1,17,3648,1837,1811,0,101.44,village
26,20,32,,52,373,296,Muradpur Bhabanir Bagicha,671,667,0,4,2456,1265,1191,0,106.21,village
26,20,32,,52,373,304,Muradpur High School Road,1488,1463,1,24,5912,2956,2956,0,100,village
26,20,32,,52,373,320,Muradpur Ideal Road,274,269,0,5,1063,547,516,0,106.01,village
26,20,32,,52,373,328,Muradpur Madrasa Road,2043,1974,3,66,8372,4449,3923,0,113.41,village
26,20,32,,52,373,336,Muradpur Outer Circular Road,194,191,0,3,829,399,430,0,92.79,village
26,20,32,,52,373,448,Rajab Ali Sardar Road,1264,1220,3,41,5417,2855,2562,0,111.44,village
26,20,32,,52,373,508,Muradpur Madrasa Road 2,1761,1686,0,75,6730,3444,3286,0,104.81,village
26,20,32,,52,373,805,Uttar Muradpur Area,1948,1865,0,83,7528,3908,3620,0,107.96,village
26,20,32,,53,,,Ward No. 53,17925,17139,13,773,65764,33811,31952,1,105.82,union_ward
26,20,32,,53,373,,Jurain (Part)*,17925,17139,13,773,65764,33811,31952,1,105.82,mauza
26,20,32,,53,373,16,Al Madina Jame Masjid Road,217,196,0,21,762,379,383,0,98.96,village
26,20,32,,53,373,46,Afsar Karim Road,417,384,0,33,1405,731,674,0,108.46,village
26,20,32,,53,373,68,College Road,405,394,1,10,1620,840,780,0,107.69,village
26,20,32,,53,373,108,Eidgah Masjid Road,328,317,4,7,1198,628,570,0,110.18,village
26,20,32,,53,373,128,Fazil Sardar Road (Pukurpar),698,691,1,6,2877,1430,1447,0,98.83,village
26,20,32,,53,373,168,Haji Kala Mia Sardar Road,290,282,2,6,1097,586,511,0,114.68,village
26,20,32,,53,373,176,Haji Khaja Mahbub Ali Road,398,391,0,7,1302,639,663,0,96.38,village
26,20,32,,53,373,184,Haji Khorshed Ali Sardar Road,2022,1845,1,176,7320,3833,3487,0,109.92,village
26,20,32,,53,373,200,Haji Mir Hossain Miru Road,200,199,0,1,800,399,401,0,99.5,village
26,20,32,,53,373,256,Kusumbag,1531,1504,1,26,5569,2813,2756,0,102.07,village
26,20,32,,53,373,288,Medical Road,737,624,2,111,2840,1635,1205,0,135.68,village
26,20,32,,53,373,312,Muradpur High School Road,233,226,0,7,870,432,438,0,98.63,village
26,20,32,,53,373,348,Nabarun School Road,694,688,0,6,2365,1190,1175,0,101.28,village
26,20,32,,53,373,356,Nabinbag Bank Colony,1696,1661,0,35,6172,3146,3026,0,103.97,village
26,20,32,,53,373,364,No. 1 Sarak,1772,1750,0,22,6510,3284,3226,0,101.8,village
26,20,32,,53,373,372,Nurani Masjid Road,1110,1093,0,17,3933,1935,1998,0,96.85,village
26,20,32,,53,373,456,Rishipara Islamabad Road,1835,1800,1,34,7388,3823,3564,1,107.27,village
26,20,32,,53,373,468,Sabujbag,1468,1317,0,151,4957,2645,2312,0,114.4,village
26,20,32,,53,373,488,Taltala Lane,420,412,0,8,1602,809,793,0,102.02,village
26,20,32,,53,373,548,Wasa Bank Colony,914,887,0,27,3262,1638,1624,0,100.86,village
26,20,32,,53,373,556,Wasa Road,540,478,0,62,1915,996,919,0,108.38,village
26,20,32,,58,,,Ward No. 58,19266,17394,21,1851,69613,38296,31297,20,122.36,union_ward
26,20,32,,58,38,,Alibahar*,2669,2427,4,238,9913,5503,4410,0,124.78,mauza
26,20,32,,58,38,16,Alibahar Army Staff Quarter,115,110,0,5,445,234,211,0,110.9,village
26,20,32,,58,38,54,Alibahar,1805,1706,4,95,7008,3803,3205,0,118.66,village
26,20,32,,58,38,268,Natun Alibahar,749,611,0,138,2460,1466,994,0,147.48,village
26,20,32,,58,411,,Kadamtali*,2134,1781,2,351,7769,4689,3073,7,152.59,mauza
26,20,32,,58,411,208,Kadamtali,2134,1781,2,351,7769,4689,3073,7,152.59,village
26,20,32,,58,709,,Shyampur (Part)*,14463,13186,15,1262,51931,28104,23814,13,118.01,mauza
26,20,32,,58,709,268,Nama Shyampur,5268,4653,6,609,18144,9868,8267,9,119.37,village
26,20,32,,58,709,308,Palpara,2828,2539,8,281,10756,6127,4629,0,132.36,village
26,20,32,,58,709,316,Purba Nama Shyampur,4902,4573,1,328,17495,9216,8275,4,111.37,village
26,20,32,,58,709,376,Shyampur Natun Basti,1465,1421,0,44,5536,2893,2643,0,109.46,village
26,20,32,,59,,,Ward No. 59,14098,13312,33,753,57417,29963,27450,4,109.15,union_ward
26,20,32,,59,411,,Kadamtali (Part)*,14098,13312,33,753,57417,29963,27450,4,109.15,mauza
26,20,32,,59,411,28,Bakchar,91,36,2,53,367,312,55,0,567.27,village
26,20,32,,59,411,48,Chakdaha,508,456,3,49,2059,1153,906,0,127.26,village
26,20,32,,59,411,140,Dhaka Mach,656,490,0,166,2046,1204,842,0,142.99,village
26,20,32,,59,411,216,Kadamtali Industrial Area,460,334,0,126,1588,974,614,0,158.63,village
26,20,32,,59,411,248,Merajnagar (Part),5388,5171,13,204,22546,11643,10902,1,106.8,village
26,20,32,,59,411,256,Mohammadbag,4989,4876,14,99,20436,10409,10025,2,103.83,village
26,20,32,,59,411,308,Purba Kadamtali,2006,1949,1,56,8375,4268,4106,1,103.95,village
26,20,32,,60,,,Ward No. 60,27110,25721,32,1357,108824,57116,51706,2,110.46,union_ward
26,20,32,,60,150,,Dania (Part)*,27110,25721,32,1357,108824,57116,51706,2,110.46,mauza
26,20,32,,60,150,168,Islambag,325,307,1,17,1293,690,603,0,114.43,village
26,20,32,,60,150,188,Janatabag,2260,2061,5,194,9024,4861,4163,0,116.77,village
26,20,32,,60,150,248,Madinabag,2101,2065,1,35,8220,4244,3976,0,106.74,village
26,20,32,,60,150,264,Muktadhara,568,526,5,37,2398,1318,1080,0,122.04,village
26,20,32,,60,150,268,Merajnagar,543,511,1,31,2151,1158,993,0,116.62,village
26,20,32,,60,150,284,Nurpur,6040,5661,5,374,24236,12724,11512,0,110.53,village
26,20,32,,60,150,308,Palashpur,5635,5382,4,249,23144,12099,11043,2,109.56,village
26,20,32,,60,150,316,Paterbag,2368,2273,2,93,9546,4982,4564,0,109.16,village
26,20,32,,60,150,348,Rahmatbag,933,914,0,19,3660,1829,1831,0,99.89,village
26,20,32,,60,150,356,Rasulbag,1837,1651,5,181,7647,4313,3334,0,129.36,village
26,20,32,,60,150,376,Shahjalalbag,729,695,0,34,2900,1453,1447,0,100.41,village
26,20,32,,60,150,384,Smritidhara,2471,2409,2,60,9535,4857,4678,0,103.83,village
26,20,32,,60,150,392,Smritidhara Abasik Elaka,819,795,0,24,3200,1662,1538,0,108.06,village
26,20,32,,60,150,428,Raish Nagar,481,471,1,9,1870,926,944,0,98.09,village
26,20,32,,61,,,Ward No. 61 (Part),11065,10713,16,336,45010,23382,21628,0,108.11,union_ward
26,20,32,,61,150,,Dania (Part)*,11065,10713,16,336,45010,23382,21628,0,108.11,mauza
26,20,32,,61,150,1,Mina Bag,667,650,0,17,2676,1372,1304,0,105.21,village
26,20,32,,61,150,12,Adarsha Road,437,432,0,5,1703,887,816,0,108.7,village
26,20,32,,61,150,68,Dakkhin Dania,4121,4012,6,103,16869,8596,8273,0,103.9,village
26,20,32,,61,150,268,Nayapara,227,204,1,22,906,489,417,0,117.27,village
26,20,32,,61,150,276,Nurbag,1490,1386,3,101,6209,3367,2842,0,118.47,village
26,20,32,,61,150,324,Puratan Dania (Part),2771,2697,4,70,11080,5816,5264,0,110.49,village
26,20,32,,61,150,368,Sarai,1352,1332,2,18,5567,2855,2712,0,105.27,village
26,20,32,,65,,,Ward No. 65 (Part),8379,7860,24,495,35634,19561,16073,0,121.7,union_ward
26,20,32,,65,488,,Matuail (Part)*,8379,7860,24,495,35634,19561,16073,0,121.7,mauza
26,20,32,,65,488,148,Habibnagar,552,528,1,23,2228,1217,1011,0,120.38,village
26,20,32,,65,488,248,Merajnagar (Part),1501,1456,3,42,6170,3179,2991,0,106.29,village
26,20,32,,65,488,272,Giridhara,583,548,2,33,2575,1384,1191,0,116.2,village
26,20,32,,65,488,468,Tushardhara,1696,1577,7,112,8781,5399,3382,0,159.64,village
26,20,32,,65,488,511,Mujahid Nagar,3076,2898,8,170,12481,6593,5888,0,111.97,village
26,20,32,,65,488,715,Shamim Bag,397,361,0,36,1368,706,662,0,106.65,village
26,20,32,,65,488,717,South Matuail Medical,574,492,3,79,2031,1083,948,0,114.24,village
26,20,33,,,,,Kalabagan Thana,32206,26356,37,5813,114258,64431,49823,4,129.32,upazila_thana
26,20,33,,16,,,Ward No. 16,20997,16898,31,4068,77098,43627,33467,4,130.36,union_ward
26,20,33,,16,149,,Dhanmondi (Part)*,20997,16898,31,4068,77098,43627,33467,4,130.36,mauza
26,20,33,,16,149,16,Al Amin Road,575,510,1,64,2149,1196,953,0,125.5,village
26,20,33,,16,149,44,Circular Road,1084,922,1,161,3508,1831,1677,0,109.18,village
26,20,33,,16,149,48,Crescent Road,1572,1359,3,210,6107,3219,2888,0,111.46,village
26,20,33,,16,149,108,Free School Street,3671,2794,4,873,13419,8110,5306,3,152.85,village
26,20,33,,16,149,116,Free School Street Hatirpul,2795,2357,1,437,10120,6044,4076,0,148.28,village
26,20,33,,16,149,128,Green Corner,750,678,1,71,2956,1414,1542,0,91.7,village
26,20,33,,16,149,136,Green Road Purba,1823,1570,9,244,7948,4183,3765,0,111.1,village
26,20,33,,16,149,152,Green Square,770,540,1,229,2775,1407,1368,0,102.85,village
26,20,33,,16,149,236,Kanthal Bagan,2847,2340,6,501,10334,5851,4483,0,130.52,village
26,20,33,,16,149,288,North Circular Road,1404,1296,1,107,5344,2700,2644,0,102.12,village
26,20,33,,16,149,296,North Road,1800,1560,0,240,6150,3091,3059,0,101.05,village
26,20,33,,16,149,404,Sonar Gaon Road (Bir Uttam Cr Datta Sarak)),1906,972,3,931,6288,4581,1706,1,268.52,village
26,20,33,,17,,,Ward No. 17 (Part),11209,9458,6,1745,37160,20804,16356,0,127.19,union_ward
26,20,33,,17,149,,Dhanmondi (Part)*,11209,9458,6,1745,37160,20804,16356,0,127.19,mauza
26,20,33,,17,149,28,"Bashiruddin Road, Uttar Dhanmondi",2935,2434,1,500,9999,5809,4190,0,138.64,village
26,20,33,,17,149,41,Abed Dhali Road,642,526,0,116,2188,1227,961,0,127.68,village
26,20,33,,17,149,144,Green Road Staff Quarter,826,766,2,58,2908,1473,1435,0,102.65,village
26,20,33,,17,149,228,Kalabagan,1173,1060,0,113,3491,1932,1559,0,123.93,village
26,20,33,,17,149,248,Lake Circus,2726,2522,0,204,10159,5379,4780,0,112.53,village
26,20,33,,17,149,328,Pashchim Green Road,2907,2150,3,754,8415,4984,3431,0,145.26,village
26,20,34,,,,,Kamrangichar Thana,97564,92312,95,5157,372302,199448,172839,15,115.4,upazila_thana
26,20,34,,55,,,Ward No. 55,37313,35175,44,2094,144017,77556,66457,4,116.7,union_ward
26,20,34,,55,112,,Char Kamrangi (Part)*,22561,21615,17,929,88288,46803,41484,1,112.82,mauza
26,20,34,,55,112,56,Aminbag,1122,1081,2,39,4436,2356,2080,0,113.27,village
26,20,34,,55,112,148,Hasannagar,5494,5358,1,135,21709,11263,10446,0,107.82,village
26,20,34,,55,112,188,Jaulahati (Part),2503,2432,2,69,9487,4897,4590,0,106.69,village
26,20,34,,55,112,248,Munsihati,1392,1329,1,62,5591,2924,2666,1,109.68,village
26,20,34,,55,112,256,Munsihati Nadirpar,1409,1332,5,72,5777,3092,2685,0,115.16,village
26,20,34,,55,112,268,Nabinagar,3233,3034,3,196,12523,6844,5679,0,120.51,village
26,20,34,,55,112,276,Nayagaon,4349,4169,1,179,16967,9081,7886,0,115.15,village
26,20,34,,55,112,372,Jannatbag,887,875,0,12,3488,1833,1655,0,110.76,village
26,20,34,,55,112,388,Tekerhati,2172,2005,2,165,8310,4513,3797,0,118.86,village
26,20,34,,55,150,,Dakkhin Sonatengar (Part)*,5971,5664,18,289,23704,12985,10719,0,121.14,mauza
26,20,34,,55,150,188,Jhauchar (Part),5971,5664,18,289,23704,12985,10719,0,121.14,village
26,20,34,,55,413,,Kalunagar (Part)*,3989,3668,0,321,14916,8227,6687,2,123.03,mauza
26,20,34,,55,413,188,Jhauchar (Part),1417,1299,0,118,5210,2890,2318,2,124.68,village
26,20,34,,55,413,196,Jhaulahati (Part),2572,2369,0,203,9706,5337,4369,0,122.16,village
26,20,34,,55,523,,Nababchar (Part)*,1528,1428,5,95,6193,3402,2791,0,121.89,mauza
26,20,34,,55,523,248,Munsurbag,768,697,4,67,3177,1780,1397,0,127.42,village
26,20,34,,55,523,368,Sirajnagar,760,731,1,28,3016,1622,1394,0,116.36,village
26,20,34,,55,710,,Sreekhanda*,353,346,1,6,1420,774,646,0,119.81,mauza
26,20,34,,55,710,188,Jhauchar (Part),353,346,1,6,1420,774,646,0,119.81,village
26,20,34,,55,785,,Uttar Sonatengar (Part)*,2911,2454,3,454,9496,5365,4130,1,129.9,mauza
26,20,34,,55,785,188,Jhauchar (Part),2911,2454,3,454,9496,5365,4130,1,129.9,village
26,20,34,,56,,,Ward No. 56,37237,35299,28,1910,138848,73515,65329,4,112.53,union_ward
26,20,34,,56,411,,Kamrangirchar (Part)*,32759,31036,24,1699,122444,64586,57854,4,111.64,mauza
26,20,34,,56,411,28,Baragram,4261,4039,4,218,15978,8330,7646,2,108.95,village
26,20,34,,56,411,54,Alinagar,4577,4222,7,348,16631,8894,7737,0,114.95,village
26,20,34,,56,411,68,Dakkhin Rasulpur,2039,1990,0,49,7583,3946,3637,0,108.5,village
26,20,34,,56,411,168,Islamnagar,7102,6703,4,395,26810,14097,12712,1,110.9,village
26,20,34,,56,411,316,Pashchim Borogram,1071,1015,1,55,4117,2158,1959,0,110.16,village
26,20,34,,56,411,324,Pashchim Rasulpur,6975,6733,2,240,26228,13708,12520,0,109.49,village
26,20,34,,56,411,332,Purba Rasulpur,6734,6334,6,394,25097,13453,11643,1,115.55,village
26,20,34,,56,523,,Nababchar (Part)*,4478,4263,4,211,16404,8929,7475,0,119.45,mauza
26,20,34,,56,523,148,Huzurpara,2680,2527,1,152,9805,5319,4486,0,118.57,village
26,20,34,,56,523,308,Pashchim Ashrafabad,1798,1736,3,59,6599,3610,2989,0,120.78,village
26,20,34,,57,,,Ward No. 57,23014,21838,23,1153,89437,48377,41053,7,117.84,union_ward
26,20,34,,57,112,,Char Kamrangi (Part)*,15322,14661,10,651,59651,32176,27475,0,117.11,mauza
26,20,34,,57,112,48,Ahsanbag,1321,1281,0,40,4718,2538,2180,0,116.42,village
26,20,34,,57,112,49,Asrafabad,940,920,0,20,3855,2055,1800,0,114.17,village
26,20,34,,57,112,133,Comillapara,232,159,1,72,960,596,364,0,163.74,village
26,20,34,,57,112,178,Dukhuria,911,879,1,31,3509,1855,1654,0,112.15,village
26,20,34,,57,112,298,Haslai,1559,1448,1,110,6343,3448,2895,0,119.1,village
26,20,34,,57,112,372,Jangal Bari,1790,1722,2,66,7303,3906,3397,0,114.98,village
26,20,34,,57,112,483,Madrashapara,1542,1484,0,58,5931,3342,2589,0,129.08,village
26,20,34,,57,112,502,Mominbagh,4441,4351,1,89,16526,8745,7781,0,112.39,village
26,20,34,,57,112,511,Muslimbag,1671,1598,2,71,6865,3655,3210,0,113.86,village
26,20,34,,57,112,668,Rahamatbag,915,819,2,94,3641,2036,1605,0,126.85,village
26,20,34,,57,345,,Bakchan Kha*,7692,7177,13,502,29786,16201,13578,7,119.32,mauza
26,20,34,,57,345,364,Ibrahimnagar(Balumath),4017,3677,5,335,15645,8653,6986,6,123.86,village
26,20,34,,57,345,409,Karimabad,1652,1551,5,96,6395,3496,2899,0,120.59,village
26,20,34,,57,345,531,Nizambag,1028,985,2,41,3929,2064,1865,0,110.67,village
26,20,34,,57,345,548,Nurbag,995,964,1,30,3817,1988,1828,1,108.75,village
26,20,36,,,,,Khilgaon Thana,99235,94055,121,5059,380747,202325,178415,7,113.4,upazila_thana
26,20,36,,1,,,Ward No. 01,17949,16775,25,1149,70477,37829,32648,0,115.87,union_ward
26,20,36,,1,710,,Shahar Khilgaon*,17949,16775,25,1149,70477,37829,32648,0,115.87,mauza
26,20,36,,1,710,208,Khilgaon Block-A,4159,3860,6,293,15670,8441,7229,0,116.77,village
26,20,36,,1,710,216,Khilgaon Block-C,7122,6541,11,570,28209,15371,12838,0,119.73,village
26,20,36,,1,710,328,Provatibag,691,643,1,47,2549,1296,1253,0,103.43,village
26,20,36,,1,710,408,Tarabag,1154,1086,1,67,4384,2337,2047,0,114.17,village
26,20,36,,1,710,416,Tilpapara,4823,4645,6,172,19665,10384,9281,0,111.88,village
26,20,36,,2,,,Ward No. 02,27541,26510,26,1005,105460,54970,50486,4,108.88,union_ward
26,20,36,,2,261,,Goran*,27541,26510,26,1005,105460,54970,50486,4,108.88,mauza
26,20,36,,2,261,43,Adarashabag,2854,2730,0,124,11292,5925,5367,0,110.4,village
26,20,36,,2,261,68,Dakkhin Banasree (Project),3022,2940,3,79,11705,6136,5569,0,110.18,village
26,20,36,,2,261,76,Dakkhin Goran,6201,6022,5,174,23285,12089,11196,0,107.98,village
26,20,36,,2,261,268,Nabinbag,751,698,1,52,2744,1579,1165,0,135.54,village
26,20,36,,2,261,308,Purba Goran,8447,8128,8,311,31954,16638,15316,0,108.63,village
26,20,36,,2,261,368,Shantipur,2268,2191,2,75,8724,4477,4243,4,105.51,village
26,20,36,,2,261,376,Sipahibag,1180,1109,2,69,4396,2292,2104,0,108.94,village
26,20,36,,2,261,408,Uttar Goran,2818,2692,5,121,11360,5834,5526,0,105.57,village
26,20,36,,3,,,Ward No. 03,43067,40668,54,2345,161609,86262,75344,3,114.49,union_ward
26,20,36,,3,485,,Meradia*,43066,40668,54,2344,161608,86261,75344,3,114.49,mauza
26,20,36,,3,485,3,Uttar Banasree Block-D (Part),1448,1428,0,20,5663,2979,2684,0,110.99,village
26,20,36,,3,485,4,Uttar Banasree Block-N,74,59,0,15,235,138,97,0,142.27,village
26,20,36,,3,485,5,Uttar Banasree Block-M,97,93,0,4,400,200,200,0,100,village
26,20,36,,3,485,57,Angarjora,224,210,0,14,895,485,410,0,118.29,village
26,20,36,,3,485,68,Dakkhin Banasree (Project),8456,8106,14,336,32562,16871,15691,0,107.52,village
26,20,36,,3,485,248,Meradia Bhuiyanpara,9856,9175,13,668,36950,20212,16735,3,120.78,village
26,20,36,,3,485,256,Meradia Haji Ansaribag,4483,4243,4,236,15840,8366,7474,0,111.93,village
26,20,36,,3,485,264,Meradia Madhyapara,4544,4276,4,264,16146,8657,7489,0,115.6,village
26,20,36,,3,485,272,Meradia Nayapara,5469,5110,7,352,20798,11407,9391,0,121.47,village
26,20,36,,3,485,428,Uttar Banasree Block-E,2939,2797,5,137,11194,5797,5397,0,107.41,village
26,20,36,,3,485,436,Uttar Banasree Block-F,2046,1968,4,74,7747,4180,3567,0,117.19,village
26,20,36,,3,485,444,Uttar Banasree Block-G,1761,1651,2,108,6774,3639,3135,0,116.08,village
26,20,36,,3,485,452,Uttar Banasree Block-H,1156,1086,1,69,4451,2320,2131,0,108.87,village
26,20,36,,3,485,805,Uttar Banasree Block-J,513,466,0,47,1953,1010,943,0,107.1,village
26,20,36,,3,785,,Uttar Meradia*,1,0,0,1,1,1,0,0,0,mauza
26,20,36,,3,785,57,Angarjora,1,0,0,1,1,1,0,0,0,village
26,20,36,,74,,,Ward No. 74 (Part),2531,2314,4,213,9001,4915,4086,0,120.29,union_ward
26,20,36,,74,523,,Nandipara (Part)*,2531,2314,4,213,9001,4915,4086,0,120.29,mauza
26,20,36,,74,523,205,Dakkhin Banasree,1070,1006,0,64,3798,2027,1771,0,114.46,village
26,20,36,,74,523,348,Rasulbag,1461,1308,4,149,5203,2888,2315,0,124.75,village
26,20,36,,75,,,Ward No. 75,8147,7788,12,347,34200,18349,15851,0,115.76,union_ward
26,20,36,,75,260,,Gazaria*,1378,1333,3,42,6182,3234,2948,0,109.7,mauza
26,20,36,,75,260,28,Babur Jayga,181,179,0,2,806,428,378,0,113.23,village
26,20,36,,75,260,36,Balurpar,313,307,1,5,1341,686,655,0,104.73,village
26,20,36,,75,260,68,Daserkandi,578,545,1,32,2562,1344,1218,0,110.34,village
26,20,36,,75,260,108,Fakirkhali,117,116,1,0,605,319,286,0,111.54,village
26,20,36,,75,260,168,Idarkandi,189,186,0,3,868,457,411,0,111.19,village
26,20,36,,75,262,,Gouranagar*,625,607,0,18,2588,1336,1252,0,106.71,mauza
26,20,36,,75,262,128,Gouranagar,625,607,0,18,2588,1336,1252,0,106.71,village
26,20,36,,75,523,,Nandipara (Part)*,5276,4993,8,275,21440,11720,9720,0,120.58,mauza
26,20,36,,75,523,37,Aftabnagar,66,50,1,15,516,444,72,0,616.67,village
26,20,36,,75,523,228,Lionhati,262,252,0,10,1096,585,511,0,114.48,village
26,20,36,,75,523,268,Nagdarpara,261,255,0,6,1147,586,561,0,104.46,village
26,20,36,,75,523,368,Sheikher Jayga,900,840,1,59,3701,1940,1761,0,110.16,village
26,20,36,,75,523,388,Trimohani Jorbhita Imambag,676,658,2,16,2640,1452,1188,0,122.22,village
26,20,36,,75,523,396,Trimohani Majhpara,646,620,0,26,2357,1237,1120,0,110.45,village
26,20,36,,75,523,404,Trimohani Pashchimpara,967,911,1,55,3655,1978,1677,0,117.95,village
26,20,36,,75,523,412,Trimohani Purbapara,311,301,0,10,1224,649,575,0,112.87,village
26,20,36,,75,523,420,Trimohani Tekpara,400,373,1,26,1655,895,760,0,117.76,village
26,20,36,,75,523,428,Trimohani Uttarpara,434,419,1,14,1927,1017,910,0,111.76,village
26,20,36,,75,523,695,Trimohini Uttar Gaon,353,314,1,38,1522,937,585,0,160.17,village
26,20,36,,75,524,,Nasirabad*,868,855,1,12,3990,2059,1931,0,106.63,mauza
26,20,36,,75,524,268,Nasirabad,868,855,1,12,3990,2059,1931,0,106.63,village
26,20,40,,,,,Kotwali Thana,11137,8579,23,2535,49085,29257,19828,0,147.55,upazila_thana
26,20,40,,32,,,Ward No. 32 (Part),2268,1514,4,750,9161,6095,3066,0,198.79,union_ward
26,20,40,,32,149,,Dhaka (Part)*,2268,1514,4,750,9161,6095,3066,0,198.79,mauza
26,20,40,,32,149,16,Akmal Khan Road,77,40,0,37,246,182,64,0,284.38,village
26,20,40,,32,149,136,Gopinath Datta Kabiraj Street,17,9,0,8,77,46,31,0,148.39,village
26,20,40,,32,149,172,Haybatnagar Dewan Saheb Lane,97,83,1,13,381,224,157,0,142.68,village
26,20,40,,32,149,224,Jumrail Lane,82,28,0,54,294,227,67,0,338.81,village
26,20,40,,32,149,244,Kazi Ziauddin Road,156,41,0,115,649,563,86,0,654.65,village
26,20,40,,32,149,448,Roybahadur Ishwar Chandra Ghosh Street,303,158,2,143,1366,1042,324,0,321.6,village
26,20,40,,32,149,456,Shahjada Mia Lane,280,228,0,52,1192,723,469,0,154.16,village
26,20,40,,32,149,496,Syed Hasan Ali Lane,256,180,0,76,1071,701,370,0,189.46,village
26,20,40,,32,149,555,P.K.Roy Lane,135,68,0,67,464,344,120,0,286.67,village
26,20,40,,32,149,628,Zindabahar First Lane,315,200,1,114,1138,742,396,0,187.37,village
26,20,40,,32,149,636,Zindabahar Second Lane,445,394,0,51,1823,1042,781,0,133.42,village
26,20,40,,32,149,644,Zindabahar Third Lane,105,85,0,20,460,259,201,0,128.86,village
26,20,40,,36,,,Ward No. 36,6098,4954,7,1137,25734,15274,10460,0,146.02,union_ward
26,20,40,,36,149,,Dhaka (Part)*,6098,4954,7,1137,25734,15274,10460,0,146.02,mauza
26,20,40,,36,149,24,Ashek Jamadar Lane,364,268,1,95,1721,1121,600,0,186.83,village
26,20,40,,36,149,56,Court House Street,336,288,0,48,1393,815,578,0,141,village
26,20,40,,36,149,236,Kailas Ghosh Lane,372,323,0,49,1577,839,738,0,113.69,village
26,20,40,,36,149,308,Nabaray Lane,119,89,0,30,596,382,214,0,178.5,village
26,20,40,,36,149,372,Prasanna Poddar Lane,693,596,1,96,2723,1585,1138,0,139.28,village
26,20,40,,36,149,408,Radhika Mohan Basak Lane,601,484,0,117,2302,1323,979,0,135.14,village
26,20,40,,36,149,416,Rajar Deury,439,412,0,27,1805,915,890,0,102.81,village
26,20,40,,36,149,424,Rakhalchandra Basak Lane,356,302,0,54,1433,793,640,0,123.91,village
26,20,40,,36,149,428,Kotowali Road,392,149,2,241,2157,1827,330,0,553.64,village
26,20,40,,36,149,464,Shankhari Bazar Road,572,556,0,16,2259,1156,1103,0,104.81,village
26,20,40,,36,149,488,Syed Awlad Hossain Lane,368,277,0,91,1664,1021,643,0,158.79,village
26,20,40,,36,149,528,Utsab Poddar Lane,340,327,0,13,1414,748,666,0,112.31,village
26,20,40,,36,149,594,Panni Tola,241,177,0,64,952,560,392,0,142.86,village
26,20,40,,36,149,668,Rayshaheb Bazar,43,22,2,19,308,170,138,0,123.19,village
26,20,40,,36,149,742,Tanti Bazar,862,684,1,177,3430,2019,1411,0,143.09,village
26,20,40,,37,,,Ward No. 37,2771,2111,12,648,14190,7888,6302,0,125.17,union_ward
26,20,40,,37,149,,Dhaka (Part)*,2771,2111,12,648,14190,7888,6302,0,125.17,mauza
26,20,40,,37,149,49,Ahsanullah Road(Nababbari),597,300,2,295,2246,1614,632,0,255.38,village
26,20,40,,37,149,128,Gl Garth Lane,34,34,0,0,221,138,83,0,166.27,village
26,20,40,,37,149,164,Hawkers Market,21,0,0,21,97,97,0,0,0,village
26,20,40,,37,149,228,Kabiraj Lane,165,114,0,51,649,404,245,0,164.9,village
26,20,40,,37,149,252,Kumartuli Lane,89,84,0,5,339,181,158,0,114.56,village
26,20,40,,37,149,316,North Brook Hall Road,130,93,2,35,957,774,183,0,422.95,village
26,20,40,,37,149,348,Patuatuli Lane,340,305,1,34,1462,869,593,0,146.54,village
26,20,40,,37,149,356,Patuatuli Road,146,48,4,94,770,675,95,0,710.53,village
26,20,40,,37,149,364,Pk Roy Road Banglabazar,50,44,1,5,2012,118,1894,0,6.23,village
26,20,40,,37,149,372,Jagannath University,62,42,1,19,270,167,103,0,162.14,village
26,20,40,,37,149,432,Ramakanta Nandi Lane,232,179,1,52,1024,641,383,0,167.36,village
26,20,40,,37,149,472,Shankhari Bazar Road,546,530,0,16,2181,1116,1065,0,104.79,village
26,20,40,,37,149,480,Simpson Road,359,338,0,21,1962,1094,868,0,126.04,village
26,20,42,,,,,Lalbag Thana,47920,44299,63,3558,186025,94901,91124,0,104.14,upazila_thana
26,20,42,,23,,,Ward No. 23,12568,11548,8,1012,47010,24938,22072,0,112.98,union_ward
26,20,42,,23,301,,Hazaribag (Part)*,9073,8623,5,445,33440,17594,15846,0,111.03,mauza
26,20,42,,23,301,41,Abdul Aziz Lane,1030,938,3,89,4070,2204,1866,0,118.11,village
26,20,42,,23,301,68,Duri Angul Lane,1532,1477,1,54,5846,3087,2759,0,111.89,village
26,20,42,,23,301,156,Hossain Uddin Khan 1st Lane,1271,1223,0,48,4164,2171,1993,0,108.93,village
26,20,42,,23,301,164,Hossain Uddin Khan 2nd Lane,592,553,0,39,2277,1209,1068,0,113.2,village
26,20,42,,23,301,208,Kashmiritola Lane,334,322,0,12,1280,657,623,0,105.46,village
26,20,42,,23,301,236,Lalbag Road (Part),1527,1423,0,104,5639,2872,2767,0,103.79,village
26,20,42,,23,301,252,Lalitmohan Das Lane,459,434,0,25,1681,862,819,0,105.25,village
26,20,42,,23,301,268,Mc Ray Lane,428,414,0,14,1593,823,770,0,106.88,village
26,20,42,,23,301,276,Medical Staff Quarter,134,134,0,0,481,233,248,0,93.95,village
26,20,42,,23,301,288,Nababganj Lane,993,969,0,24,3348,1867,1481,0,126.06,village
26,20,42,,23,301,296,Nababganj Road,733,696,1,36,2966,1559,1407,0,110.8,village
26,20,42,,23,301,404,Subaldas Road (Part),40,40,0,0,95,50,45,0,111.11,village
26,20,42,,23,522,,Natun Paltan Line*,3495,2925,3,567,13570,7344,6226,0,117.96,mauza
26,20,42,,23,522,268,Natun Paltan Line,3054,2497,2,555,11995,6580,5415,0,121.51,village
26,20,42,,23,522,308,Pilkhana Road,441,428,1,12,1575,764,811,0,94.2,village
26,20,42,,24,,,Ward No. 24,16568,15759,15,794,64277,33891,30386,0,111.53,union_ward
26,20,42,,24,301,,Hazaribag (Part)*,16568,15759,15,794,64277,33891,30386,0,111.53,mauza
26,20,42,,24,301,188,Jagannath Saha Road,3927,3718,4,205,15389,7898,7491,0,105.43,village
26,20,42,,24,301,376,Rajnarayan Dhar Road,4779,4451,5,323,19059,10279,8780,0,117.07,village
26,20,42,,24,301,388,Shahidnagar,7862,7590,6,266,29829,15714,14115,0,111.33,village
26,20,42,,25,,,Ward No. 25,8278,7337,15,926,31420,16427,14993,0,109.56,union_ward
26,20,42,,25,301,,Hazaribag (Part)*,8278,7337,15,926,31420,16427,14993,0,109.56,mauza
26,20,42,,25,301,16,Atashkhan Lane,356,278,1,77,1257,703,554,0,126.9,village
26,20,42,,25,301,128,Gangaram Bazar Lane,491,432,2,57,1857,952,905,0,105.19,village
26,20,42,,25,301,148,Haramohan Shil Street,290,271,1,18,1256,672,584,0,115.07,village
26,20,42,,25,301,150,Dakshin Lal Bagroad(Part),555,521,0,34,2280,1139,1141,0,99.82,village
26,20,42,,25,301,196,Jagannath Saha Road (Part),1325,1242,1,82,5187,2625,2562,0,102.46,village
26,20,42,,25,301,216,Kazi Riazuddin Road,1012,976,9,27,4202,2284,1918,0,119.08,village
26,20,42,,25,301,228,Lalbag Durga,92,87,1,4,397,207,190,0,108.95,village
26,20,42,,25,301,244,Lalbag Road (Part),1419,1130,0,289,4805,2657,2148,0,123.7,village
26,20,42,,25,301,304,Nagar Beltali Lane,617,605,0,12,2405,1225,1180,0,103.81,village
26,20,42,,25,301,328,Pushparaj Saha Lane,136,136,0,0,476,270,206,0,131.07,village
26,20,42,,25,301,368,Raja Sreenath Street,147,126,0,21,465,256,209,0,122.49,village
26,20,42,,25,301,396,Sheikh Saheb Bazar Road,1174,927,0,247,4322,2187,2135,0,102.44,village
26,20,42,,25,301,412,Subaldas Road (Part),664,606,0,58,2511,1250,1261,0,99.13,village
26,20,42,,26,,,Ward No. 26,10506,9655,25,826,43318,19645,23673,0,82.98,union_ward
26,20,42,,26,447,,Lalbag (Part)*,10506,9655,25,826,43318,19645,23673,0,82.98,mauza
26,20,42,,26,447,16,Azimpur Road-1,399,353,7,39,1712,1012,700,0,144.57,village
26,20,42,,26,447,24,Azimpur Road-2,2456,2289,2,165,8619,4416,4203,0,105.07,village
26,20,42,,26,447,28,Bc Das Street,642,607,0,35,2228,1174,1054,0,111.39,village
26,20,42,,26,447,112,Dhakeshwari Road,968,897,0,71,3642,1908,1734,0,110.03,village
26,20,42,,26,447,148,Home Economics College & Hostel,31,30,1,0,521,40,481,0,8.32,village
26,20,42,,26,447,150,Dakkhin Palashi Barack,95,0,0,95,97,96,1,0,9600,village
26,20,42,,26,447,191,Eden Girls College & Hostel,60,46,10,4,4286,106,4180,0,2.54,village
26,20,42,,26,447,308,Purba Azimpur Estate,193,191,0,2,646,315,331,0,95.17,village
26,20,42,,26,447,348,Rasulbag,1485,1319,1,165,5886,3133,2753,0,113.8,village
26,20,42,,26,447,416,Uttar Lalbag Road,856,738,0,118,3168,1693,1475,0,114.78,village
26,20,42,,26,447,417,Dakkhin Azimpur Estate,2563,2453,0,110,9347,4210,5137,0,81.95,village
26,20,42,,26,447,432,Pashchim Palashi Staff Quarter,260,260,0,0,1087,489,598,0,81.77,village
26,20,42,,26,447,448,Purba Palashi,77,77,0,0,295,149,146,0,102.05,village
26,20,42,,26,447,805,Uttar Azimpur Estate,421,395,4,22,1784,904,880,0,102.73,village
26,20,54,,,,,Motijheel Thana,22441,15645,31,6765,83588,53040,30517,31,173.8,upazila_thana
26,20,54,,8,,,Ward No. 08,9071,6604,16,2451,32863,20260,12575,28,161.11,union_ward
26,20,54,,8,593,,Pashchim Shahar Khilgaon*,9071,6604,16,2451,32863,20260,12575,28,161.11,mauza
26,20,54,,8,593,28,Bangladesh Bank Colony,38,24,0,14,136,78,58,0,134.48,village
26,20,54,,8,593,68,Dakkhin Kamalapur,4488,2621,4,1863,14594,9874,4692,28,210.44,village
26,20,54,,8,593,128,Gopibag (1st Gali To 6th Gali),2582,2268,2,312,9911,5490,4421,0,124.18,village
26,20,54,,8,593,224,Kamalapur Railway Station,24,4,2,18,238,210,28,0,750,village
26,20,54,,8,593,248,Motijheel B-Railway Bayrak,60,45,0,15,215,144,71,0,202.82,village
26,20,54,,8,593,368,Sonali Bank Colony,82,82,0,0,295,161,134,0,120.15,village
26,20,54,,8,593,408,Uttar Kamalapur,1797,1560,8,229,7474,4303,3171,0,135.7,village
26,20,54,,9,,,Ward No. 09,8505,4416,8,4081,30296,21968,8326,2,263.85,union_ward
26,20,54,,9,482,,Motijheel (Part)*,8505,4416,8,4081,30296,21968,8326,2,263.85,mauza
26,20,54,,9,482,28,Bangabhaban & Bangabhaban Staff Quarter,224,203,1,20,1057,633,424,0,149.29,village
26,20,54,,9,482,63,Arambag,3278,1615,2,1661,11180,8049,3131,0,257.07,village
26,20,54,,9,482,68,Dilkusha C/A,193,35,0,158,320,277,43,0,644.19,village
26,20,54,,9,482,108,Fakirapul Bazar Elaka,4316,2310,2,2004,15328,11051,4275,2,258.5,village
26,20,54,,9,482,116,Fakirapul Dit Extention Road,238,139,0,99,952,632,320,0,197.5,village
26,20,54,,9,482,256,Motijheel C/A Toyenbee Circular Road,256,114,3,139,1459,1326,133,0,996.99,village
26,20,54,,10,,,Ward No. 10,4865,4625,7,233,20429,10812,9616,1,112.44,union_ward
26,20,54,,10,482,,Motijheel (Part)*,4865,4625,7,233,20429,10812,9616,1,112.44,mauza
26,20,54,,10,482,36,Bank Colony,225,223,1,1,987,490,497,0,98.59,village
26,20,54,,10,482,248,Motijheel Colony,3546,3394,5,147,15044,7907,7136,1,110.8,village
26,20,54,,10,482,308,Postal Colony,697,637,0,60,2794,1489,1305,0,114.1,village
26,20,54,,10,482,388,T&T Colony,397,371,1,25,1604,926,678,0,136.58,village
26,20,57,,,,,Mugda Thana,55755,52561,85,3109,208974,111752,97212,10,114.96,upazila_thana
26,20,57,,6,,,Ward No. 06,19134,17952,21,1161,72195,38230,33965,0,112.56,union_ward
26,20,57,,6,597,,Purba Brahmanchiran*,19134,17952,21,1161,72195,38230,33965,0,112.56,mauza
26,20,57,,6,597,28,Bank Colony,591,557,0,34,2283,1191,1092,0,109.07,village
26,20,57,,6,597,68,Dakkhin Mugdapara,6417,5952,7,458,24140,13028,11112,0,117.24,village
26,20,57,,6,597,188,Jhilpar,2277,2130,6,141,8875,4621,4254,0,108.63,village
26,20,57,,6,597,208,Khalpar,2149,2036,0,113,7770,4029,3741,0,107.7,village
26,20,57,,6,597,248,Madinabag,3303,3220,2,81,12764,6598,6166,0,107.01,village
26,20,57,,6,597,256,Mugdapara,679,592,3,84,2578,1394,1184,0,117.74,village
26,20,57,,6,597,308,Pdb Colony,85,74,0,11,289,163,126,0,129.37,village
26,20,57,,6,597,408,Uttar Mugdapara,1884,1721,1,162,6821,3706,3115,0,118.97,village
26,20,57,,6,597,448,Wasa Road,364,339,0,25,1379,732,647,0,113.14,village
26,20,57,,6,597,508,Zannatbag,1385,1331,2,52,5296,2768,2528,0,109.49,village
26,20,57,,7,,,Ward No. 07,14185,13158,28,999,56424,31032,25390,2,122.22,union_ward
26,20,57,,7,75,,Brahmanchiran (Part)*,12621,11693,28,900,50622,27825,22795,2,122.07,mauza
26,20,57,,7,75,248,Maniknagar Miazan Lane,943,862,4,77,3722,2138,1584,0,134.97,village
26,20,57,,7,75,308,Dakkhin Maniknagar Anandadhara,981,816,3,162,3858,2232,1626,0,137.27,village
26,20,57,,7,75,316,Purba Maniknagar,4306,3964,9,333,17109,9474,7634,1,124.1,village
26,20,57,,7,75,408,Uttar Maniknagar,6391,6051,12,328,25933,13981,11951,1,116.99,village
26,20,57,,7,409,,Kazirbag*,1564,1465,0,99,5802,3207,2595,0,123.58,mauza
26,20,57,,7,409,208,Kazirbag,1564,1465,0,99,5802,3207,2595,0,123.58,village
26,20,57,,71,,,Ward No. 71,14977,14353,31,593,52781,27979,24794,8,112.85,union_ward
26,20,57,,71,484,,Manda*,14977,14353,31,593,52781,27979,24794,8,112.85,mauza
26,20,57,,71,484,68,Dakkhin Manda,14977,14353,31,593,52781,27979,24794,8,112.85,village
26,20,57,,72,,,Ward No. 72,7459,7098,5,356,27574,14511,13063,0,111.08,union_ward
26,20,57,,72,484,,Manda*,7459,7098,5,356,27574,14511,13063,0,111.08,mauza
26,20,57,,72,484,408,Uttar Manda,7459,7098,5,356,27574,14511,13063,0,111.08,village
26,20,63,,,,,Newmarket Thana,11857,9824,43,1990,54220,30956,23254,10,133.12,upazila_thana
26,20,63,,18,,,Ward No. 18,11857,9824,43,1990,54220,30956,23254,10,133.12,union_ward
26,20,63,,18,149,,Dhanmondi*,11857,9824,43,1990,54220,30956,23254,10,133.12,mauza
26,20,63,,18,149,28,Bangladesh-Kuwait Maitri Hall,67,32,3,32,1787,221,1566,0,14.11,village
26,20,63,,18,149,44,Bgb Pilkhana,1603,1564,10,29,8418,5337,3081,0,173.22,village
26,20,63,,18,149,48,"College Street, Govt. Laboratory School Area",713,530,11,172,4980,3702,1278,0,289.67,village
26,20,63,,18,149,72,Ayub Ali Colony Rahim Square,378,96,0,282,1331,1172,159,0,737.11,village
26,20,63,,18,149,88,Elephant Road(Sahid Janani Imam Sarani),3416,2918,3,495,14016,7745,6261,10,123.7,village
26,20,63,,18,149,208,Kantaban (Part),239,184,1,54,1394,441,953,0,46.27,village
26,20,63,,18,149,248,Mirpur Road,871,707,3,161,3716,1919,1797,0,106.79,village
26,20,63,,18,149,268,New Elephant Road (Dr. Kudrat-E Khuda Road),1473,1296,0,177,6172,3485,2687,0,129.7,village
26,20,63,,18,149,276,New Market,155,149,3,3,631,315,316,0,99.68,village
26,20,63,,18,149,284,Nilkhet Babupura,75,62,0,13,324,205,119,0,172.27,village
26,20,63,,18,149,292,Nilkhet Road,360,251,5,104,1415,910,505,0,180.2,village
26,20,63,,18,149,388,Sahidmunir Chawdhori Road),2087,1774,4,309,8392,4407,3985,0,110.59,village
26,20,63,,18,149,396,Science Laboratoy Staff Quarter,420,261,0,159,1644,1097,547,0,200.55,village
26,20,65,,,,,Paltan Thana,12313,10480,50,1783,53914,30978,22936,0,135.06,upazila_thana
26,20,65,,13,,,Ward No. 13,11961,10205,49,1707,52585,30262,22323,0,135.56,union_ward
26,20,65,,13,594,,Purana Paltan Line*,11961,10205,49,1707,52585,30262,22323,0,135.56,mauza
26,20,65,,13,594,28,Baitul Mukarram Elaka,46,0,0,46,137,131,6,0,2183.33,village
26,20,65,,13,594,36,Bijoynagar,237,189,0,48,901,492,409,0,120.29,village
26,20,65,,13,594,48,Chamelibag Aminbag,1712,1523,1,188,6882,3504,3378,0,103.73,village
26,20,65,,13,594,128,Gpo,14,2,2,10,59,46,13,0,353.85,village
26,20,65,,13,594,136,Gulistan,2,0,0,2,14,12,2,0,600,village
26,20,65,,13,594,268,Naya Paltan,1978,1521,13,444,8347,5076,3271,0,155.18,village
26,20,65,,13,594,308,Purana Paltan,842,676,0,166,3066,1684,1382,0,121.85,village
26,20,65,,13,594,316,Purana Paltan Lane,1605,1281,5,319,5993,3433,2560,0,134.1,village
26,20,65,,13,594,348,Rajarbag Police Line,421,292,18,111,5522,4486,1036,0,433.01,village
26,20,65,,13,594,368,Shantinagar,4912,4539,8,365,20222,10408,9814,0,106.05,village
26,20,65,,13,594,376,Razarbag Police Hospital,187,182,2,3,1195,799,396,0,201.77,village
26,20,65,,13,594,384,Stadium Area,5,0,0,5,247,191,56,0,341.07,village
26,20,65,,19,,,Ward No. 19 (Part),341,275,0,66,1241,634,607,0,104.45,union_ward
26,20,65,,19,410,,Kakrail (Part)*,341,275,0,66,1241,634,607,0,104.45,mauza
26,20,65,,19,410,208,Kakrail (Part),341,275,0,66,1241,634,607,0,104.45,village
26,20,65,,20,,,Ward No. 20 (Part),11,0,1,10,88,82,6,0,1366.67,union_ward
26,20,65,,20,668,,Ramna (Part)*,11,0,1,10,88,82,6,0,1366.67,mauza
26,20,65,,20,668,28,Bangabandhu Avenue (Part),11,0,1,10,88,82,6,0,1366.67,village
26,20,66,,,,,Ramna Thana,14589,12932,24,1633,56759,27340,29419,0,92.93,upazila_thana
26,20,66,,19,,,Ward No. 19 (Part),14589,12932,24,1633,56759,27340,29419,0,92.93,union_ward
26,20,66,,19,76,,Bara Magbazar*,3000,2594,7,399,12231,5965,6266,0,95.2,mauza
26,20,66,,19,76,56,Aminabad Colony Estern Housing,394,357,0,37,1662,685,977,0,70.11,village
26,20,66,,19,76,268,New Eskatan,2606,2237,7,362,10569,5280,5289,0,99.83,village
26,20,66,,19,410,,Kakrail (Part)*,2894,2353,6,535,11461,6172,5289,0,116.7,mauza
26,20,66,,19,410,28,Baja Kakrail,552,493,3,56,1930,1191,739,0,161.16,village
26,20,66,,19,410,48,Circuit House Road,1137,853,1,283,3937,1981,1956,0,101.28,village
26,20,66,,19,410,148,Hair Road,153,97,1,55,1097,641,456,0,140.57,village
26,20,66,,19,410,208,Kakrail,591,565,1,25,2614,1275,1339,0,95.22,village
26,20,66,,19,410,248,Mintu Road,164,104,0,60,657,436,221,0,197.29,village
26,20,66,,19,410,368,Sabjibagan (Pwd Staff Quarter),297,241,0,56,1226,648,578,0,112.11,village
26,20,66,,19,707,,Shahar Khilgaon (Part)*,1487,1295,1,191,5076,2615,2461,0,106.26,mauza
26,20,66,,19,707,308,Pashchim Malibag,1487,1295,1,191,5076,2615,2461,0,106.26,village
26,20,66,,19,709,,Siddheshwari (Part)*,7208,6690,10,508,27991,12588,15403,0,81.72,mauza
26,20,66,,19,709,28,Baily Road,696,623,0,73,2757,1153,1604,0,71.88,village
26,20,66,,19,709,36,Baily Square Road,427,375,2,50,1540,824,716,0,115.08,village
26,20,66,,19,709,76,Bara Maghbazar,1884,1751,7,126,7733,3388,4345,0,77.97,village
26,20,66,,19,709,368,Siddheshwari Circular Road,853,775,0,78,3204,1459,1745,0,83.61,village
26,20,66,,19,709,376,Siddheshwari Lane,355,336,0,19,1444,635,809,0,78.49,village
26,20,66,,19,709,384,Siddheshwari Road,945,924,0,21,3320,1491,1829,0,81.52,village
26,20,66,,19,709,716,Siddheshwari(P),2048,1906,1,141,7993,3638,4355,0,83.54,village
26,20,68,,,,,Sabujbag Thana,66456,63757,79,2620,258518,135390,123125,3,109.96,upazila_thana
26,20,68,,4,,,Ward No. 04,22353,21495,27,831,87903,45856,42047,0,109.06,union_ward
26,20,68,,4,669,,Rajarbag (Part)*,22353,21495,27,831,87903,45856,42047,0,109.06,mauza
26,20,68,,4,669,28,Basabo Wahab Colony,1874,1763,3,108,6756,3623,3133,0,115.64,village
26,20,68,,4,669,68,Dakkhin Basabo,1080,1034,2,44,4178,2138,2040,0,104.8,village
26,20,68,,4,669,248,Madartek (Dakkhin),3557,3426,3,128,13975,7354,6621,0,111.07,village
26,20,68,,4,669,250,Madartek (Uttar),2234,2107,4,123,8730,4545,4185,0,108.6,village
26,20,68,,4,669,256,Madhya Basabo,2236,2115,1,120,9072,4612,4460,0,103.41,village
26,20,68,,4,669,276,Nayapara,578,572,1,5,2288,1183,1105,0,107.06,village
26,20,68,,4,669,308,Pashchim Basabo (Madartek),1223,1202,0,21,4720,2438,2282,0,106.84,village
26,20,68,,4,669,316,Purba Basabo,2346,2295,2,49,9014,4646,4368,0,106.36,village
26,20,68,,4,669,332,Purba Madartek,2493,2376,8,109,10072,5309,4763,0,111.46,village
26,20,68,,4,669,428,Uttar Basabo,3675,3578,3,94,14925,7830,7095,0,110.36,village
26,20,68,,4,669,444,Uttar Purba Basabo (Chayabithi),1057,1027,0,30,4173,2178,1995,0,109.17,village
26,20,68,,5,,,Ward No. 05,17704,16932,17,755,69389,36483,32903,3,110.88,union_ward
26,20,68,,5,669,,Rajarbag (Part)*,17704,16932,17,755,69389,36483,32903,3,110.88,mauza
26,20,68,,5,669,49,Ahmmadbag,2560,2414,1,145,10001,5247,4754,0,110.37,village
26,20,68,,5,669,208,Kadamtala,3780,3657,4,119,15337,7876,7461,0,105.56,village
26,20,68,,5,669,264,Mayakanan Thakurpara,1789,1698,4,87,7485,4135,3350,0,123.43,village
26,20,68,,5,669,324,Purba Basabo,2622,2532,1,89,10037,5168,4869,0,106.14,village
26,20,68,,5,669,368,Rajarbag,5945,5672,5,268,22371,11779,10589,3,111.24,village
26,20,68,,5,669,388,Sabujbag,882,846,2,34,3662,1992,1670,0,119.28,village
26,20,68,,5,669,396,Sabujkanan,126,113,0,13,496,286,210,0,136.19,village
26,20,68,,73,,,Ward No. 73,12054,11856,17,181,46137,23973,22164,0,108.16,union_ward
26,20,68,,73,37,,Amulia (Part)*,431,430,1,0,1767,918,849,0,108.13,mauza
26,20,68,,73,37,70,Bhaaigdia,431,430,1,0,1767,918,849,0,108.13,village
26,20,68,,73,149,,Dakkhingaon*,11623,11426,16,181,44370,23055,21315,0,108.16,mauza
26,20,68,,73,149,28,Begunbari,797,785,0,12,2844,1463,1381,0,105.94,village
26,20,68,,73,149,68,Dakkhingaon,4872,4787,5,80,18444,9462,8982,0,105.34,village
26,20,68,,73,149,76,Daspara,342,340,0,2,1361,727,634,0,114.67,village
26,20,68,,73,149,188,Joynab Bag,130,130,0,0,542,246,296,0,83.11,village
26,20,68,,73,149,208,Kusumbag,1358,1340,4,14,5405,2880,2525,0,114.06,village
26,20,68,,73,149,248,Manikdia,721,707,1,13,2525,1297,1228,0,105.62,village
26,20,68,,73,149,256,Manikdia Chairmanbari,99,99,0,0,428,214,214,0,100,village
26,20,68,,73,149,268,Nayabag,851,825,1,25,3233,1710,1523,0,112.28,village
26,20,68,,73,149,308,Pashchimpara (Purbo Nandipara),731,720,1,10,2821,1565,1256,0,124.6,village
26,20,68,,73,149,368,Shahibag,1302,1280,3,19,5200,2678,2522,0,106.19,village
26,20,68,,73,149,387,Proshantibag,95,94,0,1,338,182,156,0,116.67,village
26,20,68,,73,149,408,Uttar Manikdia,300,295,1,4,1150,584,566,0,103.18,village
26,20,68,,73,149,485,Nandipara Bazar,25,24,0,1,79,47,32,0,146.88,village
26,20,68,,74,,,Ward No. 74 (Part),14345,13474,18,853,55089,29078,26011,0,111.79,union_ward
26,20,68,,74,523,,Nandipara (Part)*,14345,13474,18,853,55089,29078,26011,0,111.79,mauza
26,20,68,,74,523,28,Bank Colony,719,687,0,32,2827,1432,1395,0,102.65,village
26,20,68,,74,523,248,Madhya Nandipara,4014,3786,8,220,15267,8039,7228,0,111.22,village
26,20,68,,74,523,256,Mohajer Colony,385,368,0,17,1460,731,729,0,100.27,village
26,20,68,,74,523,268,Newajbag,509,457,0,52,2107,1108,999,0,110.91,village
26,20,68,,74,523,308,Pashchim Nandipara,6122,5735,6,381,23207,12410,10797,0,114.94,village
26,20,68,,74,523,315,Imambag,17,15,0,2,67,33,34,0,97.06,village
26,20,68,,74,523,316,Purba Nandipara,2579,2426,4,149,10154,5325,4829,0,110.27,village
26,20,73,,,,,Shahjahanpur Thana,28628,27087,33,1508,111777,58857,52914,6,111.23,upazila_thana
26,20,73,,11,,,Ward No. 11,14013,13357,13,643,55659,28996,26657,6,108.77,union_ward
26,20,73,,11,705,,Shahar Khilgaon (Part)*,14013,13357,13,643,55659,28996,26657,6,108.77,mauza
26,20,73,,11,705,68,Dakkhin Khilgaon,1107,1067,3,37,4614,2377,2237,0,106.26,village
26,20,73,,11,705,76,Dakkhin Shahjahanpur,106,103,0,3,380,198,182,0,108.79,village
26,20,73,,11,705,208,Khilgaon Bagicha,816,772,1,43,3173,1635,1538,0,106.31,village
26,20,73,,11,705,248,Momenbag,218,212,0,6,839,435,404,0,107.67,village
26,20,73,,11,705,288,Outer Circular Road,696,681,3,12,3309,1701,1608,0,105.78,village
26,20,73,,11,705,368,Shahidbag,1306,1253,1,52,5441,2953,2488,0,118.69,village
26,20,73,,11,705,376,Kobibentir Bagan,563,535,0,28,2437,1261,1176,0,107.23,village
26,20,73,,11,705,384,Shahjahanpur Railway Colony,3184,2961,3,220,11646,6199,5441,6,113.93,village
26,20,73,,11,705,408,Uttar Shahjahanpur,6017,5773,2,242,23820,12237,11583,0,105.65,village
26,20,73,,12,,,Ward No. 12,14615,13730,20,865,56118,29861,26257,0,113.73,union_ward
26,20,73,,12,593,,Pashchim Shahar Khilgaon*,14615,13730,20,865,56118,29861,26257,0,113.73,mauza
26,20,73,,12,593,28,Boxibag,514,444,0,70,2039,1167,872,0,133.83,village
26,20,73,,12,593,128,Gulbag,2419,2310,0,109,8968,4749,4219,0,112.56,village
26,20,73,,12,593,168,Indrapuri,407,399,0,8,1529,809,720,0,112.36,village
26,20,73,,12,593,248,Malibag,4718,4447,8,263,18251,9602,8649,0,111.02,village
26,20,73,,12,593,368,Shantibag (Dakkhin),1992,1871,1,120,7941,4256,3685,0,115.5,village
26,20,73,,12,593,805,Uttar Shantibag,4565,4259,11,295,17390,9278,8112,0,114.37,village
26,20,75,,,,,Shahbag Thana,9470,7946,55,1469,63765,41270,22491,4,183.5,upazila_thana
26,20,75,,20,,,Ward No. 20 (Part),5054,4185,30,839,28547,18805,9738,4,193.11,union_ward
26,20,75,,20,668,,Ramna (Part)*,5054,4185,30,839,28547,18805,9738,4,193.11,mauza
26,20,75,,20,668,1,Sufia Kamal Hall,16,15,1,0,1980,54,1926,0,2.8,village
26,20,75,,20,668,2,Dr. Fazle Rabbi Hall,17,9,0,8,71,60,11,0,545.45,village
26,20,75,,20,668,16,Ahsanulla Hall,1,0,1,0,567,567,0,0,0,village
26,20,75,,20,668,24,Ananda Bazar Area,211,168,3,40,825,494,331,0,149.24,village
26,20,75,,20,668,28,Bangabandhu Avenue,88,52,1,35,437,343,94,0,364.89,village
26,20,75,,20,668,36,Bijoynagar (Part),1241,1147,2,92,4438,2336,2102,0,111.13,village
26,20,75,,20,668,41,Abdul Gani Road Secretariat Staff Quarter,80,75,1,4,361,233,128,0,182.03,village
26,20,75,,20,668,68,Dhaka Medical College Chhatrabas (Fazle Rabbi Hall,19,14,2,3,1328,1176,152,0,773.68,village
26,20,75,,20,668,76,Dhaka Medical College Hospital &Residential Area,40,39,1,0,392,93,299,0,31.1,village
26,20,75,,20,668,84,Dr. Ma Rashid Hall,1,0,1,0,524,521,3,0,17366.67,village
26,20,75,,20,668,88,Engineering University & Residential Area,141,138,3,0,649,281,368,0,76.36,village
26,20,75,,20,668,108,Fazlul Haque Hall/Amar Eksha Hall,67,59,2,6,1806,1690,116,0,1456.9,village
26,20,75,,20,668,124,Fulbaria Station Purba Area,23,1,0,22,496,485,10,1,4850,village
26,20,75,,20,668,148,Highcourt Staff Quarter,190,158,1,31,752,447,304,1,147.04,village
26,20,75,,20,668,268,Nazrul Islam Hall,2,1,1,0,283,282,1,0,28200,village
26,20,75,,20,668,308,Pashchim Puratan Railway Colony,211,122,1,88,634,432,202,0,213.86,village
26,20,75,,20,668,348,Railway Hospital Area,120,70,0,50,335,217,116,2,187.07,village
26,20,75,,20,668,356,Ramna Green House,115,114,0,1,548,272,276,0,98.55,village
26,20,75,,20,668,368,Segunbagicha,1419,1159,3,257,4193,2447,1746,0,140.15,village
26,20,75,,20,668,376,Shahid Captain Mansur Ali Sarani,96,87,0,9,327,184,143,0,128.67,village
26,20,75,,20,668,384,Shahid Smriti Hall,1,0,1,0,226,226,0,0,0,village
26,20,75,,20,668,392,Shahid Syed Nazrul Islam Sarani,670,523,0,147,2209,1203,1006,0,119.58,village
26,20,75,,20,668,400,Shahidullah Hall,83,78,2,3,3186,3019,167,0,1807.78,village
26,20,75,,20,668,408,Sherebangla Hall Engineering University,2,0,1,1,408,408,0,0,0,village
26,20,75,,20,668,416,Suhrawardi Hall Engineering University,1,0,1,0,390,390,0,0,0,village
26,20,75,,20,668,436,Titumir Hall,1,0,1,0,482,482,0,0,0,village
26,20,75,,20,668,444,Topkhana Road,198,156,0,42,700,463,237,0,195.36,village
26,20,75,,21,,,Ward No. 21,4416,3761,25,630,35218,22465,12753,0,176.15,union_ward
26,20,75,,21,482,,Mahmudnagar*,2173,1717,8,448,10544,5782,4762,0,121.42,mauza
26,20,75,,21,482,28,Bangla Motor (Part),506,378,1,127,2138,1315,823,0,159.78,village
26,20,75,,21,482,248,Maymensingh Lane,66,42,2,22,665,369,296,0,124.66,village
26,20,75,,21,482,256,Maymensingh Road,248,103,0,145,1107,764,343,0,222.74,village
26,20,75,,21,482,308,Paribag,1353,1194,5,154,6634,3334,3300,0,101.03,village
26,20,75,,21,669,,Ramna (Part)*,2091,1907,12,172,18741,11061,7680,0,144.02,mauza
26,20,75,,21,669,28,Bangabandhu Sheikh Mujibur Rahman Hall,25,22,2,1,1124,1078,46,0,2343.48,village
26,20,75,,21,669,36,Bijoy Eakatar Hall,20,18,2,0,2049,2019,30,0,6730,village
26,20,75,,21,669,68,Dakkhin Fuler Road Staff Quarter,90,87,0,3,406,186,220,0,84.55,village
26,20,75,,21,669,76,Dakkhin Nilkhet Staff Quarter,308,272,0,36,1291,685,606,0,113.04,village
26,20,75,,21,669,148,Habibullah Road,60,49,0,11,333,213,120,0,177.5,village
26,20,75,,21,669,156,Hatirpul Power House Staff Quarter,58,58,0,0,224,109,115,0,94.78,village
26,20,75,,21,669,168,International Students Hostel,81,79,1,1,290,183,107,0,171.03,village
26,20,75,,21,669,176,Isa Khan Staff Quarter,143,139,0,4,605,279,326,0,85.58,village
26,20,75,,21,669,188,Jagannath Hall,148,146,1,1,2826,2520,306,0,823.53,village
26,20,75,,21,669,196,Jatio Jadughar Officers Quarter And Bsmmu Hospital,60,52,0,8,407,274,133,0,206.02,village
26,20,75,,21,669,208,Kabi Jasimuddin Hall,16,15,1,0,1004,976,28,0,3485.71,village
26,20,75,,21,669,216,Kantaban (Part),94,54,2,38,382,280,102,0,274.51,village
26,20,75,,21,669,348,Rokeya Hall,31,30,1,0,2556,58,2498,0,2.32,village
26,20,75,,21,669,376,Shahbag,83,83,0,0,345,170,175,0,97.14,village
26,20,75,,21,669,392,Shamsunnahar Hall,6,5,1,0,1074,10,1064,0,0.94,village
26,20,75,,21,669,400,Shibbari Staff Quarter,607,558,1,48,2641,1440,1201,0,119.9,village
26,20,75,,21,669,428,Uttar Fuler Road Staff Quarter,72,69,0,3,318,170,148,0,114.86,village
26,20,75,,21,669,436,Uttar Nilkhet Staff Quarter,189,171,0,18,866,411,455,0,90.33,village
26,20,75,,21,707,,Salimullabad*,152,137,5,10,5933,5622,311,0,1807.72,mauza
26,20,75,,21,707,148,Haji Muhammad Mahshin Hall,22,22,0,0,112,63,49,0,128.57,village
26,20,75,,21,707,188,Jahurul Haq Hall,7,2,2,3,2071,2063,8,0,25787.5,village
26,20,75,,21,707,248,Muktijoddha Ziaur Rahman Hall,33,32,1,0,1140,1071,69,0,1552.17,village
26,20,75,,21,707,368,Salimullah Hall,27,27,0,0,113,51,62,0,82.26,village
26,20,75,,21,707,376,Sir Af Rahman Hall,40,32,1,7,1021,945,76,0,1243.42,village
26,20,75,,21,707,384,Surjasen Hall,23,22,1,0,1476,1429,47,0,3040.43,village
26,20,76,,,,,Shyampur Thana,46830,41278,57,5495,173805,95712,78092,1,122.56,upazila_thana
26,20,76,,47,,,Ward No. 47,10920,10021,15,884,44551,23926,20625,0,116,union_ward
26,20,76,,47,371,,Jurain (Part)*,1533,1415,4,114,6753,3546,3207,0,110.57,mauza
26,20,76,,47,371,308,Postagola Shashan Ghat,1533,1415,4,114,6753,3546,3207,0,110.57,village
26,20,76,,47,707,,Sutrapur (Part)*,9387,8606,11,770,37798,20380,17418,0,117.01,mauza
26,20,76,,47,707,28,Bahadurpur Lane,524,493,2,29,1908,997,911,0,109.44,village
26,20,76,,47,707,68,Dhalkanagar Lane,4296,3949,4,343,17442,9487,7955,0,119.26,village
26,20,76,,47,707,108,Faridabad Lane,679,636,0,43,2763,1459,1304,0,111.89,village
26,20,76,,47,707,128,Gendaria Dit Plot,1486,1383,4,99,6155,3284,2871,0,114.39,village
26,20,76,,47,707,148,Haricharan Ray Road,871,805,0,66,3558,1888,1670,0,113.05,village
26,20,76,,47,707,168,Ig Gate Bank Colony,606,530,0,76,2174,1150,1024,0,112.3,village
26,20,76,,47,707,228,Lalmohan Poddar Lane,364,342,0,22,1475,762,713,0,106.87,village
26,20,76,,47,707,268,Nabinchandra Goswami Road,561,468,1,92,2323,1353,970,0,139.48,village
26,20,76,,51,,,Ward No. 51,20379,17058,19,3302,70701,40294,30407,0,132.52,union_ward
26,20,76,,51,706,,Shyampur*,8919,7869,12,1038,33107,18152,14955,0,121.38,mauza
26,20,76,,51,706,68,Dakkhin Mir Hajirbag,3553,3164,3,386,13730,7559,6171,0,122.49,village
26,20,76,,51,706,308,Pashchim Dholairpar,3872,3362,5,505,13645,7372,6273,0,117.52,village
26,20,76,,51,706,555,Purba Dholairpar,1494,1343,4,147,5732,3221,2511,0,128.28,village
26,20,76,,51,712,,Shyampur*,11460,9189,7,2264,37594,22142,15452,0,143.3,mauza
26,20,76,,51,712,308,Par Gendaria,1957,1675,2,280,6097,3413,2684,0,127.16,village
26,20,76,,51,712,408,Uttar Mir Hajirbag,9503,7514,5,1984,31497,18729,12768,0,146.69,village
26,20,76,,54,,,Ward No. 54,15531,14199,23,1309,58553,31492,27060,1,116.38,union_ward
26,20,76,,54,372,,Jurain (Part)*,15531,14199,23,1309,58553,31492,27060,1,116.38,mauza
26,20,76,,54,372,54,Alambagh,4608,4336,1,271,17323,9030,8292,1,108.9,village
26,20,76,,54,372,63,Army Camp,4,0,4,0,611,604,7,0,8628.57,village
26,20,76,,54,372,208,Karim Ullarbag,3574,3144,4,426,12012,6573,5439,0,120.85,village
26,20,76,,54,372,210,Uttar Jurain,1733,1645,1,87,6873,3589,3284,0,109.29,village
26,20,76,,54,372,308,Pashchim Jurain,4013,3692,5,316,15710,8295,7415,0,111.87,village
26,20,76,,54,372,316,Postagola Industrial Area,521,449,3,69,1767,1043,724,0,144.06,village
26,20,76,,54,372,558,Tula Bagicha,1078,933,5,140,4257,2358,1899,0,124.17,village
26,20,80,,,,,Shere Bangla Nagar Thana,4438,3299,7,1132,17033,10141,6892,0,147.14,upazila_thana
26,20,80,,17,,,Ward No. 17 (Part),4438,3299,7,1132,17033,10141,6892,0,147.14,union_ward
26,20,80,,17,149,,Dhanmondi (Part)*,4438,3299,7,1132,17033,10141,6892,0,147.14,mauza
26,20,80,,17,149,208,Jute Research Institute,353,319,0,34,1256,713,543,0,131.31,village
26,20,80,,17,149,388,Shukrabad,2589,1750,4,835,9878,6230,3648,0,170.78,village
26,20,80,,17,149,396,Sobhanbag,619,559,3,57,2719,1498,1221,0,122.69,village
26,20,80,,17,149,408,Tallabag,877,671,0,206,3180,1700,1480,0,114.86,village
26,20,88,,,,,Sutrapur Thana,21022,17752,27,3243,85033,47368,37665,0,125.76,upazila_thana
26,20,88,,42,,,Ward No. 42,7838,6362,10,1466,29684,15745,13939,0,112.96,union_ward
26,20,88,,42,704,,Sutrapur (Part)*,7838,6362,10,1466,29684,15745,13939,0,112.96,mauza
26,20,88,,42,704,128,Gobinda Datta Lane,152,128,0,24,528,263,265,0,99.25,village
26,20,88,,42,704,188,Johnson Road,369,284,4,81,1671,867,804,0,107.84,village
26,20,88,,42,704,208,Karkunbari Lane,104,91,0,13,399,235,164,0,143.29,village
26,20,88,,42,704,216,Hazi Abdul Majid Road,816,674,2,140,3248,1723,1525,0,112.98,village
26,20,88,,42,704,224,Kazi Abdur Rauf Road,839,567,0,272,3418,1827,1591,0,114.83,village
26,20,88,,42,704,248,Kunjababu Lane,145,128,0,17,597,346,251,0,137.85,village
26,20,88,,42,704,308,Nabadwip Basak Lane,737,597,0,140,2621,1289,1332,0,96.77,village
26,20,88,,42,704,316,Nandalal Datta Lane,562,436,0,126,2164,1171,993,0,117.93,village
26,20,88,,42,704,324,Nasir Uddin Sardar Lane,1838,1553,0,285,6538,3590,2948,0,121.78,village
26,20,88,,42,704,368,Panchbhai Ghat Lane,787,661,0,126,3093,1571,1522,0,103.22,village
26,20,88,,42,704,428,Raghunath Das Lane,228,187,0,41,908,507,401,0,126.43,village
26,20,88,,42,704,436,Rajchandra Munsi Lane,56,48,0,8,196,109,87,0,125.29,village
26,20,88,,42,704,460,Rokanpur 1st Lane,420,334,0,86,1289,690,599,0,115.19,village
26,20,88,,42,704,468,Rokanpur 3rd Lane,197,160,0,37,682,335,347,0,96.54,village
26,20,88,,42,704,476,Rokanpur Second Lane,88,70,0,18,340,177,163,0,108.59,village
26,20,88,,42,704,532,Subash Bose Avenue (Lakkhibazar),500,444,4,52,1992,1045,947,0,110.35,village
26,20,88,,43,,,Ward No. 43,8676,7346,13,1317,37548,21861,15687,0,139.36,union_ward
26,20,88,,43,704,,Sutrapur (Part)*,8676,7346,13,1317,37548,21861,15687,0,139.36,mauza
26,20,88,,43,704,44,Bk Das Road,466,315,0,151,2099,1420,679,0,209.13,village
26,20,88,,43,704,57,Anandamohan Das Lane,85,72,0,13,362,208,154,0,135.06,village
26,20,88,,43,704,68,Debendranath Das Lane,584,521,0,63,2534,1437,1097,0,130.99,village
26,20,88,,43,704,108,Farashganj Lane,125,118,0,7,511,259,252,0,102.78,village
26,20,88,,43,704,116,Farashganj Road,545,475,1,69,2623,1602,1021,0,156.9,village
26,20,88,,43,704,136,Patla Khan Lane,506,469,0,37,2018,1051,967,0,108.69,village
26,20,88,,43,704,144,Gopal Saha Lane,267,232,0,35,1168,671,497,0,135.01,village
26,20,88,,43,704,148,Harimohan Munsi Lane,13,13,0,0,70,28,42,0,66.67,village
26,20,88,,43,704,156,Harishchandra Basu Street,10,6,0,4,78,68,10,0,680,village
26,20,88,,43,704,164,Hemendra Das Road,448,393,0,55,1910,1106,804,0,137.56,village
26,20,88,,43,704,168,Ishwar Das Lane,65,56,0,9,326,195,131,0,148.85,village
26,20,88,,43,704,196,Joychandra Ghosh Lane,251,221,0,30,1069,607,462,0,131.39,village
26,20,88,,43,704,232,Kg Gupta Lane,388,361,0,27,1639,852,787,0,108.26,village
26,20,88,,43,704,268,Madan Saha Lane,238,204,0,34,902,494,408,0,121.08,village
26,20,88,,43,704,276,Malakartola Lane,443,370,1,72,1754,1003,751,0,133.56,village
26,20,88,,43,704,292,Mohini Mohan Das Lane,314,250,0,64,1430,878,552,0,159.06,village
26,20,88,,43,704,332,North Brook Hall Road,209,187,0,22,934,526,408,0,128.92,village
26,20,88,,43,704,376,Pratap Das Lane,319,260,6,53,1494,880,614,0,143.32,village
26,20,88,,43,704,384,Purnachandra Banarjee Lane,370,321,0,49,1584,877,707,0,124.05,village
26,20,88,,43,704,392,Pyaridas Road,491,348,1,142,2155,1361,794,0,171.41,village
26,20,88,,43,704,484,Rupchan Lane,471,424,0,47,2044,1146,898,0,127.62,village
26,20,88,,43,704,492,Ruplal Das Lane,516,465,1,50,2042,1164,878,0,132.57,village
26,20,88,,43,704,508,Shirish Das Lane,523,424,1,98,2377,1429,948,0,150.74,village
26,20,88,,43,704,516,Shuklal Das Lane,775,627,1,147,3316,1952,1364,0,143.11,village
26,20,88,,43,704,524,Shyamaprasad Ray Chowdhury Lane,182,167,0,15,741,388,353,0,109.92,village
26,20,88,,43,704,568,Ultinganj Lane,72,47,1,24,368,259,109,0,237.61,village
26,20,88,,44,,,Ward No. 44 (Part),4508,4044,4,460,17801,9762,8039,0,121.43,union_ward
26,20,88,,44,704,,Sutrapur (Part)*,4508,4044,4,460,17801,9762,8039,0,121.43,mauza
26,20,88,,44,704,28,Baniyanagar,707,646,1,60,2754,1461,1293,0,112.99,village
26,20,88,,44,704,204,Justice Lalmohon Das Lane,652,598,0,54,2491,1344,1147,0,117.18,village
26,20,88,,44,704,444,Rishikesh Das Road,924,825,0,99,3805,2080,1725,0,120.58,village
26,20,88,,44,704,452,Rm Das Road,879,781,1,97,3479,1981,1498,0,132.24,village
26,20,88,,44,704,548,Tanuganj Lane,557,488,0,69,2229,1266,963,0,131.46,village
26,20,88,,44,704,556,Thakur Das Lane,437,408,1,28,1683,870,813,0,107.01,village
26,20,88,,44,704,608,Waltar Road,352,298,1,53,1360,760,600,0,126.67,village
26,20,98,,,,,Wari Thana,33186,28991,31,4164,125015,67808,57203,4,118.54,upazila_thana
26,20,98,,38,,,Ward No. 38,9252,7649,11,1592,36259,20777,15482,0,134.2,union_ward
26,20,98,,38,854,,Wari (Part)*,9252,7649,11,1592,36259,20777,15482,0,134.2,mauza
26,20,98,,38,854,28,Banagram Lane,602,519,2,81,2486,1389,1097,0,126.62,village
26,20,98,,38,854,36,Bcc Road,1048,784,1,263,4450,2794,1656,0,168.72,village
26,20,98,,38,854,56,Chandramohan Basak Street,224,199,0,25,950,542,408,0,132.84,village
26,20,98,,38,854,70,Banagram Road,1446,1225,1,220,5959,3410,2549,0,133.78,village
26,20,98,,38,854,136,Goalghat Lane,788,660,0,128,3003,1705,1298,0,131.36,village
26,20,98,,38,854,144,Gopikishan Lane,202,188,0,14,900,456,444,0,102.7,village
26,20,98,,38,854,152,Gopimohan Basak Lane,138,106,1,31,534,338,196,0,172.45,village
26,20,98,,38,854,208,Jadunath Basak Lane,80,63,0,17,323,201,122,0,164.75,village
26,20,98,,38,854,216,Joginagar Road,551,517,0,34,2139,1182,957,0,123.51,village
26,20,98,,38,854,240,Juriatuli Lane,244,236,1,7,1099,579,520,0,111.35,village
26,20,98,,38,854,248,Kaptan Bazar Road,314,58,0,256,624,525,99,0,530.3,village
26,20,98,,38,854,268,Lalchan Makim Lane,633,536,1,96,2351,1335,1016,0,131.4,village
26,20,98,,38,854,296,Madanmohan Pal Lane,208,159,1,48,813,521,292,0,178.42,village
26,20,98,,38,854,304,Mahajanpur Lane,236,214,0,22,969,498,471,0,105.73,village
26,20,98,,38,854,308,Nabendranath Basak Road,349,305,0,44,1419,828,591,0,140.1,village
26,20,98,,38,854,324,Nawabpur Road,534,430,1,103,1820,1002,818,0,122.49,village
26,20,98,,38,854,408,Shashimohan Basak Lane,297,286,0,11,1343,671,672,0,99.85,village
26,20,98,,38,854,416,Rabidaspara,327,315,0,12,1100,531,569,0,93.32,village
26,20,98,,38,854,428,Taherbag Lane,496,406,0,90,1841,1071,770,0,139.09,village
26,20,98,,38,854,436,Tipu Sultan Road (Part),171,113,1,57,587,363,224,0,162.05,village
26,20,98,,38,854,740,Jaginagar Lane,364,330,1,33,1549,836,713,0,117.25,village
26,20,98,,39,,,Ward No. 39,11841,10758,15,1068,44386,23384,21002,0,111.34,union_ward
26,20,98,,39,75,,Brahmanchiran (Part)*,2754,2573,3,178,10750,5618,5132,0,109.47,mauza
26,20,98,,39,75,208,Km Das Lane (Part),680,648,0,32,2547,1310,1237,0,105.9,village
26,20,98,,39,75,348,Rk Mission Road (Part),985,930,2,53,3993,2114,1879,0,112.51,village
26,20,98,,39,75,660,Swamibag,1089,995,1,93,4210,2194,2016,0,108.83,village
26,20,98,,39,854,,Wari (Part)*,9087,8185,12,890,33636,17766,15870,0,111.95,mauza
26,20,98,,39,854,41,Abhay Das Lane,1022,940,1,81,3761,1965,1796,0,109.41,village
26,20,98,,39,854,168,Hatkhola,910,869,4,37,3589,1794,1795,0,99.94,village
26,20,98,,39,854,243,Folder Street Part,98,67,0,31,417,271,146,0,185.62,village
26,20,98,,39,854,256,Km Das Lane (Part),2659,2355,3,301,10332,5505,4827,0,114.05,village
26,20,98,,39,854,391,Joykali Mondir Road,91,57,0,34,277,179,98,0,182.65,village
26,20,98,,39,854,396,Rk Mission Road (Part),3619,3291,3,325,12807,6786,6021,0,112.71,village
26,20,98,,39,854,761,Toynabi Circular Road,100,86,1,13,407,186,221,0,84.16,village
26,20,98,,39,854,816,Vagaboti Banerji Road,588,520,0,68,2046,1080,966,0,111.8,village
26,20,98,,41,,,Ward No. 41,12093,10584,5,1504,44370,23647,20719,4,114.13,union_ward
26,20,98,,41,854,,Wari (Part)*,12093,10584,5,1504,44370,23647,20719,4,114.13,mauza
26,20,98,,41,854,44,Bhajahari Saha Street,667,565,0,102,2735,1476,1259,0,117.24,village
26,20,98,,41,854,48,Chandicharan Bose Street,194,162,0,32,789,431,358,0,120.39,village
26,20,98,,41,854,68,Dakkhin Muhsendi (Part),1479,1351,0,128,5006,2650,2356,0,112.48,village
26,20,98,,41,854,108,Foldar Street,264,210,0,54,668,365,303,0,120.46,village
26,20,98,,41,854,184,Heyar Street,219,205,0,14,869,451,418,0,107.89,village
26,20,98,,41,854,224,Jorpul Lane,501,426,0,75,1861,1011,850,0,118.94,village
26,20,98,,41,854,232,Joykali Mandir Road,146,126,0,20,453,235,218,0,107.8,village
26,20,98,,41,854,268,Narinda Road,385,328,0,57,1306,708,598,0,118.39,village
26,20,98,,41,854,276,Lalmohan Saha Street (Part),3658,3083,3,572,12356,6861,5492,3,124.93,village
26,20,98,,41,854,284,Larmini Street,777,717,0,60,3272,1683,1588,1,105.98,village
26,20,98,,41,854,316,Nawab Street,269,257,0,12,1146,578,568,0,101.76,village
26,20,98,,41,854,348,Padmanidhi Lane,289,238,0,51,1061,615,446,0,137.89,village
26,20,98,,41,854,388,Rankin Street,1148,1058,0,90,5224,2628,2596,0,101.23,village
26,20,98,,41,854,444,Tipu Sultan Road (Part),319,287,1,31,1242,627,615,0,101.95,village
26,20,98,,41,854,448,Uttar Muhsendi,687,627,0,60,2592,1389,1203,0,115.46,village
26,20,98,,41,854,488,Wyre Street,1091,944,1,146,3790,1939,1851,0,104.75,village
26,25,,,,,,Dhaka North City Corporation,1634550,1485370,2024,147156,5990723,3270135,2720379,209,120.21,city_corporation
26,25,2,,,,,Adabar Thana,58336,53318,46,4972,215246,115659,99584,3,116.14,upazila_thana
26,25,2,,30,,,Ward No. 30,53717,49034,43,4640,197270,106571,90696,3,117.5,union_ward
26,25,2,,30,38,,Adaba Chak*,679,572,1,106,2484,1381,1103,0,125.2,mauza
26,25,2,,30,38,188,Janata Housing,434,345,0,89,1518,850,668,0,127.25,village
26,25,2,,30,38,308,Probal Housing,245,227,1,17,966,531,435,0,122.07,village
26,25,2,,30,668,,Ramchandrapur*,23088,20888,13,2187,85280,45734,39546,0,115.65,mauza
26,25,2,,30,668,76,Balumath Malik Shamity,1019,883,0,136,3366,1928,1438,0,134.08,village
26,25,2,,30,668,248,Mafizbag Housing,949,888,0,61,3652,1887,1765,0,106.91,village
26,25,2,,30,668,276,Naboday Housing,5302,4925,4,373,20548,10772,9776,0,110.19,village
26,25,2,,30,668,308,Panthashala Housing,344,295,1,48,1291,679,612,0,110.95,village
26,25,2,,30,668,316,Pisciculture Housing Block-Kha,7156,6330,4,822,25373,13550,11823,0,114.61,village
26,25,2,,30,668,324,Prominent Housing,282,263,1,18,1152,571,581,0,98.28,village
26,25,2,,30,668,332,Provati Housing,372,344,1,27,1355,769,586,0,131.23,village
26,25,2,,30,668,368,Rafique Housing,1775,1583,1,191,6929,3897,3032,0,128.53,village
26,25,2,,30,668,388,Shyamali Housing,3086,2880,1,205,12224,6503,5721,0,113.67,village
26,25,2,,30,668,396,Shyamali Housing 2nd Project,1100,1020,0,80,4064,2209,1855,0,119.08,village
26,25,2,,30,668,408,Turag Housing,1703,1477,0,226,5326,2969,2357,0,125.97,village
26,25,2,,30,780,,Uttar Adabar*,29950,27574,29,2347,109506,59456,50047,3,118.8,mauza
26,25,2,,30,780,16,Alif Housing,411,374,1,36,1501,810,691,0,117.22,village
26,25,2,,30,780,28,Baitul Aman Housing Part,8999,8651,13,335,33666,17715,15951,0,111.06,village
26,25,2,,30,780,43,Adarsha Chhayaneer Housing,305,299,0,6,995,570,425,0,134.12,village
26,25,2,,30,780,48,Comfort Housing,2383,2240,0,143,9137,5090,4046,1,125.8,village
26,25,2,,30,780,68,Dhaka Housing,846,744,0,102,3171,1731,1440,0,120.21,village
26,25,2,,30,780,88,Eastern Housing,327,203,0,124,800,486,313,1,155.27,village
26,25,2,,30,780,128,Garden Street,1103,899,4,200,4301,2374,1927,0,123.2,village
26,25,2,,30,780,148,Holy Lane,331,267,1,63,1205,655,550,0,119.09,village
26,25,2,,30,780,156,Hosnabad Estate,261,254,0,7,858,498,360,0,138.33,village
26,25,2,,30,780,164,Hossain Housing,203,193,0,10,765,381,384,0,99.22,village
26,25,2,,30,780,168,Ibnesina,51,45,0,6,147,84,63,0,133.33,village
26,25,2,,30,780,248,Mehedibag Housing,1348,1260,0,88,4576,2501,2075,0,120.53,village
26,25,2,,30,780,256,Mohanpur,941,866,0,75,3649,1949,1700,0,114.65,village
26,25,2,,30,780,264,Monsurabad Housing,2567,2382,1,184,10032,5557,4475,0,124.18,village
26,25,2,,30,780,327,Pearlstreet Housing,92,85,1,6,401,206,195,0,105.64,village
26,25,2,,30,780,368,Sunibir Housing,6402,5862,5,535,22304,12131,10172,1,119.26,village
26,25,2,,30,780,408,Unique Housing,163,118,0,45,555,361,194,0,186.08,village
26,25,2,,30,780,416,Uttar Adabar,3217,2832,3,382,11443,6357,5086,0,124.99,village
26,25,2,,33,,,Ward No. 33 (Part),4619,4284,3,332,17976,9088,8888,0,102.25,union_ward
26,25,2,,33,38,,Adabachak*,1433,1429,0,4,5889,2741,3148,0,87.07,mauza
26,25,2,,33,38,188,Japan Garden City,1433,1429,0,4,5889,2741,3148,0,87.07,village
26,25,2,,33,673,,Ramchandrapur*,3186,2855,3,328,12087,6347,5740,0,110.57,mauza
26,25,2,,33,673,256,Mohammadpur Housing Society,3186,2855,3,328,12087,6347,5740,0,110.57,village
26,25,4,,,,,Badda Thana,103427,94045,150,9232,375604,208233,167365,6,124.42,upazila_thana
26,25,4,,21,,,Ward No. 21,25251,22701,13,2537,89189,49667,39522,0,125.67,union_ward
26,25,4,,21,76,,Badda (Part)*,25251,22701,13,2537,89189,49667,39522,0,125.67,mauza
26,25,4,,21,76,68,Dakkhin Badda Pashchim Part,6718,5957,3,758,23955,13226,10729,0,123.27,village
26,25,4,,21,76,150,Madhya Badda Dakkhin Pubpa,338,338,0,0,1109,648,461,0,140.56,village
26,25,4,,21,76,248,"Madhya Badda (Pashchim-P-1,2)",3076,2634,1,441,11071,6333,4738,0,133.66,village
26,25,4,,21,76,256,Madhya Badda Dakkhin Pashchim (Part),5576,4997,3,576,20209,11264,8945,0,125.93,village
26,25,4,,21,76,308,Pashchim Merul,2092,1832,2,258,7243,4157,3086,0,134.71,village
26,25,4,,21,76,316,Pashchim Uttar Badda,5129,4834,3,292,18090,9855,8235,0,119.67,village
26,25,4,,21,76,324,Purba Madhya Badda,526,526,0,0,1346,775,571,0,135.73,village
26,25,4,,21,76,332,Purba Merul,530,453,0,77,1980,1095,885,0,123.73,village
26,25,4,,21,76,340,Purba Uttar Badda,1266,1130,1,135,4186,2314,1872,0,123.61,village
26,25,4,,37,,,Ward No. 37,31979,29967,42,1970,118590,64938,53648,4,121.04,union_ward
26,25,4,,37,75,,Badda (Part)*,31979,29967,42,1970,118590,64938,53648,4,121.04,mauza
26,25,4,,37,75,16,Aftabnagar,3888,3336,11,541,14824,8354,6470,0,129.12,village
26,25,4,,37,75,24,Anandanagar,2819,2701,3,115,11163,5974,5189,0,115.13,village
26,25,4,,37,75,36,Dit Project,4887,4548,3,336,16209,9094,7111,4,127.89,village
26,25,4,,37,75,48,Chhaitantali,1545,1449,4,92,6324,3384,2940,0,115.1,village
26,25,4,,37,75,68,Dakkhin Anandanagar,1230,1137,1,92,4369,2306,2063,0,111.78,village
26,25,4,,37,75,76,Daukandi,218,211,0,7,863,437,426,0,102.58,village
26,25,4,,37,75,152,Lohartek,634,583,4,47,2227,1247,980,0,127.24,village
26,25,4,,37,75,168,Indulia,176,161,1,14,776,420,356,0,117.98,village
26,25,4,,37,75,208,Purba Badda Sonakatara,4436,4274,5,157,17016,9052,7964,0,113.66,village
26,25,4,,37,75,248,Madhyabadda Bazar Road(Part-2),1414,1374,0,40,5289,2775,2514,0,110.38,village
26,25,4,,37,75,256,Bapari Para,795,674,0,121,2726,1543,1183,0,130.43,village
26,25,4,,37,75,264,Post Office Purba Badda,1499,1423,3,73,5600,3036,2564,0,118.41,village
26,25,4,,37,75,316,Purba Badda Kabarsthan Road (Nama Para),1759,1749,0,10,6454,3353,3101,0,108.13,village
26,25,4,,37,75,324,Tekpara (Part),1060,1005,0,55,3612,1907,1705,0,111.85,village
26,25,4,,37,75,348,Rupnagar (Nama Para),2062,1988,5,69,7623,4136,3487,0,118.61,village
26,25,4,,37,75,711,Sekandar Bag,1412,1379,2,31,6048,3732,2316,0,161.14,village
26,25,4,,37,75,748,Tekpara (Baratek Part-2),2145,1975,0,170,7467,4188,3279,0,127.72,village
26,25,4,,38,,,Ward No. 38,31403,27557,29,3817,109542,61445,48096,1,127.75,union_ward
26,25,4,,38,75,,Badda (Part)*,14601,12748,13,1840,52229,29346,22883,0,128.24,mauza
26,25,4,,38,75,28,Baganbari,1036,936,2,98,3726,2075,1651,0,125.68,village
26,25,4,,38,75,43,Adarshanagar,5143,4349,4,790,18368,10590,7778,0,136.15,village
26,25,4,,38,75,256,Madhyabadda Mollapara,1075,947,1,127,3698,2017,1681,0,119.99,village
26,25,4,,38,75,264,Maynarbag,2518,2151,2,365,8782,4860,3922,0,123.92,village
26,25,4,,38,75,384,Swadhinata Sarani,3172,2904,2,266,11509,6326,5183,0,122.05,village
26,25,4,,38,75,388,Tentultala,1657,1461,2,194,6146,3478,2668,0,130.36,village
26,25,4,,38,713,,Sutibhola (Part)*,16802,14809,16,1977,57313,32099,25213,1,127.31,mauza
26,25,4,,38,713,41,Abdullabag,3485,3143,4,338,12215,6662,5553,0,119.97,village
26,25,4,,38,713,76,Bawali Para,2633,2340,6,287,8739,5089,3650,0,139.42,village
26,25,4,,38,713,148,Hajipara,3190,2806,1,383,10378,5807,4571,0,127.04,village
26,25,4,,38,713,248,Michhritola,3650,3035,1,614,12098,6853,5244,1,130.68,village
26,25,4,,38,713,324,Purbachal Road,3844,3485,4,355,13883,7688,6195,0,124.1,village
26,25,4,,41,,,Ward No. 41,9770,8961,61,748,38609,21893,16715,1,130.98,union_ward
26,25,4,,41,712,,Satarkul*,3917,3692,22,203,15529,8369,7160,0,116.89,mauza
26,25,4,,41,712,28,Bhangartek,642,629,3,10,2535,1309,1226,0,106.77,village
26,25,4,,41,712,248,Merulkhola,427,363,10,54,2049,1185,864,0,137.15,village
26,25,4,,41,712,256,Mogadia,648,603,1,44,2255,1176,1079,0,108.99,village
26,25,4,,41,712,308,Panchkhola,205,200,0,5,811,404,407,0,99.26,village
26,25,4,,41,712,368,Satarkul Dakkhinpara,565,547,0,18,2206,1120,1086,0,103.13,village
26,25,4,,41,712,376,Satarkul Pukurpara,430,404,1,25,1624,914,710,0,128.73,village
26,25,4,,41,712,384,Satarkul Taltala,549,531,1,17,2098,1067,1031,0,103.49,village
26,25,4,,41,712,392,Satarkul Uttarpara,451,415,6,30,1951,1194,757,0,157.73,village
26,25,4,,41,713,,Sutibhola (Part)*,5853,5269,39,545,23080,13524,9555,1,141.54,mauza
26,25,4,,41,713,308,Pashchim Padaria,2706,2496,20,190,10770,6169,4600,1,134.11,village
26,25,4,,41,713,316,Purba Padardia,3147,2773,19,355,12310,7355,4955,0,148.44,village
26,25,4,,42,,,Ward No. 42,5024,4859,5,160,19674,10290,9384,0,109.65,union_ward
26,25,4,,42,77,,Bara Beraid*,3771,3707,4,60,14978,7784,7194,0,108.2,mauza
26,25,4,,42,77,16,Araddapara,381,371,1,9,1438,738,700,0,105.43,village
26,25,4,,42,77,24,Ashkartek,261,250,1,10,1080,603,477,0,126.42,village
26,25,4,,42,77,28,Bhuiyanpara,390,374,1,15,1526,783,743,0,105.38,village
26,25,4,,42,77,48,Agarpara,224,224,0,0,860,453,407,0,111.3,village
26,25,4,,42,77,56,Chatkipara,208,198,0,10,848,446,402,0,110.95,village
26,25,4,,42,77,64,Chinadipara,441,438,1,2,1917,984,933,0,105.47,village
26,25,4,,42,77,123,Chandartek,186,186,0,0,659,343,316,0,108.54,village
26,25,4,,42,77,148,Haujalpara,80,80,0,0,290,159,131,0,121.37,village
26,25,4,,42,77,188,Jelepara,80,80,0,0,359,191,168,0,113.69,village
26,25,4,,42,77,248,Maturatek,85,83,0,2,344,170,174,0,97.7,village
26,25,4,,42,77,256,Moralpara,524,517,0,7,1898,989,909,0,108.8,village
26,25,4,,42,77,316,Purbapara,491,489,0,2,1873,934,939,0,99.47,village
26,25,4,,42,77,348,Rishipara,420,417,0,3,1886,991,895,0,110.73,village
26,25,4,,42,115,,Chhota Beraid*,433,399,0,34,1745,916,829,0,110.49,mauza
26,25,4,,42,115,68,Dagardia,216,203,0,13,831,451,380,0,118.68,village
26,25,4,,42,115,308,Panchdirtek,185,164,0,21,744,377,367,0,102.72,village
26,25,4,,42,115,368,Samertek,32,32,0,0,170,88,82,0,107.32,village
26,25,4,,42,524,,Nigur Aplaid*,403,387,1,15,1710,900,810,0,111.11,mauza
26,25,4,,42,524,108,Fakirkhali,403,387,1,15,1710,900,810,0,111.11,village
26,25,4,,42,599,,Pashchim Haradia*,166,140,0,26,500,282,218,0,129.36,mauza
26,25,4,,42,599,308,Pashchim Haradia,166,140,0,26,500,282,218,0,129.36,village
26,25,4,,42,600,,Purba Haradia*,251,226,0,25,741,408,333,0,122.52,mauza
26,25,4,,42,600,308,Purba Haradia,251,226,0,25,741,408,333,0,122.52,village
26,25,6,,,,,Bimanbandar Thana,1739,1603,7,129,7424,4280,3144,0,136.13,upazila_thana
26,25,6,,1,,,Ward No. 01 (Part),576,453,2,121,2091,1024,1067,0,95.97,union_ward
26,25,6,,1,223,,Faydabad (Part)*,576,453,2,121,2091,1024,1067,0,95.97,mauza
26,25,6,,1,223,408,Uttara Sector-1,576,453,2,121,2091,1024,1067,0,95.97,village
26,25,6,,50,,,Ward No. 50 (Part),1163,1150,5,8,5333,3256,2077,0,156.76,union_ward
26,25,6,,50,152,,Dakkhinkhan (Part)*,1163,1150,5,8,5333,3256,2077,0,156.76,mauza
26,25,6,,50,152,124,Civil Aviation Area,967,960,4,3,3976,2267,1709,0,132.65,village
26,25,6,,50,152,168,Irshal(Part),196,190,1,5,1357,989,368,0,268.75,village
26,25,7,,,,,Banani Thana,58938,46698,22,12218,184476,104980,79473,23,132.1,upazila_thana
26,25,7,,19,,,Ward No. 19 (Part),28916,22950,5,5961,86046,48483,37545,18,129.13,union_ward
26,25,7,,19,75,,Banani Residential Area*,7370,5498,2,1870,21924,12254,9670,0,126.72,mauza
26,25,7,,19,75,28,Banani Block-A,1097,865,1,231,3210,1766,1444,0,122.3,village
26,25,7,,19,75,36,Banani Block-B,649,590,1,58,2124,1080,1044,0,103.45,village
26,25,7,,19,75,44,Banani Block-C,817,540,0,277,2028,1242,786,0,158.02,village
26,25,7,,19,75,52,Banani Block-D,537,280,0,257,1191,819,372,0,220.16,village
26,25,7,,19,75,60,Banani Block-E,666,324,0,342,1665,1072,593,0,180.78,village
26,25,7,,19,75,68,Banani Block-F,540,476,0,64,1970,1067,903,0,118.16,village
26,25,7,,19,75,76,Banani Block-G,411,294,0,117,1140,629,511,0,123.09,village
26,25,7,,19,75,84,Banani Block-H,555,440,0,115,2120,1175,945,0,124.34,village
26,25,7,,19,75,92,Banani Block-I,1095,897,0,198,3108,1638,1470,0,111.43,village
26,25,7,,19,75,100,Banani Block-J,244,233,0,11,803,434,369,0,117.62,village
26,25,7,,19,75,108,Banani Block-K,759,559,0,200,2565,1332,1233,0,108.03,village
26,25,7,,19,409,,Karail*,16600,13560,2,3038,48936,27223,21697,16,125.47,mauza
26,25,7,,19,409,409,Karail (Part-1),6928,5366,1,1561,19377,11140,8231,6,135.34,village
26,25,7,,19,409,410,Karail (Part-2),9672,8194,1,1477,29559,16083,13466,10,119.43,village
26,25,7,,19,484,,Mahakhali*,4946,3892,1,1053,15186,9006,6178,2,145.78,mauza
26,25,7,,19,484,86,Bhede Basti,403,334,0,69,1347,734,613,0,119.74,village
26,25,7,,19,484,280,Godown Para,389,314,0,75,1183,668,514,1,129.96,village
26,25,7,,19,484,695,T & T Colony Banani,4154,3244,1,909,12656,7604,5051,1,150.54,village
26,25,7,,20,,,Ward No. 20 (Part),30022,23748,17,6257,98430,56497,41928,5,134.75,union_ward
26,25,7,,20,484,,Mahakhali*,30022,23748,17,6257,98430,56497,41928,5,134.75,mauza
26,25,7,,20,484,68,Dakkhinpara,264,232,0,32,870,465,405,0,114.81,village
26,25,7,,20,484,70,Beltola,2117,1624,0,493,6139,3442,2697,0,127.62,village
26,25,7,,20,484,168,Icddrb (Cholera) Hospital,1821,1343,1,477,5941,3431,2510,0,136.69,village
26,25,7,,20,484,187,Ershad Nagar,1256,957,0,299,3628,2014,1614,0,124.78,village
26,25,7,,20,484,248,Mahakhali Bazar,87,73,0,14,313,165,147,1,112.24,village
26,25,7,,20,484,282,Gp-Ka Hospital,4269,3514,0,755,15153,8733,6419,1,136.05,village
26,25,7,,20,484,283,Gp-Ga,3329,2244,2,1083,11143,6926,4217,0,164.24,village
26,25,7,,20,484,368,Saattala (I.D. Hospital,8334,7402,0,932,24469,13048,11418,3,114.28,village
26,25,7,,20,484,372,Ja Block,1930,1416,4,510,7611,4472,3139,0,142.47,village
26,25,7,,20,484,387,Ta Block,142,83,0,59,589,437,152,0,287.5,village
26,25,7,,20,484,388,"T B Gate (Caa,Cha-Block)",4671,3379,0,1292,15172,9023,6149,0,146.74,village
26,25,7,,20,484,396,Tb Hospital,781,714,4,63,2738,1420,1318,0,107.74,village
26,25,7,,20,484,448,Wireless,873,625,4,244,3880,2435,1445,0,168.51,village
26,25,7,,20,484,741,T&T Colony,148,142,2,4,784,486,298,0,163.09,village
26,25,8,,,,,Cantonment Thana,33651,30212,85,3354,135785,72064,63721,0,113.09,upazila_thana
26,25,8,,15,,,Ward No. 15 (Part),16046,15517,13,516,64231,33073,31158,0,106.15,union_ward
26,25,8,,15,370,,Joar Sahara (Part)*,16046,15517,13,516,64231,33073,31158,0,106.15,mauza
26,25,8,,15,370,248,Manikdi,10339,9928,8,403,41171,21418,19753,0,108.43,village
26,25,8,,15,370,256,Matikata,5707,5589,5,113,23060,11655,11405,0,102.19,village
26,25,8,,98,,,Ward No. 98 (Restricted Area),17605,14695,72,2838,71554,38991,32563,0,119.74,union_ward
26,25,8,,98,76,,Bhatara (Part)*,3146,2064,0,1082,9070,5239,3831,0,136.75,mauza
26,25,8,,98,76,28,Baridhara Dohs Area,3146,2064,0,1082,9070,5239,3831,0,136.75,village
26,25,8,,98,114,,Chhota Magbazar (Part)*,2258,1393,0,865,8419,4947,3472,0,142.48,mauza
26,25,8,,98,114,248,Mahakhali Dohs Area,2258,1393,0,865,8419,4947,3472,0,142.48,village
26,25,8,,98,154,,Dhamalkoat (Part)*,1051,840,0,211,4390,2225,2165,0,102.77,mauza
26,25,8,,98,154,76,Banani Officers Residential Area,1051,840,0,211,4390,2225,2165,0,102.77,village
26,25,8,,98,334,,Ibrahimpur (Part)*,590,589,0,1,2314,1174,1140,0,102.98,mauza
26,25,8,,98,334,368,"Senapalli Residential Area, Mirpur-14",590,589,0,1,2314,1174,1140,0,102.98,village
26,25,8,,98,375,,Joarsahara (Part)*,5126,4526,43,557,22422,12261,10161,0,120.67,mauza
26,25,8,,98,375,29,Shaheed Bashar Road Area,57,56,1,0,288,122,166,0,73.49,village
26,25,8,,98,375,48,Baf Bangabandhu Office Area,1783,1266,17,500,7246,4465,2781,0,160.55,village
26,25,8,,98,375,63,Armed Forces Medical College Area,32,30,0,2,116,59,57,0,103.51,village
26,25,8,,98,375,104,Cmh Area,450,427,9,14,2903,1501,1402,0,107.06,village
26,25,8,,98,375,112,Cmtd Area,374,345,10,19,1621,953,668,0,142.66,village
26,25,8,,98,375,428,Shaheed Mannan Line Area,965,957,1,7,3903,1929,1974,0,97.72,village
26,25,8,,98,375,436,Shaheed Mostafa Kamal Line Area,969,957,0,12,3742,1858,1884,0,98.62,village
26,25,8,,98,375,568,Zia Colony Area,496,488,5,3,2603,1374,1229,0,111.8,village
26,25,8,,98,413,,Kafrul (Part)*,2724,2633,12,79,12854,7028,5826,0,120.63,mauza
26,25,8,,98,413,12,Rajanigandha Bazar Area,1574,1500,2,72,6503,3189,3314,0,96.23,village
26,25,8,,98,413,36,Baf Saudi Colony Area,844,829,10,5,5045,3241,1804,0,179.66,village
26,25,8,,98,413,348,Rajanigandha Officers Residential Area,306,304,0,2,1306,598,708,0,84.46,village
26,25,8,,98,454,,Lalasarai (Part)*,2316,2273,6,37,9953,4874,5079,0,95.96,mauza
26,25,8,,98,454,24,Aziz Palli Officers Residential Area,70,69,0,1,382,191,191,0,100,village
26,25,8,,98,454,29,Nirjhar Residential Area,651,637,6,8,2827,1360,1467,0,92.71,village
26,25,8,,98,454,43,Adamjee Cantonment School And College Area,46,41,0,5,233,128,105,0,121.9,village
26,25,8,,98,454,88,E-In-Cs Residential Area,105,103,0,2,443,216,227,0,95.15,village
26,25,8,,98,454,368,Sailor Colony Area Mirpur-14,557,556,0,1,2265,1111,1154,0,96.27,village
26,25,8,,98,454,376,Senabhaban Area,1,1,0,0,6,2,4,0,50,village
26,25,8,,98,454,384,Shaheed Anwar Girls School And College Area,96,95,0,1,440,217,223,0,97.31,village
26,25,8,,98,454,392,Shaheed Moinul Road Area,473,454,0,19,2083,1012,1071,0,94.49,village
26,25,8,,98,454,400,Shaheed Yusuf Road Residential Area,317,317,0,0,1274,637,637,0,100,village
26,25,8,,98,710,,Samair*,394,377,11,6,2132,1243,889,0,139.82,mauza
26,25,8,,98,710,28,Banani Officers Residential Area,145,145,0,0,617,272,345,0,78.84,village
26,25,8,,98,710,520,Naval Hed Quarter Area,249,232,11,6,1515,971,544,0,178.49,village
26,25,10,,,,,Dakkhinkhan Thana,108255,102061,130,6064,396942,212624,184313,5,115.36,upazila_thana
26,25,10,,47,,,Ward No. 47,26803,25321,22,1460,94607,50390,44217,0,113.96,union_ward
26,25,10,,47,38,,Abdullahpur*,2483,2295,1,187,7763,4469,3294,0,135.67,mauza
26,25,10,,47,38,41,Abdullahpur,2483,2295,1,187,7763,4469,3294,0,135.67,village
26,25,10,,47,227,,Faydabad*,15959,15098,11,850,56913,29954,26959,0,111.11,mauza
26,25,10,,47,227,108,Faydabad,14329,13554,10,765,51183,26947,24236,0,111.19,village
26,25,10,,47,227,128,Goaltek,1630,1544,1,85,5730,3007,2723,0,110.43,village
26,25,10,,47,487,,Moshair*,8361,7928,10,423,29931,15967,13964,0,114.34,mauza
26,25,10,,47,487,123,Chalaband,4761,4519,6,236,16965,8995,7970,0,112.86,village
26,25,10,,47,487,248,Moshair,3600,3409,4,187,12966,6972,5994,0,116.32,village
26,25,10,,48,,,Ward No. 48 (Part),20559,19901,26,632,75880,39796,36082,2,110.29,union_ward
26,25,10,,48,39,,Anul*,1981,1899,5,77,7278,3846,3432,0,112.06,mauza
26,25,10,,48,39,57,Anul,1981,1899,5,77,7278,3846,3432,0,112.06,village
26,25,10,,48,152,,Dakkhinkhan (Part)*,18578,18002,21,555,68602,35950,32650,2,110.11,mauza
26,25,10,,48,152,128,Dakkin Khan Part,4872,4749,2,121,17999,9309,8690,0,107.12,village
26,25,10,,48,152,148,Halan,6275,6040,9,226,22748,12009,10738,1,111.84,village
26,25,10,,48,152,368,Sonarkhola,7431,7213,10,208,27855,14632,13222,1,110.66,village
26,25,10,,49,,,Ward No. 49,28052,26228,53,1771,107370,58169,49201,0,118.23,union_ward
26,25,10,,49,152,,Dakkhinkhan (Part)*,28052,26228,53,1771,107370,58169,49201,0,118.23,mauza
26,25,10,,49,152,64,Ashkona,8697,8038,18,641,33014,17974,15040,0,119.51,village
26,25,10,,49,152,208,Kaolar,8053,7707,14,332,31674,17065,14609,0,116.81,village
26,25,10,,49,152,261,Gawair Part-1,7464,6899,14,551,28325,15426,12899,0,119.59,village
26,25,10,,49,152,262,Gawair Part-2,3838,3584,7,247,14357,7704,6653,0,115.8,village
26,25,10,,50,,,Ward No. 50 (Part),32841,30611,29,2201,119085,64269,54813,3,117.25,union_ward
26,25,10,,50,152,,Dakkhinkhan (Part)*,14436,13343,18,1075,51918,27812,24106,0,115.37,mauza
26,25,10,,50,152,168,Irshal(Part),2358,1973,3,382,8059,4593,3466,0,132.52,village
26,25,10,,50,152,210,Faedabad Part,3629,3541,1,87,12613,6519,6094,0,106.97,village
26,25,10,,50,152,248,Mollartek,8449,7829,14,606,31246,16700,14546,0,114.81,village
26,25,10,,50,599,,Purakar*,18405,17268,11,1126,67167,36457,30707,3,118.73,mauza
26,25,10,,50,599,74,Azampur,18405,17268,11,1126,67167,36457,30707,3,118.73,village
26,25,11,,,,,Darussalam Thana,57042,52470,66,4506,211296,114572,96714,10,118.46,upazila_thana
26,25,11,,9,,,Ward No. 09,19498,17938,27,1533,76445,42629,33811,5,126.08,union_ward
26,25,11,,9,37,,Anandanagar*,1744,1694,4,46,6951,3681,3270,0,112.57,mauza
26,25,11,,9,37,57,Anandanagar,1744,1694,4,46,6951,3681,3270,0,112.57,village
26,25,11,,9,114,,Chhota Diabari*,1795,1691,1,103,6260,3344,2916,0,114.68,mauza
26,25,11,,9,114,48,Chhota Diabari,1795,1691,1,103,6260,3344,2916,0,114.68,village
26,25,11,,9,295,,Harirampur*,1818,1752,6,60,8584,5037,3545,2,142.09,mauza
26,25,11,,9,295,148,Harirampur,1818,1752,6,60,8584,5037,3545,2,142.09,village
26,25,11,,9,368,,Jahurabad*,4188,4063,7,118,16045,8520,7525,0,113.22,mauza
26,25,11,,9,368,128,Golartek,1620,1587,4,29,6425,3414,3011,0,113.38,village
26,25,11,,9,368,188,Jahanabad,680,640,3,37,2610,1462,1148,0,127.35,village
26,25,11,,9,368,196,Jahurabad,1888,1836,0,52,7010,3644,3366,0,108.26,village
26,25,11,,9,478,,Mirpur (Part)*,8154,6987,9,1158,31281,18337,12941,3,141.7,mauza
26,25,11,,9,478,28,Bagbari,2898,2646,4,248,11311,6331,4977,3,127.21,village
26,25,11,,9,478,68,Dwipnagar,2084,1600,0,484,7696,4909,2787,0,176.14,village
26,25,11,,9,478,208,Kotbari,1886,1574,1,311,7201,4216,2985,0,141.24,village
26,25,11,,9,478,248,Mirpur Bazar,1286,1167,4,115,5073,2881,2192,0,131.43,village
26,25,11,,9,590,,Pashchim Kandar*,1799,1751,0,48,7324,3710,3614,0,102.66,mauza
26,25,11,,9,590,28,Bardhanbari,1799,1751,0,48,7324,3710,3614,0,102.66,village
26,25,11,,10,,,Ward No. 10,27309,25030,32,2247,92961,49641,43315,5,114.6,union_ward
26,25,11,,10,74,,Bara Sayek (Part)*,6629,6071,20,538,21353,11519,9834,0,117.13,mauza
26,25,11,,10,74,68,Darussalam,6629,6071,20,538,21353,11519,9834,0,117.13,village
26,25,11,,10,75,,Basupara*,5855,5575,3,277,20576,10501,10075,0,104.23,mauza
26,25,11,,10,75,388,Third Colony,5855,5575,3,277,20576,10501,10075,0,104.23,village
26,25,11,,10,76,,Bishil (Part)*,410,400,0,10,1368,741,627,0,118.18,mauza
26,25,11,,10,76,88,Eastern Housing Project-1,116,111,0,5,381,209,172,0,121.51,village
26,25,11,,10,76,96,Eastern Housing Project-2,294,289,0,5,987,532,455,0,116.92,village
26,25,11,,10,405,,Khojarbag*,5130,4869,5,256,18979,9930,9048,1,109.75,mauza
26,25,11,,10,405,368,Second Colony,5130,4869,5,256,18979,9930,9048,1,109.75,village
26,25,11,,10,479,,Mirpur (Part)*,3531,2663,3,865,10068,5949,4115,4,144.57,mauza
26,25,11,,10,479,128,Gabtali,302,283,0,19,1014,575,436,3,131.88,village
26,25,11,,10,479,136,Gaidartek,3229,2380,3,846,9054,5374,3679,1,146.07,village
26,25,11,,10,516,,Nandarbag*,5754,5452,1,301,20617,11001,9616,0,114.4,mauza
26,25,11,,10,516,108,First Colony,5754,5452,1,301,20617,11001,9616,0,114.4,village
26,25,11,,12,,,Ward No. 12 (Part),10235,9502,7,726,41890,22302,19588,0,113.86,union_ward
26,25,11,,12,595,,Paikpara (Part)*,7454,6972,6,476,30300,15836,14464,0,109.49,mauza
26,25,11,,12,595,76,Bangla College Staff Quarter,571,527,1,43,2576,1514,1062,0,142.56,village
26,25,11,,12,595,388,Tolarbag,5995,5593,5,397,23962,12419,11543,0,107.59,village
26,25,11,,12,595,715,Shikha Road And Pwd Staff,888,852,0,36,3762,1903,1859,0,102.37,village
26,25,11,,12,709,,Senpara Parbata (Part)*,2781,2530,1,250,11590,6466,5124,0,126.19,mauza
26,25,11,,12,709,725,Dakshin Bishil,2781,2530,1,250,11590,6466,5124,0,126.19,village
26,25,16,,,,,Dhanmondi Thana,7413,6236,16,1161,26790,15003,11786,1,127.3,upazila_thana
26,25,16,,34,,,Ward No. 34 (Part),7413,6236,16,1161,26790,15003,11786,1,127.3,union_ward
26,25,16,,34,712,,Sarai Jafarabad (Part)*,7413,6236,16,1161,26790,15003,11786,1,127.3,mauza
26,25,16,,34,712,248,Madhubazar,2856,2572,3,281,10194,5765,4428,1,130.19,village
26,25,16,,34,712,368,Shankar,4557,3664,13,880,16596,9238,7358,0,125.55,village
26,25,21,,,,,Bhasantek Thana,31058,30033,30,995,117971,61268,56702,1,108.05,upazila_thana
26,25,21,,15,,,Ward No. 15 (Part),31058,30033,30,995,117971,61268,56702,1,108.05,union_ward
26,25,21,,15,149,,Dhamalkot*,3209,3077,5,127,11879,6369,5510,0,115.59,mauza
26,25,21,,15,149,68,Dhamalkot,3209,3077,5,127,11879,6369,5510,0,115.59,village
26,25,21,,15,375,,Joar Shahara (Part)*,17528,17072,14,442,65749,33969,31779,1,106.89,mauza
26,25,21,,15,375,28,Bhasantek,15435,15009,13,413,57728,29696,28031,1,105.94,village
26,25,21,,15,375,68,Dewanpara,2093,2063,1,29,8021,4273,3748,0,114.01,village
26,25,21,,15,446,,Lalasarai*,10321,9884,11,426,40343,20930,19413,0,107.81,mauza
26,25,21,,15,446,216,Kachukhet,4911,4698,3,210,19933,10193,9740,0,104.65,village
26,25,21,,15,446,228,Lalasarai,5410,5186,8,216,20410,10737,9673,0,111,village
26,25,22,,,,,Bhatara Thana,91275,78377,117,12781,324304,183330,140970,4,130.05,upazila_thana
26,25,22,,17,,,Ward No. 17 (Part),39506,32805,56,6645,139938,78436,61500,2,127.54,union_ward
26,25,22,,17,75,,Bhatara (Part)*,17609,14203,18,3388,61891,33505,28384,2,118.04,mauza
26,25,22,,17,75,1,Basundhara Block B,1350,972,4,374,4675,2451,2224,0,110.21,village
26,25,22,,17,75,2,Basundhara Block-C,2273,1635,2,636,8343,4481,3862,0,116.03,village
26,25,22,,17,75,3,Basundhara Block-D,2940,2388,2,550,10321,5580,4741,0,117.7,village
26,25,22,,17,75,4,Basundhara Block-E,1365,1099,2,264,4480,2422,2058,0,117.69,village
26,25,22,,17,75,5,Basundhara Block-F,3310,2836,0,474,11559,5686,5873,0,96.82,village
26,25,22,,17,75,7,Basundhara Block-H,490,358,1,131,2050,1295,755,0,171.52,village
26,25,22,,17,75,8,Basundhara Block-I,1500,1229,1,270,4792,2615,2177,0,120.12,village
26,25,22,,17,75,9,Basundhara Block-J,290,228,2,60,1409,986,423,0,233.1,village
26,25,22,,17,75,29,Basundhara Block-A,1872,1575,1,296,6725,3671,3054,0,120.2,village
26,25,22,,17,75,36,Basundhara Block-G,2219,1883,3,333,7537,4318,3217,2,134.22,village
26,25,22,,17,372,,Joarsahara (Part)*,12129,10609,26,1494,44809,25966,18843,0,137.8,mauza
26,25,22,,17,372,54,Alipara,778,723,0,55,2610,1463,1147,0,127.55,village
26,25,22,,17,372,188,Jagannathpur,4752,3947,15,790,17985,10920,7065,0,154.56,village
26,25,22,,17,372,196,Joarsahara Bazar,5861,5325,9,527,21584,11942,9642,0,123.85,village
26,25,22,,17,372,204,Joarsahara Khanpara,738,614,2,122,2630,1641,989,0,165.93,village
26,25,22,,17,375,,Joar Sahara (Part)*,9768,7993,12,1763,33238,18965,14273,0,132.87,mauza
26,25,22,,17,375,68,Dakkhin Kuril,1863,1554,2,307,6588,3714,2874,0,129.23,village
26,25,22,,17,375,208,Kuril,1454,1168,2,284,5074,3051,2023,0,150.82,village
26,25,22,,17,375,248,Madhyam Kuril,2245,1785,3,457,7316,4179,3137,0,133.22,village
26,25,22,,17,375,408,Uttar Kuril,4206,3486,5,715,14260,8021,6239,0,128.56,village
26,25,22,,39,,,Ward No. 39,20594,17716,21,2857,74320,42214,32105,1,131.49,union_ward
26,25,22,,39,75,,Bhatara (Part)*,20594,17716,21,2857,74320,42214,32105,1,131.49,mauza
26,25,22,,39,75,28,Baridhara J Block,625,523,2,100,2331,1313,1018,0,128.98,village
26,25,22,,39,75,236,Khilbarirtek,8383,6987,4,1392,30308,17249,13058,1,132.1,village
26,25,22,,39,75,304,Nurerchala,11586,10206,15,1365,41681,23652,18029,0,131.19,village
26,25,22,,40,,,Ward No. 40,31175,27856,40,3279,110046,62680,47365,1,132.33,union_ward
26,25,22,,40,75,,Bhatara (Part)*,31175,27856,40,3279,110046,62680,47365,1,132.33,mauza
26,25,22,,40,75,52,Bhatara,9134,8046,5,1083,31867,17982,13885,0,129.51,village
26,25,22,,40,75,68,Chholmaid (Part 1&2),13504,12542,14,948,48409,26514,21894,1,121.1,village
26,25,22,,40,75,76,Baridara J Blook,946,575,12,359,4853,3895,958,0,406.58,village
26,25,22,,40,75,296,Nayanagar,7591,6693,9,889,24917,14289,10628,0,134.45,village
26,25,26,,,,,Gulshan Thana,30002,24944,37,5021,110216,61383,48830,3,125.71,upazila_thana
26,25,26,,18,,,Ward No. 18,18050,15677,10,2363,63097,35059,28036,2,125.05,union_ward
26,25,26,,18,75,,Bhatara (Part)*,18050,15677,10,2363,63097,35059,28036,2,125.05,mauza
26,25,26,,18,75,36,Baridhara Block-K,1357,1091,1,265,3919,2309,1610,0,143.42,village
26,25,26,,18,75,228,Kalachandpur,7650,6986,3,661,26476,14271,12205,0,116.93,village
26,25,26,,18,75,288,Nadda,3417,2817,6,594,12823,7318,5503,2,132.98,village
26,25,26,,18,75,328,Pashchim Shahjadpur,4077,3519,0,558,14636,8158,6478,0,125.93,village
26,25,26,,18,75,336,Purba Shahjadpur,1549,1264,0,285,5243,3003,2240,0,134.06,village
26,25,26,,19,,,Ward No. 19 (Part),8641,6619,24,1998,35260,20077,15182,1,132.24,union_ward
26,25,26,,19,260,,Gulshan Abasik Elaka*,8641,6619,24,1998,35260,20077,15182,1,132.24,mauza
26,25,26,,19,260,128,Gulshan Central Dakkhin Pashchim,677,429,4,244,2845,1589,1256,0,126.51,village
26,25,26,,19,260,136,Gulshan Central Dakkhin Purba,943,799,1,143,3555,1906,1649,0,115.59,village
26,25,26,,19,260,144,Gulshan Central Pashchim-Uttar,1317,898,5,414,5568,3251,2317,0,140.31,village
26,25,26,,19,260,152,Gulshan Central Purba-Uttar,1728,1265,5,458,6955,3846,3109,0,123.71,village
26,25,26,,19,260,160,Gulshan Dakkhin Pashchim,916,643,1,272,3661,2099,1561,1,134.47,village
26,25,26,,19,260,168,Gulshan Dakkhin Purba,460,363,0,97,1519,806,713,0,113.04,village
26,25,26,,19,260,176,Gulshan Uttar Pashchim,1360,1235,8,117,6334,3829,2505,0,152.85,village
26,25,26,,19,260,184,Gulshan Uttar Purba,1240,987,0,253,4823,2751,2072,0,132.77,village
26,25,26,,20,,,Ward No. 20 (Part),3311,2648,3,660,11859,6247,5612,0,111.32,union_ward
26,25,26,,20,484,,Mahakhali (Part)*,3311,2648,3,660,11859,6247,5612,0,111.32,mauza
26,25,26,,20,484,268,Niketon,3311,2648,3,660,11859,6247,5612,0,111.32,village
26,25,27,,,,,Hatirjheel Thana,21617,19566,30,2021,79974,43510,36464,0,119.32,upazila_thana
26,25,27,,22,,,Ward No. 22 (Part),21617,19566,30,2021,79974,43510,36464,0,119.32,union_ward
26,25,27,,22,594,,Pashchim Ulan*,21409,19393,30,1986,79153,43031,36122,0,119.13,mauza
26,25,27,,22,594,28,Bagichartek,1695,1590,1,104,5886,3162,2724,0,116.08,village
26,25,27,,22,594,36,Bandhunibash,440,381,2,57,2147,1416,731,0,193.71,village
26,25,27,,22,594,68,Daspara,166,152,0,14,537,300,237,0,126.58,village
26,25,27,,22,594,248,Mahanagar Project,2528,2302,6,220,9334,5090,4244,0,119.93,village
26,25,27,,22,594,256,Makki Masjid Gali,898,763,1,134,3089,1713,1376,0,124.49,village
26,25,27,,22,594,258,Palash Bugh,540,518,1,21,1910,959,951,0,100.84,village
26,25,27,,22,594,268,Nasirertek,975,911,2,62,3862,2130,1732,0,122.98,village
26,25,27,,22,594,288,Omar Ali Lane,1426,1383,0,43,5290,2893,2397,0,120.69,village
26,25,27,,22,594,316,Pashchim Hajipara,1152,1088,0,64,4478,2399,2079,0,115.39,village
26,25,27,,22,594,324,Pashchim Rampura,5422,4845,13,564,21275,11442,9833,0,116.36,village
26,25,27,,22,594,368,Shimulbag,245,221,1,23,1004,544,460,0,118.26,village
26,25,27,,22,594,408,Ulan,5922,5239,3,680,20341,10983,9358,0,117.36,village
26,25,27,,22,781,,Ulan*,208,173,0,35,821,479,342,0,140.06,mauza
26,25,27,,22,781,268,Nasirer Tek,208,173,0,35,821,479,342,0,140.06,village
26,25,30,,,,,Kafrul Thana,87102,81651,93,5358,339789,186301,153483,5,121.38,upazila_thana
26,25,30,,4,,,Ward No. 04,22952,21138,47,1767,95092,56531,38559,2,146.61,union_ward
26,25,30,,4,784,,Uttar Senpara (Part)*,22952,21138,47,1767,95092,56531,38559,2,146.61,mauza
26,25,30,,4,784,28,Baishteki,7619,7097,3,519,26167,13744,12423,0,110.63,village
26,25,30,,4,784,368,Section-13 Block-A,2323,2118,6,199,8831,4938,3893,0,126.84,village
26,25,30,,4,784,376,Section-13 Block-B,3177,3007,2,168,11580,6221,5359,0,116.09,village
26,25,30,,4,784,384,Section-13 Block-C,2916,2722,2,192,10142,5620,4520,2,124.34,village
26,25,30,,4,784,400,Section-14 Block-D,3314,2789,1,524,11736,6411,5325,0,120.39,village
26,25,30,,4,784,424,"Section-14,Housing Staff Quarter",3603,3405,33,165,26636,19597,7039,0,278.41,village
26,25,30,,14,,,Ward No. 14 (Part),27406,25596,21,1789,100387,53680,46704,3,114.94,union_ward
26,25,30,,14,709,,Senpara Parbata (Part)*,27406,25596,21,1789,100387,53680,46704,3,114.94,mauza
26,25,30,,14,709,308,Purba Kazipara,9654,9095,10,549,34440,18419,16018,3,114.99,village
26,25,30,,14,709,316,Purba Senpara Parbata,10156,9348,3,805,37233,20086,17147,0,117.14,village
26,25,30,,14,709,324,Purba Shewrapara,7596,7153,8,435,28714,15175,13539,0,112.08,village
26,25,30,,16,,,Ward No. 16,36744,34917,25,1802,144310,76090,68220,0,111.54,union_ward
26,25,30,,16,334,,Ibrahimpur*,18525,17788,14,723,72411,38228,34183,0,111.83,mauza
26,25,30,,16,334,68,Dakkhin Ibrahimpur,5946,5620,3,323,22848,12374,10474,0,118.14,village
26,25,30,,16,334,408,Uttar Ibrahimpur,12579,12168,11,400,49563,25854,23709,0,109.05,village
26,25,30,,16,409,,Kafrul (Part)*,18219,17129,11,1079,71899,37862,34037,0,111.24,mauza
26,25,30,,16,409,68,Dakkhin Kafrul,3028,2933,1,94,11313,5685,5628,0,101.01,village
26,25,30,,16,409,408,Uttar Kafrul,6997,6773,6,218,27647,14431,13216,0,109.19,village
26,25,30,,16,409,594,Pashchim Kafrul,6260,5629,4,627,25526,13973,11553,0,120.95,village
26,25,30,,16,409,622,Purba Kafrul,1934,1794,0,140,7413,3773,3640,0,103.65,village
26,25,37,,,,,Khilkhet Thana,49819,43732,47,6040,176429,99472,76955,2,129.26,upazila_thana
26,25,37,,17,,,Ward No. 17 (Part),40894,35040,32,5822,142761,81800,60959,2,134.19,union_ward
26,25,37,,17,373,,Joar Sahara (Part)*,40894,35040,32,5822,142761,81800,60959,2,134.19,mauza
26,25,37,,17,373,48,Concord Lakecity,2064,1765,0,299,7208,3880,3328,0,116.59,village
26,25,37,,17,373,208,Khilkhet Amtala,1589,1570,0,19,5182,2887,2295,0,125.8,village
26,25,37,,17,373,216,Khilkhet Battala,2196,1862,3,331,8038,4551,3487,0,130.51,village
26,25,37,,17,373,224,Khilkhet Beparipara,777,684,0,93,2996,1698,1298,0,130.82,village
26,25,37,,17,373,240,Khilkhet Khanpara,1996,1528,1,467,6724,4150,2574,0,161.23,village
26,25,37,,17,373,248,Khilkhet Madhyapara,4477,3946,2,529,15425,8558,6867,0,124.63,village
26,25,37,,17,373,256,Khilkhet Namapara,3418,3316,3,99,11930,6321,5609,0,112.69,village
26,25,37,,17,373,264,Khilkhet Purbapara,2138,2000,2,136,8210,4510,3700,0,121.89,village
26,25,37,,17,373,272,Khilkhet Tanpara,6721,5532,7,1182,23315,13789,9526,0,144.75,village
26,25,37,,17,373,280,Khilkhet Tilartek,1347,1273,0,74,4903,2604,2299,0,113.27,village
26,25,37,,17,373,288,Khilkhet Uttarpara,3735,3544,1,190,12851,6943,5906,2,117.56,village
26,25,37,,17,373,296,Kuratali,3949,3232,5,712,14076,7924,6152,0,128.8,village
26,25,37,,17,373,348,Nikunja-1,388,331,1,56,1534,929,605,0,153.55,village
26,25,37,,17,373,356,Nikunja-2,6099,4457,7,1635,20369,13056,7313,0,178.53,village
26,25,37,,43,,,Ward No. 43,4738,4621,8,109,19337,10114,9223,0,109.66,union_ward
26,25,37,,43,149,,Dhelna*,296,286,1,9,1163,623,540,0,115.37,mauza
26,25,37,,43,149,68,Dhelna Dakkhinpara,129,122,1,6,533,279,254,0,109.84,village
26,25,37,,43,149,76,Dhelna Purbapara,85,82,0,3,323,180,143,0,125.87,village
26,25,37,,43,149,84,Dhelna Uttarpara,82,82,0,0,307,164,143,0,114.69,village
26,25,37,,43,150,,Dumni*,1473,1416,1,56,6030,3183,2847,0,111.8,mauza
26,25,37,,43,150,68,Dumni Ahabarpara (Pink City),170,163,0,7,685,358,327,0,109.48,village
26,25,37,,43,150,76,Dumni Banglapara,120,120,0,0,482,259,223,0,116.14,village
26,25,37,,43,150,84,Dumni Barudiartek,335,325,1,9,1401,753,648,0,116.2,village
26,25,37,,43,150,92,Dumni Khaledpara,207,205,0,2,822,419,403,0,103.97,village
26,25,37,,43,150,100,Dumni Nayapara,389,354,0,35,1533,802,731,0,109.71,village
26,25,37,,43,150,108,Dumni Shaldipara (Pink City),97,95,0,2,425,231,194,0,119.07,village
26,25,37,,43,150,116,Dumni Tekpara,155,154,0,1,682,361,321,0,112.46,village
26,25,37,,43,411,,Kanthaldia*,302,293,1,8,1315,690,625,0,110.4,mauza
26,25,37,,43,411,208,Kanthaldia,302,293,1,8,1315,690,625,0,110.4,village
26,25,37,,43,486,,Mastul*,511,504,4,3,2073,1124,949,0,118.44,mauza
26,25,37,,43,486,248,Mastul Bhuiyanpara (Uttarpara),182,177,3,2,765,441,324,0,136.11,village
26,25,37,,43,486,256,Mastul Khanpara (Bakpara),329,327,1,1,1308,683,625,0,109.28,village
26,25,37,,43,598,,Patira*,1513,1490,1,22,5953,3108,2845,0,109.24,mauza
26,25,37,,43,598,308,Patira Ahaliapara,189,189,0,0,774,405,369,0,109.76,village
26,25,37,,43,598,316,Patira Bhuiyanpara,178,173,0,5,691,335,356,0,94.1,village
26,25,37,,43,598,324,Patira Dakkhin Purbapara,207,195,0,12,792,439,353,0,124.36,village
26,25,37,,43,598,332,Patira Jadurtek,45,44,0,1,199,98,101,0,97.03,village
26,25,37,,43,598,340,Patira Kafilabari,78,77,0,1,307,158,149,0,106.04,village
26,25,37,,43,598,348,Patira Lengartek,73,73,0,0,284,141,143,0,98.6,village
26,25,37,,43,598,356,Patira Madhyapara,118,118,0,0,471,273,198,0,137.88,village
26,25,37,,43,598,364,Patira Pashchimpara,297,294,0,3,998,507,491,0,103.26,village
26,25,37,,43,598,372,Patira Purbapara,189,188,1,0,841,441,400,0,110.25,village
26,25,37,,43,598,380,Patira Rhishipara,55,55,0,0,265,136,129,0,105.43,village
26,25,37,,43,598,388,Patira Sonartek,84,84,0,0,331,175,156,0,112.18,village
26,25,37,,43,747,,Talna*,643,632,0,11,2803,1386,1417,0,97.81,mauza
26,25,37,,43,747,268,Nakuni,153,150,0,3,642,331,311,0,106.43,village
26,25,37,,43,747,308,Purba Talna (Batenbari),25,25,0,0,93,42,51,0,82.35,village
26,25,37,,43,747,388,Talna Dakkhinpara,101,101,0,0,449,205,244,0,84.02,village
26,25,37,,43,747,396,Talna Minartek,88,87,0,1,420,215,205,0,104.88,village
26,25,37,,43,747,404,Talna Pashchimpara,116,110,0,6,483,246,237,0,103.8,village
26,25,37,,43,747,412,Talna Purbapara,60,59,0,1,291,142,149,0,95.3,village
26,25,37,,43,747,420,Talna Uttarpara,100,100,0,0,425,205,220,0,93.18,village
26,25,37,,48,,,Ward No. 48 (Part),4187,4071,7,109,14331,7558,6773,0,111.59,union_ward
26,25,37,,48,77,,Barua*,4187,4071,7,109,14331,7558,6773,0,111.59,mauza
26,25,37,,48,77,385,Khilkhet Barua,4187,4071,7,109,14331,7558,6773,0,111.59,village
26,25,48,,,,,Mirpur Thana,144028,133530,147,10351,546212,293068,253135,9,115.78,upazila_thana
26,25,48,,7,,,Ward No. 07 (Part),17356,15746,37,1573,68103,36947,31156,0,118.59,union_ward
26,25,48,,7,709,,Senpara Parbata (Part)*,17356,15746,37,1573,68103,36947,31156,0,118.59,mauza
26,25,48,,7,709,268,Nasimbag,230,228,0,2,902,439,463,0,94.82,village
26,25,48,,7,709,388,Section-2 Block-A,1538,1422,5,111,6145,3307,2838,0,116.53,village
26,25,48,,7,709,396,Section-2 Block-B,676,656,0,20,2706,1390,1316,0,105.62,village
26,25,48,,7,709,404,Section-2 Block-C,879,829,1,49,3523,1790,1733,0,103.29,village
26,25,48,,7,709,412,Section-2 Block-Cha,1152,980,8,164,4695,2830,1865,0,151.74,village
26,25,48,,7,709,420,Section-2 Block-D,968,913,2,53,3883,1930,1953,0,98.82,village
26,25,48,,7,709,428,Section-2 Block-E,572,539,0,33,2115,1071,1044,0,102.59,village
26,25,48,,7,709,436,Section-2 Block-F,911,836,3,72,3487,1723,1764,0,97.68,village
26,25,48,,7,709,444,Section-2 Block-G,668,619,2,47,2670,1485,1185,0,125.32,village
26,25,48,,7,709,452,Section-2 Block-G-1,2017,1854,0,163,7734,4004,3730,0,107.35,village
26,25,48,,7,709,460,Section-2 Block-H,2649,2341,2,306,10256,5748,4508,0,127.51,village
26,25,48,,7,709,468,Section-2 Block-New-A,667,589,0,78,2548,1269,1279,0,99.22,village
26,25,48,,7,709,476,Section-6 Block-A,2839,2531,7,301,11069,6353,4716,0,134.71,village
26,25,48,,7,709,484,Section-6 Block-B,1590,1409,7,174,6370,3608,2762,0,130.63,village
26,25,48,,11,,,Ward No. 11,30763,28809,16,1938,114885,61216,53668,1,114.06,union_ward
26,25,48,,11,74,,Bara Sayek (Part)*,13443,12484,10,949,51069,27433,23636,0,116.06,mauza
26,25,48,,11,74,68,Dakkhin Kalyanpur,558,518,2,38,2514,1141,1373,0,83.1,village
26,25,48,,11,74,208,Kalyanpur-1,8070,7296,5,769,31163,17162,14001,0,122.58,village
26,25,48,,11,74,209,Kalyanpur-2,4815,4670,3,142,17392,9130,8262,0,110.51,village
26,25,48,,11,595,,Paikpara (Part)*,17320,16325,6,989,63816,33783,30032,1,112.49,mauza
26,25,48,,11,595,68,Dakkhin Paikpara,7389,6938,4,447,28189,14972,13216,1,113.29,village
26,25,48,,11,595,248,Madhya Paikpara,7707,7347,1,359,28224,14900,13324,0,111.83,village
26,25,48,,11,595,308,Paikpara,2224,2040,1,183,7403,3911,3492,0,112,village
26,25,48,,12,,,Ward No. 12 (Part),24555,22480,19,2056,93518,50229,43289,0,116.03,union_ward
26,25,48,,12,595,,Paikpara (Part)*,13554,12802,9,743,51527,27066,24461,0,110.65,mauza
26,25,48,,12,595,49,Ahammadnagar,13554,12802,9,743,51527,27066,24461,0,110.65,village
26,25,48,,12,709,,Senpara Parbata (Part)*,11001,9678,10,1313,41991,23163,18828,0,123.02,mauza
26,25,48,,12,709,188,Janata Housing,2005,1811,1,193,7709,4234,3475,0,121.84,village
26,25,48,,12,709,208,Kalwalapara,667,482,1,184,2664,1672,992,0,168.55,village
26,25,48,,12,709,500,Shah Alibag,8329,7385,8,936,31618,17257,14361,0,120.17,village
26,25,48,,13,,,Ward No. 13,45362,42995,48,2319,173330,91730,81593,7,112.42,union_ward
26,25,48,,13,709,,Senpara Parbata (Part)*,45362,42995,48,2319,173330,91730,81593,7,112.42,mauza
26,25,48,,13,709,28,Barabag,6228,5721,9,498,24321,13199,11122,0,118.67,village
26,25,48,,13,709,68,Dakkhin Manipur,4177,3982,7,188,15459,8115,7344,0,110.5,village
26,25,48,,13,709,76,Dakkhin Pirerbag,8113,7762,10,341,31941,17014,14924,3,114,village
26,25,48,,13,709,248,Madhya Pirerbag,6017,5786,1,230,22650,11797,10853,0,108.7,village
26,25,48,,13,709,316,Pashchim Manipur,2783,2661,6,116,10804,5677,5125,2,110.77,village
26,25,48,,13,709,340,Purba Manipur,6606,6131,7,468,24915,13383,11531,1,116.06,village
26,25,48,,13,709,455,Maddha Manipur,6023,5771,2,250,22950,11825,11125,0,106.29,village
26,25,48,,13,709,528,Uttar Pirerbag,4840,4638,6,196,18171,9590,8580,1,111.77,village
26,25,48,,13,709,555,Pashchim Pirerbag,575,543,0,32,2119,1130,989,0,114.26,village
26,25,48,,14,,,Ward No. 14 (Part),25992,23500,27,2465,96376,52946,43429,1,121.91,union_ward
26,25,48,,14,709,,Senpara Parbata (Part)*,25992,23500,27,2465,96376,52946,43429,1,121.91,mauza
26,25,48,,14,709,308,Pashchim Kazipara,5364,4638,4,722,19516,11008,8508,0,129.38,village
26,25,48,,14,709,324,Pashchim Shewrapara,16517,15286,12,1219,61441,33501,27939,1,119.91,village
26,25,48,,14,709,492,Senpara Parbata (Part),4111,3576,11,524,15419,8437,6982,0,120.84,village
26,25,50,,,,,Mohammadpur Thana,142864,128675,232,13957,527789,290670,237101,18,122.59,upazila_thana
26,25,50,,29,,,Ward No. 29,14475,13039,21,1415,57416,31860,25556,0,124.67,union_ward
26,25,50,,29,487,,Mohammadpur Residential Area*,14475,13039,21,1415,57416,31860,25556,0,124.67,mauza
26,25,50,,29,487,28,Bijlee Mahalla,1070,1009,2,59,4046,2140,1906,0,112.28,village
26,25,50,,29,487,74,Aziz Mahalla,4633,4127,3,503,18446,10362,8084,0,128.18,village
26,25,50,,29,487,188,Jahuri Mahalla,2170,1933,6,231,8830,4924,3906,0,126.06,village
26,25,50,,29,487,368,Shahjahan Road,404,390,0,14,1626,807,819,0,98.53,village
26,25,50,,29,487,388,Tajmahal Road,4089,3715,7,367,16570,9131,7439,0,122.74,village
26,25,50,,29,487,396,Tikkapara,2109,1865,3,241,7898,4496,3402,0,132.16,village
26,25,50,,31,,,Ward No. 31,13719,12445,18,1256,49049,26763,22286,0,120.09,union_ward
26,25,50,,31,485,,Mohammadpur (Part)*,13719,12445,18,1256,49049,26763,22286,0,120.09,mauza
26,25,50,,31,485,24,Azam Road,208,207,0,1,710,388,322,0,120.5,village
26,25,50,,31,485,64,Asad Avenue,325,304,0,21,1234,722,512,0,141.02,village
26,25,50,,31,485,208,Kazi Nazrul Islam Road,1388,1268,0,120,4695,2402,2293,0,104.75,village
26,25,50,,31,485,268,Noorjahan Road,2867,2574,2,291,9845,5344,4501,0,118.73,village
26,25,50,,31,485,348,Razia Sultana Road,1078,995,1,82,3802,2074,1728,0,120.02,village
26,25,50,,31,485,368,Saheed Salimullah Road,2016,1811,1,204,7338,4054,3284,0,123.45,village
26,25,50,,31,485,376,Shahjahan Road,561,510,0,51,2027,1061,966,0,109.83,village
26,25,50,,31,485,384,Sher Shah Suri Road,2515,2330,7,178,9401,5511,3890,0,141.67,village
26,25,50,,31,485,508,Zakir Hossain Road,2761,2446,7,308,9997,5207,4790,0,108.71,village
26,25,50,,32,,,Ward No. 32,20110,18400,30,1680,73267,38167,35098,2,108.74,union_ward
26,25,50,,32,447,,Lalmatia R /A*,5073,4568,15,490,21103,10697,10406,0,102.8,mauza
26,25,50,,32,447,228,Lalmatia Block-A (Bir Uttam Khaled Mosharaf Sarak,587,546,0,41,2233,1157,1076,0,107.53,village
26,25,50,,32,447,236,Lalmatia Block-B,1318,1145,3,170,5324,2622,2702,0,97.04,village
26,25,50,,32,447,244,Lalmatia Block-C,733,677,0,56,3052,1596,1456,0,109.62,village
26,25,50,,32,447,252,Lalmatia Block-D,575,519,0,56,2127,1077,1050,0,102.57,village
26,25,50,,32,447,260,Lalmatia Block-E,588,533,3,52,2350,1155,1195,0,96.65,village
26,25,50,,32,447,268,Lalmatia Block-F,659,587,7,65,3540,1894,1646,0,115.07,village
26,25,50,,32,447,276,Lalmatia Block-G,199,153,2,44,794,354,440,0,80.45,village
26,25,50,,32,447,420,Lalmatia Colony,414,408,0,6,1683,842,841,0,100.12,village
26,25,50,,32,486,,Mohammadpur (Part)*,15037,13832,15,1190,52164,27470,24692,2,111.25,mauza
26,25,50,,32,486,1,Shamoly,83,47,0,36,285,196,89,0,220.22,village
26,25,50,,32,486,16,Aurangazeb Road,163,146,0,17,765,414,351,0,117.95,village
26,25,50,,32,486,28,Babar Road,1377,1162,2,213,5248,2714,2534,0,107.1,village
26,25,50,,32,486,64,Asad Avenue,238,234,0,4,998,479,519,0,92.29,village
26,25,50,,32,486,128,Gaznabi Road,182,145,1,36,774,399,375,0,106.4,village
26,25,50,,32,486,148,Humayun Road,763,537,1,225,2727,1608,1119,0,143.7,village
26,25,50,,32,486,168,Iqbal Road,915,886,0,29,3616,1744,1872,0,93.16,village
26,25,50,,32,486,208,Khilzi Road,806,707,3,96,3125,1671,1454,0,114.92,village
26,25,50,,32,486,267,Geneva Camp,9173,8877,0,296,28729,14744,13985,0,105.43,village
26,25,50,,32,486,348,Residential Model School And College Area,147,135,6,6,1114,825,288,1,286.46,village
26,25,50,,32,486,368,Sir Syed Road,480,430,2,48,1980,971,1009,0,96.23,village
26,25,50,,32,486,555,Pisiculture Housing Society,710,526,0,184,2803,1705,1097,1,155.42,village
26,25,50,,33,,,Ward No. 33 (Part),66525,59787,142,6596,248882,139614,109261,7,127.78,union_ward
26,25,50,,33,409,,Katasur*,24877,22400,67,2410,96316,54439,41876,1,130,mauza
26,25,50,,33,409,16,Aram Model Town,98,70,2,26,390,272,118,0,230.51,village
26,25,50,,33,409,28,Banshbari,982,826,0,156,3601,1961,1640,0,119.57,village
26,25,50,,33,409,36,Basila,2109,2080,1,28,8220,4223,3997,0,105.65,village
26,25,50,,33,409,44,Basila City Developers,1321,1212,5,104,5164,2798,2366,0,118.26,village
26,25,50,,33,409,52,Basila Garden City,1259,1050,13,196,5766,3760,2006,0,187.44,village
26,25,50,,33,409,60,Basila Model Town,1351,1235,4,112,5485,3098,2387,0,129.79,village
26,25,50,,33,409,128,Future Town,878,757,6,115,3190,1888,1302,0,145.01,village
26,25,50,,33,409,148,Green View Housing,1331,1281,0,50,5104,2739,2364,1,115.86,village
26,25,50,,33,409,228,Kaderabad Housing,2782,2442,3,337,9769,5508,4261,0,129.27,village
26,25,50,,33,409,231,Purba Katasur,3480,2963,4,513,13090,7294,5796,0,125.85,village
26,25,50,,33,409,248,Latif Real Estate,446,387,0,59,1623,858,765,0,112.16,village
26,25,50,,33,409,388,Saikat Housing,731,661,0,70,2708,1562,1146,0,136.3,village
26,25,50,,33,409,396,Samrat Real Estate,603,511,0,92,2102,1149,953,0,120.57,village
26,25,50,,33,409,404,Satmasjid Grihanirman Samabay Samiti,4001,3665,7,329,14926,8187,6739,0,121.49,village
26,25,50,,33,409,412,Shahjalal Housing,410,359,12,39,2472,1674,798,0,209.77,village
26,25,50,,33,409,428,Swapnadhara Housing,1525,1398,10,117,7090,4403,2687,0,163.86,village
26,25,50,,33,409,436,Swapnaneer Housing,461,445,0,16,1673,938,735,0,127.62,village
26,25,50,,33,409,508,Washpur,585,555,0,30,2087,1097,990,0,110.81,village
26,25,50,,33,409,618,Priti College And Graphic Arts Institute,80,76,0,4,283,184,99,0,185.86,village
26,25,50,,33,409,673,Dhaka Real Estate,444,427,0,17,1573,846,727,0,116.37,village
26,25,50,,33,673,,Ramchandrapur*,41648,37387,75,4186,152566,85175,67385,6,126.4,mauza
26,25,50,,33,673,48,Chand Udyan,7057,5788,9,1260,26920,15770,11147,3,141.47,village
26,25,50,,33,673,58,Ali Noor Housing,725,636,5,84,3346,2152,1194,0,180.23,village
26,25,50,,33,673,64,Chanmia Housing,2434,2325,4,105,9106,4558,4548,0,100.22,village
26,25,50,,33,673,68,Dhaka Udyan,9311,8412,16,883,32957,18455,14502,0,127.26,village
26,25,50,,33,673,80,Akkas Real Estate,698,640,0,58,2204,1156,1048,0,110.31,village
26,25,50,,33,673,88,Ekata Housing,1797,1702,1,94,6000,3184,2816,0,113.07,village
26,25,50,,33,673,123,Chandrima Housing,2199,1887,4,308,7438,4144,3294,0,125.8,village
26,25,50,,33,673,138,Green City,135,85,0,50,392,257,135,0,190.37,village
26,25,50,,33,673,248,Mohammadpur Housing Ltd.,6261,5905,14,342,24770,13834,10936,0,126.5,village
26,25,50,,33,673,268,Nabinagar Housing,6431,5899,11,521,22545,12388,10154,3,122,village
26,25,50,,33,673,276,Naboday Housing Block-C,739,692,0,47,2779,1478,1301,0,113.6,village
26,25,50,,33,673,489,Metro Housing,1965,1715,4,246,6932,3963,2969,0,133.48,village
26,25,50,,33,673,859,West Dhanmondi,1896,1701,7,188,7177,3836,3341,0,114.82,village
26,25,50,,34,,,Ward No. 34 (Part),28035,25004,21,3010,99175,54266,44900,9,120.86,union_ward
26,25,50,,34,712,,Sarai Jafarabad (Part)*,18090,16230,20,1840,64379,35299,29077,3,121.4,mauza
26,25,50,,34,712,188,Jafarabad,10406,9376,17,1013,37041,20292,16747,2,121.17,village
26,25,50,,34,712,316,Pashchim Jafarabad,6026,5338,3,685,21066,11671,9394,1,124.24,village
26,25,50,,34,712,324,Purba Jafarabad,1658,1516,0,142,6272,3336,2936,0,113.62,village
26,25,50,,34,713,,Sultanganj*,9945,8774,1,1170,34796,18967,15823,6,119.87,mauza
26,25,50,,34,713,29,Bari Khali,3262,2862,1,399,11003,6125,4876,2,125.62,village
26,25,50,,34,713,308,Purba Rayerbazar,1584,1441,0,143,5754,2987,2767,0,107.95,village
26,25,50,,34,713,376,Sultanganj,5099,4471,0,628,18039,9855,8180,4,120.48,village
26,25,64,,,,,Pallabi Thana,169901,159860,138,9903,597592,316937,280637,18,112.93,upazila_thana
26,25,64,,2,,,Ward No. 02,65027,61480,46,3501,213061,113430,99622,9,113.86,union_ward
26,25,64,,2,75,,Baunia (Part)*,966,956,0,10,3384,1749,1635,0,106.97,mauza
26,25,64,,2,75,384,Section-12 Block-E,966,956,0,10,3384,1749,1635,0,106.97,village
26,25,64,,2,114,,Chakuli (Part)*,16487,15529,9,949,45547,24892,20653,2,120.52,mauza
26,25,64,,2,114,68,Dohs,14637,13872,3,762,39356,21167,18187,2,116.39,village
26,25,64,,2,114,123,Chakuli (Part),450,446,0,4,1201,642,559,0,114.85,village
26,25,64,,2,114,594,Mirpur Cantonment,1400,1211,6,183,4990,3083,1907,0,161.67,village
26,25,64,,2,709,,Sheikher Kalsi*,22398,21341,16,1041,75098,39509,35584,5,111.03,mauza
26,25,64,,2,709,45,Begunbari Tek,3463,3409,2,52,12054,6186,5864,4,105.49,village
26,25,64,,2,709,368,Section-12 Block-D,15427,14519,8,900,50699,26506,24193,0,109.56,village
26,25,64,,2,709,376,Section-12 Block-Pa,281,281,0,0,872,427,445,0,95.96,village
26,25,64,,2,709,408,Uttar Kalshi,2478,2435,2,41,8494,4459,4035,0,110.51,village
26,25,64,,2,709,705,Sagupata Housing,749,697,4,48,2979,1931,1047,1,184.43,village
26,25,64,,2,784,,Uttar Senpara (Part)*,25176,23654,21,1501,89032,47280,41750,2,113.25,mauza
26,25,64,,2,784,456,Section-12 Block-A,1271,1218,4,49,5276,2967,2308,1,128.55,village
26,25,64,,2,784,464,Section-12 Block-B,3330,3108,4,218,12611,6669,5942,0,112.23,village
26,25,64,,2,784,472,Section-12 Block-C,6562,5944,0,618,21816,11634,10181,1,114.27,village
26,25,64,,2,784,480,Section-12 Block-Dha,3938,3700,5,233,12928,6850,6078,0,112.7,village
26,25,64,,2,784,488,Section-12 Block-E,8122,7864,5,253,29287,15716,13571,0,115.81,village
26,25,64,,2,784,496,Section-12 Block-Ta,1953,1820,3,130,7114,3444,3670,0,93.84,village
26,25,64,,3,,,Ward No. 03,26576,25828,26,722,104231,54348,49878,5,108.96,union_ward
26,25,64,,3,784,,Uttar Senpara (Part)*,26576,25828,26,722,104231,54348,49878,5,108.96,mauza
26,25,64,,3,784,368,Section-10 Block-B,2114,1968,5,141,8277,4433,3844,0,115.32,village
26,25,64,,3,784,376,Section-10 Block-A,4971,4740,4,227,19559,10438,9116,5,114.5,village
26,25,64,,3,784,408,Section-11 Block-C,5612,5515,2,95,22014,11444,10570,0,108.27,village
26,25,64,,3,784,416,Section-11 Block-C (Avenue-4 Sabujbangla Duip),821,811,1,9,3026,1584,1442,0,109.85,village
26,25,64,,3,784,424,"Section-11 Block-C (Avenue-4, Madinanagar)",679,671,1,7,2899,1533,1366,0,112.23,village
26,25,64,,3,784,432,Section-11 Block-C (Avenue-5),5636,5570,5,61,22027,11216,10811,0,103.75,village
26,25,64,,3,784,440,Section-11 Block-C (Mehedibag),1358,1348,0,10,5350,2774,2576,0,107.69,village
26,25,64,,3,784,660,Section-10 Block-C,2695,2588,5,102,10624,5518,5106,0,108.07,village
26,25,64,,3,784,711,Section-10 Block-D,2690,2617,3,70,10455,5408,5047,0,107.15,village
26,25,64,,5,,,Ward No. 05,35792,34158,35,1599,133707,70755,62948,4,112.4,union_ward
26,25,64,,5,75,,Baunia (Part)*,17078,16190,20,868,63866,33880,29985,1,112.99,mauza
26,25,64,,5,75,28,"Baunia Bandh (Block-A,B,C,D,E)",11625,11047,9,569,43733,23096,20637,0,111.92,village
26,25,64,,5,75,368,Section-11 Block-E,3716,3514,11,191,13533,7327,6205,1,118.08,village
26,25,64,,5,75,376,Section-11 Block-F,1737,1629,0,108,6600,3457,3143,0,109.99,village
26,25,64,,5,784,,Uttar Senpara (Part)*,18714,17968,15,731,69841,36875,32963,3,111.87,mauza
26,25,64,,5,784,308,Palashnagar,3530,3374,11,145,13333,7316,6017,0,121.59,village
26,25,64,,5,784,392,Section-11 Block-A,4399,4206,4,189,16960,8987,7970,3,112.76,village
26,25,64,,5,784,400,Section-11 Block-B-1,5503,5279,0,224,20536,10719,9817,0,109.19,village
26,25,64,,5,784,448,Section-11 Block-D,2288,2158,0,130,8066,4247,3819,0,111.21,village
26,25,64,,5,784,660,Section-11 Block-B-2,2994,2951,0,43,10946,5606,5340,0,104.98,village
26,25,64,,6,,,Ward No. 06 (Part),31084,27640,27,3417,106041,57104,48937,0,116.69,union_ward
26,25,64,,6,784,,Uttar Senpara (Part)*,31084,27640,27,3417,106041,57104,48937,0,116.69,mauza
26,25,64,,6,784,88,Extention Pallabi,2506,2393,4,109,10025,5277,4748,0,111.14,village
26,25,64,,6,784,248,Milkvita,656,631,3,22,2260,1249,1011,0,123.54,village
26,25,64,,6,784,316,Pallabi (Uttardakkhin),6956,6674,13,269,27233,14108,13125,0,107.49,village
26,25,64,,6,784,368,Section-06 Block-C,3715,3597,1,117,14125,7271,6854,0,106.08,village
26,25,64,,6,784,504,Section-6 Block-D,4300,4067,3,230,15608,8482,7126,0,119.03,village
26,25,64,,6,784,520,Section-6 Block-Jha,224,223,0,1,820,429,391,0,109.72,village
26,25,64,,6,784,528,Section-7,11928,9370,3,2555,33208,18807,14401,0,130.6,village
26,25,64,,6,784,536,Section-7 Mallika Housing,799,685,0,114,2762,1481,1281,0,115.61,village
26,25,64,,15,,,Ward No. 15 (Part),11422,10754,4,664,40552,21300,19252,0,110.64,union_ward
26,25,64,,15,375,,Joar Shahara (Part)*,11422,10754,4,664,40552,21300,19252,0,110.64,mauza
26,25,64,,15,375,28,Baigartek,4164,3874,1,289,15343,8087,7256,0,111.45,village
26,25,64,,15,375,36,Barontek,3572,3427,0,145,11953,6207,5746,0,108.02,village
26,25,64,,15,375,54,Alabdirtek,1136,1061,0,75,4141,2251,1890,0,119.1,village
26,25,64,,15,375,106,Balu Ghat,2039,1887,2,150,7415,3853,3562,0,108.17,village
26,25,64,,15,375,413,Khali Bhari,511,505,1,5,1700,902,798,0,113.03,village
26,25,66,,,,,Ramna Thana,39262,35028,29,4205,143698,79427,64250,21,123.62,upazila_thana
26,25,66,,35,,,Ward No. 35,21848,19016,24,2808,79726,44078,35629,19,123.71,union_ward
26,25,66,,35,76,,Bara Magbazar*,21848,19016,24,2808,79726,44078,35629,19,123.71,mauza
26,25,66,,35,76,28,Banglamotor (Part),1842,1514,1,327,6465,3842,2623,0,146.47,village
26,25,66,,35,76,36,Bara Magbazar,4105,3362,5,738,14106,8021,6070,15,132.14,village
26,25,66,,35,76,39,Aambagan,1621,1515,0,106,5980,3177,2803,0,113.34,village
26,25,66,,35,76,48,Chairman Gali,135,126,0,9,483,250,233,0,107.3,village
26,25,66,,35,76,68,Daktar Gali,1664,1448,0,216,5754,3041,2713,0,112.09,village
26,25,66,,35,76,76,Dilu Road,1753,1526,4,223,7239,4192,3047,0,137.58,village
26,25,66,,35,76,128,Gausnagar,462,384,0,78,1677,879,798,0,110.15,village
26,25,66,,35,76,136,Greenway,879,759,1,119,2996,1553,1443,0,107.62,village
26,25,66,,35,76,188,Jahanbaks Lane Gabtala,847,754,3,90,3264,1769,1495,0,118.33,village
26,25,66,,35,76,268,Nayatola (Part),4181,3838,3,340,15249,8258,6988,3,118.17,village
26,25,66,,35,76,276,New Circular Road,727,571,3,153,2560,1385,1175,0,117.87,village
26,25,66,,35,76,284,New Eskatan,1151,997,2,152,4629,2702,1927,0,140.22,village
26,25,66,,35,76,308,Pearabag,2014,1844,2,168,7433,3970,3463,0,114.64,village
26,25,66,,35,76,448,Wireless Railgate,467,378,0,89,1891,1039,851,1,122.09,village
26,25,66,,36,,,Ward No. 36,17414,16012,5,1397,63972,35349,28621,2,123.51,union_ward
26,25,66,,36,711,,Siddheshwary (Part)*,17414,16012,5,1397,63972,35349,28621,2,123.51,mauza
26,25,66,,36,711,105,Chairmen Goli,1201,1180,0,21,4442,2270,2172,0,104.51,village
26,25,66,,36,711,128,Greenway Magbazar (Part),715,650,0,65,2466,1258,1208,0,104.14,village
26,25,66,,36,711,248,Madhubag,4135,3820,2,313,14523,8034,6488,1,123.83,village
26,25,66,,36,711,256,Malibag Baganbari,1269,1193,0,76,4246,2170,2076,0,104.53,village
26,25,66,,36,711,264,Wirless,602,599,0,3,2469,1222,1247,0,98,village
26,25,66,,36,711,272,Mirbag,4205,3739,1,465,16500,9922,6578,0,150.84,village
26,25,66,,36,711,288,Nayatola (Part),3648,3386,1,261,13426,7307,6118,1,119.43,village
26,25,66,,36,711,388,Sonalibag,1639,1445,1,193,5900,3166,2734,0,115.8,village
26,25,67,,,,,Rampura Thana,41308,37983,42,3283,160814,86412,74400,2,116.15,upazila_thana
26,25,67,,22,,,Ward No. 22 (Part),24297,22142,16,2139,91461,48365,43094,2,112.23,union_ward
26,25,67,,22,781,,Ulan*,24297,22142,16,2139,91461,48365,43094,2,112.23,mauza
26,25,67,,22,781,41,Abdullabag Road,399,356,0,43,1547,833,714,0,116.67,village
26,25,67,,22,781,188,Jaker Road,756,733,0,23,2705,1382,1323,0,104.46,village
26,25,67,,22,781,196,Jamtala Road,1750,1633,2,115,6488,3421,3067,0,111.54,village
26,25,67,,22,781,208,Kunjaban Road,1190,1059,0,131,4184,2237,1947,0,114.89,village
26,25,67,,22,781,248,Mollabari Road,509,486,0,23,1841,971,870,0,111.61,village
26,25,67,,22,781,308,Purba Rampura,8008,7372,1,635,30248,16059,14187,2,113.2,village
26,25,67,,22,781,388,Titash Road,988,955,1,32,3837,2009,1828,0,109.9,village
26,25,67,,22,781,396,Tv Link Road,380,348,1,31,1425,760,665,0,114.29,village
26,25,67,,22,781,404,Tv Road,1184,1045,0,139,4264,2206,2058,0,107.19,village
26,25,67,,22,781,412,Tv Tower Road,510,437,0,73,2066,1255,811,0,154.75,village
26,25,67,,22,781,572,Uttar Banasree,8623,7718,11,894,32856,17232,15624,0,110.29,village
26,25,67,,23,,,Ward No. 23,17011,15841,26,1144,69353,38047,31306,0,121.53,union_ward
26,25,67,,23,706,,Shahar Khilgaon (Part)*,17011,15841,26,1144,69353,38047,31306,0,121.53,mauza
26,25,67,,23,706,208,Khilgaon Block-B,1992,1930,2,60,7823,4018,3805,0,105.6,village
26,25,67,,23,706,216,Khilgaon Chowdhurypara,2202,2099,2,101,8741,4636,4105,0,112.94,village
26,25,67,,23,706,224,Khilgaon Taltala,2230,2089,5,136,9132,5081,4051,0,125.43,village
26,25,67,,23,706,232,Khilgaon Taltala Moulavirtek,1626,1560,3,63,6201,3281,2920,0,112.36,village
26,25,67,,23,706,240,Khilgaon Taltala Natunbag,1275,1232,1,42,5082,2596,2486,0,104.42,village
26,25,67,,23,706,248,Khilgaon Taltala Reazbag,1474,1394,1,79,6221,3314,2907,0,114,village
26,25,67,,23,706,268,Malibag Bazar Road,844,660,2,182,3691,2178,1513,0,143.95,village
26,25,67,,23,706,276,Malibag Chowdhurypara,2664,2422,9,233,12331,7396,4935,0,149.87,village
26,25,67,,23,706,328,Purba Hajipara,2704,2455,1,248,10131,5547,4584,0,121.01,village
26,25,70,,,,,Rupnagar Thana,47897,45832,52,2013,178030,93431,84552,47,110.5,upazila_thana
26,25,70,,6,,,Ward No. 06 (Part),33440,32004,36,1400,122322,64258,58017,47,110.76,union_ward
26,25,70,,6,38,,Agundha*,1226,1152,0,74,4810,2620,2190,0,119.63,mauza
26,25,70,,6,38,88,Estern Housing,1226,1152,0,74,4810,2620,2190,0,119.63,village
26,25,70,,6,150,,Duaripara*,10622,10132,12,478,36523,19162,17317,44,110.65,mauza
26,25,70,,6,150,68,Duaripara (Wakfa Estate),5302,5139,7,156,19263,10019,9204,40,108.85,village
26,25,70,,6,150,348,Rupnagar Tinshed,5320,4993,5,322,17260,9143,8113,4,112.7,village
26,25,70,,6,152,,Dwigun*,7003,6625,9,369,25717,13771,11944,2,115.3,mauza
26,25,70,,6,152,54,Alubdi,3759,3670,2,87,13724,7075,6649,0,106.41,village
26,25,70,,6,152,88,Estern Housing,3244,2955,7,282,11993,6696,5295,2,126.46,village
26,25,70,,6,484,,Merul*,843,803,2,38,3332,1768,1564,0,113.04,mauza
26,25,70,,6,484,88,Estern Housing,843,803,2,38,3332,1768,1564,0,113.04,village
26,25,70,,6,784,,Uttar Senpara (Part)*,8969,8691,8,270,34257,17687,16569,1,106.75,mauza
26,25,70,,6,784,16,Arifabad Residential Area,1201,1148,0,53,4592,2375,2217,0,107.13,village
26,25,70,,6,784,48,Chhayanir Housing,403,401,0,2,1486,759,727,0,104.4,village
26,25,70,,6,784,63,Arambag Residential Area,3324,3234,4,86,12858,6611,6246,1,105.84,village
26,25,70,,6,784,368,Section-6 Block-E,882,872,0,10,3280,1711,1569,0,109.05,village
26,25,70,,6,784,376,Section-6 Block-Ta,3159,3036,4,119,12041,6231,5810,0,107.25,village
26,25,70,,6,888,,Gran Chatbari*,4777,4601,5,171,17683,9250,8433,0,109.69,mauza
26,25,70,,6,888,212,Estern Housing,4777,4601,5,171,17683,9250,8433,0,109.69,village
26,25,70,,7,,,Ward No. 07 (Part),14457,13828,16,613,55708,29173,26535,0,109.94,union_ward
26,25,70,,7,596,,Patrul*,1438,1350,0,88,4824,2590,2234,0,115.94,mauza
26,25,70,,7,596,88,2-J Rupnagar R/A,1438,1350,0,88,4824,2590,2234,0,115.94,village
26,25,70,,7,709,,Senpara Parbata (Part)*,13019,12478,16,525,50884,26583,24301,0,109.39,mauza
26,25,70,,7,709,30,2-K. Rupnagar R/A,2782,2611,5,166,10413,5557,4856,0,114.44,village
26,25,70,,7,709,36,Bfidc Residential Area,73,46,0,27,424,329,95,0,346.32,village
26,25,70,,7,709,110,2-J Rupnagar R/A,9738,9408,11,319,38270,19808,18462,0,107.29,village
26,25,70,,7,709,348,Rupnagar Govt. Housing Estate,426,413,0,13,1777,889,888,0,100.11,village
26,25,74,,,,,Shah Ali Thana,42250,40146,26,2078,151760,82069,69687,4,117.77,upazila_thana
26,25,74,,7,,,Ward No. 07 (Part),1761,1732,1,28,6564,3318,3245,1,102.25,union_ward
26,25,74,,7,709,,Senpara Parbata (Part)*,1761,1732,1,28,6564,3318,3245,1,102.25,mauza
26,25,74,,7,709,148,Housing Dalan,90,90,0,0,331,169,162,0,104.32,village
26,25,74,,7,709,348,Rupali Housing Estate,1671,1642,1,28,6233,3149,3083,1,102.14,village
26,25,74,,8,,,Ward No. 08,40489,38414,25,2050,145196,78751,66442,3,118.53,union_ward
26,25,74,,8,75,,Bishil (Part)*,31128,29451,14,1663,112902,61370,51529,3,119.1,mauza
26,25,74,,8,75,208,Ka-Uttar Bishil,1308,1266,0,42,4989,2816,2171,2,129.71,village
26,25,74,,8,75,216,Kha-Uttar Bishil,2833,2691,1,141,10600,5564,5036,0,110.48,village
26,25,74,,8,75,308,Turag City,1808,1722,2,84,7573,3988,3585,0,111.24,village
26,25,74,,8,75,348,Royal City Residential Area,245,233,0,12,1018,524,494,0,106.07,village
26,25,74,,8,75,368,Section-1 Block-A,3305,3126,2,177,11940,6461,5479,0,117.92,village
26,25,74,,8,75,376,Section-1 Block-B,1389,1317,3,69,5305,2927,2378,0,123.09,village
26,25,74,,8,75,384,Section-1 Block-C,1275,1178,0,97,4777,2618,2158,1,121.32,village
26,25,74,,8,75,392,Section-1 Block-D,3574,3418,0,156,12283,6605,5678,0,116.33,village
26,25,74,,8,75,400,Section-1 Block-E,2036,1928,0,108,8273,4924,3349,0,147.03,village
26,25,74,,8,75,408,Section-1 Block-F,1890,1690,1,199,6612,3725,2887,0,129.03,village
26,25,74,,8,75,416,Section-1 Block-G,2037,1943,0,94,7104,3713,3391,0,109.5,village
26,25,74,,8,75,424,Section-1 Block-H,4636,4402,3,231,16048,8817,7231,0,121.93,village
26,25,74,,8,75,432,Section-1 Block-New-C,4103,3863,1,239,13643,7323,6320,0,115.87,village
26,25,74,,8,75,440,Shah Ali Nagar Housing,416,403,0,13,1607,824,783,0,105.24,village
26,25,74,,8,75,448,Shinepukur Residential Area,273,271,1,1,1130,541,589,0,91.85,village
26,25,74,,8,113,,Chatbari Goran*,690,590,3,97,2339,1440,899,0,160.18,mauza
26,25,74,,8,113,48,Chatbari Goran,690,590,3,97,2339,1440,899,0,160.18,village
26,25,74,,8,521,,Nawaberbag*,3685,3595,2,88,11892,6358,5534,0,114.89,mauza
26,25,74,,8,521,268,Nawaberbag,3685,3595,2,88,11892,6358,5534,0,114.89,village
26,25,74,,8,784,,Uttar Senpara (Part)*,4986,4778,6,202,18063,9583,8480,0,113.01,mauza
26,25,74,,8,784,1,Bcic Colony,331,329,1,1,1438,695,743,0,93.54,village
26,25,74,,8,784,2,Bisf Colony,264,263,0,1,1071,598,473,0,126.43,village
26,25,74,,8,784,3,Botanical Garden- Dhaka Zoo (R/A),337,331,3,3,1374,739,635,0,116.38,village
26,25,74,,8,784,4,Dhaka Commerce College,85,85,0,0,380,208,172,0,120.93,village
26,25,74,,8,784,5,Dhaka Zoo,115,115,0,0,437,235,202,0,116.34,village
26,25,74,,8,784,6,Kendrio Murgir Firm,83,81,1,1,406,199,207,0,96.14,village
26,25,74,,8,784,7,Muktijuddha Complex,2058,1907,0,151,6181,3343,2838,0,117.79,village
26,25,74,,8,784,8,Setu Homes,211,208,0,3,938,454,484,0,93.8,village
26,25,74,,8,784,9,Shantikunja Bohumukhi Samiti,83,83,0,0,332,165,167,0,98.8,village
26,25,74,,8,784,15,Al-Kamal Housing,359,330,0,29,1336,725,611,0,118.66,village
26,25,74,,8,784,28,Baksnagar,382,378,0,4,1417,751,666,0,112.76,village
26,25,74,,8,784,208,Kumirshah Mazar Colony,83,80,0,3,273,152,121,0,125.62,village
26,25,74,,8,784,216,Kusumbag,595,588,1,6,2480,1319,1161,0,113.61,village
26,25,80,,,,,Shere Bangla Nagar Thana,36183,32066,68,4049,142643,77827,64813,3,120.08,upazila_thana
26,25,80,,27,,,Ward No. 27,19207,16975,43,2189,77737,42665,35072,0,121.65,union_ward
26,25,80,,27,668,,Razabazar*,11556,9808,11,1737,45470,25021,20449,0,122.36,mauza
26,25,80,,27,668,308,Pashchim Razabazar,5044,4224,8,812,20391,11482,8909,0,128.88,village
26,25,80,,27,668,316,Purba Razabazar,6512,5584,3,925,25079,13539,11540,0,117.32,village
26,25,80,,27,706,,Shere Bangla Nagar (Part)*,4107,3904,25,178,17541,9981,7560,0,132.02,mauza
26,25,80,,27,706,368,Shere Bangla Nagar,4107,3904,25,178,17541,9981,7560,0,132.02,village
26,25,80,,27,744,,Tejturi Bazar (Part)*,3544,3263,7,274,14726,7663,7063,0,108.49,mauza
26,25,80,,27,744,248,Manipuripara,3544,3263,7,274,14726,7663,7063,0,108.49,village
26,25,80,,28,,,Ward No. 28,16976,15091,25,1860,64906,35162,29741,3,118.23,union_ward
26,25,80,,28,408,,Kafrul (Part)*,16976,15091,25,1860,64906,35162,29741,3,118.23,mauza
26,25,80,,28,408,48,Agargaon New Colony,277,268,0,9,1101,563,538,0,104.65,village
26,25,80,,28,408,208,Karigari Shikkha Board Staff Quarter,30,30,0,0,134,66,68,0,97.06,village
26,25,80,,28,408,308,Pashchim Agargaon,5726,5233,8,485,22111,12263,9848,0,124.52,village
26,25,80,,28,408,316,Purba Agargaon,528,369,6,153,2696,1526,1170,0,130.43,village
26,25,80,,28,408,368,Shyamali Road No. 1,571,484,0,87,2150,1089,1061,0,102.64,village
26,25,80,,28,408,376,Shyamali Road No. 2,1443,1249,1,193,5305,2792,2511,2,111.19,village
26,25,80,,28,408,384,Shyamali Road No. 3,603,519,0,84,2269,1195,1074,0,111.27,village
26,25,80,,28,408,392,Shyamali Road No. 4,963,761,2,200,3271,1940,1331,0,145.76,village
26,25,80,,28,408,400,Shyamalibag,4383,3895,3,485,16636,9081,7554,1,120.21,village
26,25,80,,28,408,408,Taltala Govt. Colony,2452,2283,5,164,9233,4647,4586,0,101.33,village
26,25,90,,,,,Tejgaon Thana,30198,25951,91,4156,123160,70763,52394,3,135.06,upazila_thana
26,25,90,,25,,,Ward No. 25 (Part),14955,13536,27,1392,57809,31992,25817,0,123.92,union_ward
26,25,90,,25,743,,Tejgaon*,14955,13536,27,1392,57809,31992,25817,0,123.92,mauza
26,25,90,,25,743,16,Arjatpara,2609,2048,2,559,8832,5226,3606,0,144.93,village
26,25,90,,25,743,54,Allenbari,207,191,0,16,739,383,356,0,107.58,village
26,25,90,,25,743,308,Pashchim Nakhalpara,8611,8024,11,576,33593,18291,15302,0,119.53,village
26,25,90,,25,743,368,Shaheenbag,3528,3273,14,241,14645,8092,6553,0,123.49,village
26,25,90,,26,,,Ward No. 26,15243,12415,64,2764,65351,38771,26577,3,145.88,union_ward
26,25,90,,26,408,,Karwan Bazar*,7375,6575,24,776,30585,17061,13523,1,126.16,mauza
26,25,90,,26,408,208,Karwan Bazar Commercial Area,106,46,0,60,398,331,66,1,501.52,village
26,25,90,,26,408,216,Karwan Bazar Lane,113,58,0,55,443,359,84,0,427.38,village
26,25,90,,26,408,224,Kazi Nazrul Islam Avenue,22,11,4,7,493,467,26,0,1796.15,village
26,25,90,,26,408,388,Tejkunipara (Biruttam Ziaur Rahaman Sarak),7134,6460,20,654,29251,15904,13347,0,119.16,village
26,25,90,,26,744,,Tejturi Bazar (Part)*,7868,5840,40,1988,34766,21710,13054,2,166.31,mauza
26,25,90,,26,744,308,Pashchim Tejturi Bazar,3707,2294,13,1400,14473,9381,5092,0,184.23,village
26,25,90,,26,744,316,Purba Tejturi Bazar,2193,1850,15,328,10463,6022,4441,0,135.6,village
26,25,90,,26,744,376,Station Road,1968,1696,12,260,9830,6307,3521,2,179.13,village
26,25,92,,,,,Tejgaon Shilpa Elaka Thana,30620,24100,42,6478,108661,67294,41356,11,162.72,upazila_thana
26,25,92,,20,,,Ward No. 20 (Part),1406,1131,0,275,4456,3060,1392,4,219.83,union_ward
26,25,92,,20,484,,Mahakhali*,1406,1131,0,275,4456,3060,1392,4,219.83,mauza
26,25,92,,20,484,668,Rasul Bagh,1406,1131,0,275,4456,3060,1392,4,219.83,village
26,25,92,,24,,,Ward No. 24,19489,14442,41,5006,70245,44520,25718,7,173.11,union_ward
26,25,92,,24,741,,Tejgaon Shilpa Elaka*,19489,14442,41,5006,70245,44520,25718,7,173.11,mauza
26,25,92,,24,741,28,Begunbari,7771,5837,7,1927,25954,16156,9797,1,164.91,village
26,25,92,,24,741,48,Central Tejgaon Shilpa Elaka,779,626,3,150,4907,3521,1386,0,254.04,village
26,25,92,,24,741,56,Christianpara,74,38,0,36,173,97,76,0,127.63,village
26,25,92,,24,741,68,Dakkhin Pashchim Tejgaon Shilpa Elaka,1042,732,6,304,4075,2701,1374,0,196.58,village
26,25,92,,24,741,208,Kunipara,7701,5790,13,1898,26524,16348,10170,6,160.75,village
26,25,92,,24,741,228,Light Ind. Dev. Workshop,393,174,5,214,1447,1108,339,0,326.84,village
26,25,92,,24,741,268,No.14 Tejgaon,388,248,1,139,1495,989,506,0,195.45,village
26,25,92,,24,741,308,Pashchim Tejgaon Shilpa Elaka,656,444,4,208,2394,1433,961,0,149.12,village
26,25,92,,24,741,316,Pwd Mahalla,312,272,2,38,1883,1282,601,0,213.31,village
26,25,92,,24,741,408,Uttar Tejgaon Shilpa Elaka,373,281,0,92,1393,885,508,0,174.21,village
26,25,92,,25,,,Ward No. 25 (Part),9725,8527,1,1197,33960,19714,14246,0,138.38,union_ward
26,25,92,,25,743,,Tejgaon Shilpa Elaka*,9725,8527,1,1197,33960,19714,14246,0,138.38,mauza
26,25,92,,25,743,316,Purba Nakhalpara,9725,8527,1,1197,33960,19714,14246,0,138.38,village
26,25,93,,,,,Turag Thana,77202,70576,72,6554,266064,144732,121322,10,119.3,upazila_thana
26,25,93,,52,,,Ward No. 52,25538,24146,30,1362,92327,49138,43187,2,113.78,union_ward
26,25,93,,52,75,,Baunia (Part)*,19148,18257,24,867,69459,36925,32532,2,113.5,mauza
26,25,93,,52,75,28,Badaldi,1755,1625,4,126,6629,3638,2991,0,121.63,village
26,25,93,,52,75,36,Dahalipara,3372,3126,8,238,12508,6847,5661,0,120.95,village
26,25,93,,52,75,39,Brindabon Bosti,630,601,0,29,2037,1065,972,0,109.57,village
26,25,93,,52,75,44,Baunia,7414,7309,6,99,26692,13576,13114,2,103.52,village
26,25,93,,52,75,48,Chandura (Mandura),436,368,1,67,1343,819,524,0,156.3,village
26,25,93,,52,75,49,Ahalia,2084,1951,4,129,7840,4319,3521,0,122.66,village
26,25,93,,52,75,368,Solahati,312,233,0,79,986,628,358,0,175.42,village
26,25,93,,52,75,388,Tapalia,303,292,0,11,1082,582,500,0,116.4,village
26,25,93,,52,75,408,Uludaha,603,591,1,11,2124,1130,994,0,113.68,village
26,25,93,,52,75,469,Sector-18,2239,2161,0,78,8218,4321,3897,0,110.88,village
26,25,93,,52,76,,Bailjuri (Part)*,6390,5889,6,495,22868,12213,10655,0,114.62,mauza
26,25,93,,52,76,188,Jatrabari,1568,1267,0,301,5419,3096,2323,0,133.28,village
26,25,93,,52,76,208,Khantek,658,639,0,19,2316,1218,1098,0,110.93,village
26,25,93,,52,76,308,Pakuria,3083,2995,5,83,11275,5857,5418,0,108.1,village
26,25,93,,52,76,412,Turag Sector-12,825,754,1,70,2889,1492,1397,0,106.8,village
26,25,93,,52,76,415,Sector-15 (Part),256,234,0,22,969,550,419,0,131.26,village
26,25,93,,53,,,Ward No. 53,30214,28025,29,2160,103614,56830,46779,5,121.49,union_ward
26,25,93,,53,116,,Chandalbhog*,2223,2108,4,111,8039,4533,3506,0,129.29,mauza
26,25,93,,53,116,48,Chandalbhog,2117,2014,2,101,7501,4177,3324,0,125.66,village
26,25,93,,53,116,415,Sector-15 (Part),106,94,2,10,538,356,182,0,195.6,village
26,25,93,,53,155,,Diabari*,3001,2569,9,423,10044,6144,3899,1,157.58,mauza
26,25,93,,53,155,68,Diabari,2713,2375,8,330,9190,5692,3497,1,162.77,village
26,25,93,,53,155,415,Sector-15 (Part),288,194,1,93,854,452,402,0,112.44,village
26,25,93,,53,415,,Kamarpara (Part)*,1437,1237,1,199,4460,2329,2131,0,109.29,mauza
26,25,93,,53,415,76,Bamnartek,1437,1237,1,199,4460,2329,2131,0,109.29,village
26,25,93,,53,527,,Nalbhog*,9614,9199,2,413,34028,18366,15662,0,117.26,mauza
26,25,93,,53,527,68,Dorangartek,2420,2373,2,45,8650,4638,4012,0,115.6,village
26,25,93,,53,527,268,Nalbhog,4120,3815,0,305,14326,7906,6420,0,123.15,village
26,25,93,,53,527,276,Nayanagar,3074,3011,0,63,11052,5822,5230,0,111.32,village
26,25,93,,53,677,,Ranabhola (Part)*,13939,12912,13,1014,47043,25458,21581,4,117.96,mauza
26,25,93,,53,677,108,Fulbaria,6733,6154,7,572,22210,12152,10055,3,120.86,village
26,25,93,,53,677,348,Ranabhola,7206,6758,6,442,24833,13306,11526,1,115.44,village
26,25,93,,54,,,Ward No. 54,21450,18405,13,3032,70123,38764,31356,3,123.63,union_ward
26,25,93,,54,38,,Ashutia*,811,642,0,169,2667,1639,1028,0,159.44,mauza
26,25,93,,54,38,64,Ashutia,811,642,0,169,2667,1639,1028,0,159.44,village
26,25,93,,54,78,,Bhatulia*,3151,2932,2,217,10103,5379,4723,1,113.89,mauza
26,25,93,,54,78,28,Bhatulia,3151,2932,2,217,10103,5379,4723,1,113.89,village
26,25,93,,54,154,,Dhour (Part)*,6260,5314,8,938,20779,11738,9040,1,129.85,mauza
26,25,93,,54,154,68,Dhour,6260,5314,8,938,20779,11738,9040,1,129.85,village
26,25,93,,54,415,,Kamarpara (Part)*,8708,7309,3,1396,28389,15698,12690,1,123.7,mauza
26,25,93,,54,415,208,Kamarpara,5187,4424,3,760,17032,9397,7634,1,123.09,village
26,25,93,,54,415,234,Kaliartek,1938,1516,0,422,6163,3492,2671,0,130.74,village
26,25,93,,54,415,592,Khayertek,1583,1369,0,214,5194,2809,2385,0,117.78,village
26,25,93,,54,676,,Rajabari*,2119,1884,0,235,7068,3690,3378,0,109.24,mauza
26,25,93,,54,676,348,Rajabari,2119,1884,0,235,7068,3690,3378,0,109.24,village
26,25,93,,54,678,,Roshadia (Part)*,401,324,0,77,1117,620,497,0,124.75,mauza
26,25,93,,54,678,348,Rasadia,401,324,0,77,1117,620,497,0,124.75,village
26,25,94,,,,,Uttra Pashchim Thana,50484,45470,118,4896,180510,99685,80825,0,123.33,upazila_thana
26,25,94,,1,,,Ward No. 01 (Part),24610,21395,35,3180,82028,46356,35672,0,129.95,union_ward
26,25,94,,1,38,,Abdullahpur (Part)*,8438,6787,8,1643,26156,15670,10486,0,149.44,mauza
26,25,94,,1,38,416,Uttara Sector-9,8438,6787,8,1643,26156,15670,10486,0,149.44,village
26,25,94,,1,226,,Faydabad (Part)*,10073,8958,18,1097,37181,19910,17271,0,115.28,mauza
26,25,94,,1,226,70,Badshertek,136,110,0,26,573,331,242,0,136.78,village
26,25,94,,1,226,408,Uttara Sector-3,3182,2565,4,613,11714,6359,5355,0,118.75,village
26,25,94,,1,226,416,Uttara Sector-5,2631,2490,10,131,9209,4952,4257,0,116.33,village
26,25,94,,1,226,424,Uttara Sector-7,4124,3793,4,327,15685,8268,7417,0,111.47,village
26,25,94,,1,671,,Ranabhola*,6099,5650,9,440,18691,10776,7915,0,136.15,mauza
26,25,94,,1,671,408,Uttara Sector-10,6099,5650,9,440,18691,10776,7915,0,136.15,village
26,25,94,,51,,,Ward No. 51,25874,24075,83,1716,98482,53329,45153,0,118.11,union_ward
26,25,94,,51,76,,Bailjuri*,25874,24075,83,1716,98482,53329,45153,0,118.11,mauza
26,25,94,,51,76,408,Uttara Sector-11,8083,7519,34,530,31633,17316,14317,0,120.95,village
26,25,94,,51,76,416,Uttara Sector-12,5361,4931,18,412,20509,11186,9323,0,119.98,village
26,25,94,,51,76,424,Uttara Sector-13,6869,6397,15,457,25755,13652,12103,0,112.8,village
26,25,94,,51,76,432,Uttara Sector-14,5561,5228,16,317,20585,11175,9410,0,118.76,village
26,25,95,,,,,Uttara Purba Thana,8794,8211,34,549,35395,19654,15741,0,124.86,upazila_thana
26,25,95,,1,,,Ward No. 01 (Part),8794,8211,34,549,35395,19654,15741,0,124.86,union_ward
26,25,95,,1,38,,Abdullahpur (Part)*,1627,1604,1,22,6091,3106,2985,0,104.05,mauza
26,25,95,,1,38,408,Uttara Sector-8,1627,1604,1,22,6091,3106,2985,0,104.05,village
26,25,95,,1,224,,Faydabad (Part)*,6602,6051,26,525,25880,14098,11782,0,119.66,mauza
26,25,95,,1,224,408,Uttara Sector-4,4332,3993,15,324,15849,8534,7315,0,116.66,village
26,25,95,,1,224,416,Uttara Sector-6,2270,2058,11,201,10031,5564,4467,0,124.56,village
26,25,95,,1,595,,Purakair*,565,556,7,2,3424,2450,974,0,251.54,mauza
26,25,95,,1,595,408,Uttara Sector-2,565,556,7,2,3424,2450,974,0,251.54,village
26,25,96,,,,,Uttarkhan Thana,33885,32996,57,832,126149,65487,60662,0,107.95,upazila_thana
26,25,96,,44,,,Ward No. 44,8230,7967,15,248,31861,16671,15190,0,109.75,union_ward
26,25,96,,44,37,,Amaiya*,538,535,1,2,2185,1102,1083,0,101.75,mauza
26,25,96,,44,37,28,Barabari,359,357,1,1,1437,731,706,0,103.54,village
26,25,96,,44,37,56,Amaiya,179,178,0,1,748,371,377,0,98.41,village
26,25,96,,44,74,,Baothar*,433,432,0,1,1604,804,800,0,100.5,mauza
26,25,96,,44,74,28,Baothar,433,432,0,1,1604,804,800,0,100.5,village
26,25,96,,44,75,,Bara Palashia*,100,100,0,0,361,175,186,0,94.09,mauza
26,25,96,,44,75,28,Bara Palashia,100,100,0,0,361,175,186,0,94.09,village
26,25,96,,44,76,,Bhaturia*,307,298,0,9,1142,591,551,0,107.26,mauza
26,25,96,,44,76,28,Bhaturia,307,298,0,9,1142,591,551,0,107.26,village
26,25,96,,44,113,,Chamurkhan*,1467,1418,3,46,5782,3011,2771,0,108.66,mauza
26,25,96,,44,113,48,Chamurkhan,1467,1418,3,46,5782,3011,2771,0,108.66,village
26,25,96,,44,114,,Chhota Palashia*,109,109,0,0,384,200,184,0,108.7,mauza
26,25,96,,44,114,48,Chhota Palashia,109,109,0,0,384,200,184,0,108.7,village
26,25,96,,44,404,,Kanchkura*,1144,1117,4,23,4573,2401,2172,0,110.54,mauza
26,25,96,,44,404,208,Kanchkura,1144,1117,4,23,4573,2401,2172,0,110.54,village
26,25,96,,44,697,,Snanghata*,106,106,0,0,384,194,190,0,102.11,mauza
26,25,96,,44,697,368,Snanghata,106,106,0,0,384,194,190,0,102.11,village
26,25,96,,44,771,,Uttarkhan (Part)*,4026,3852,7,167,15446,8193,7253,0,112.96,mauza
26,25,96,,44,771,44,Barardi,551,494,1,56,2057,1075,982,0,109.47,village
26,25,96,,44,771,52,Batuli,412,411,1,0,1705,847,858,0,98.72,village
26,25,96,,44,771,53,Aktartek,222,222,0,0,814,411,403,0,101.99,village
26,25,96,,44,771,96,Dobadia,2319,2208,3,108,8796,4773,4023,0,118.64,village
26,25,96,,44,771,228,Karimerbag,181,179,2,0,741,399,342,0,116.67,village
26,25,96,,44,771,328,Poradia,221,221,0,0,870,449,421,0,106.65,village
26,25,96,,44,771,376,Ratuti,120,117,0,3,463,239,224,0,106.7,village
26,25,96,,45,,,Ward No. 45,13612,13230,22,360,50260,26087,24173,0,107.92,union_ward
26,25,96,,45,771,,Uttarkhan (Part)*,13612,13230,22,360,50260,26087,24173,0,107.92,mauza
26,25,96,,45,771,88,Dargahpara,7932,7712,15,205,30011,15615,14396,0,108.47,village
26,25,96,,45,771,428,Uttarkhan,5680,5518,7,155,20249,10472,9777,0,107.11,village
26,25,96,,46,,,Ward No. 46,12043,11799,20,224,44028,22729,21299,0,106.71,union_ward
26,25,96,,46,259,,Gobindapur*,1763,1692,1,70,6205,3192,3013,0,105.94,mauza
26,25,96,,46,259,128,Gobindapur,1582,1511,1,70,5571,2869,2702,0,106.18,village
26,25,96,,46,259,208,Khunjurdia,101,101,0,0,385,193,192,0,100.52,village
26,25,96,,46,259,216,Kumudkhola,52,52,0,0,164,88,76,0,115.79,village
26,25,96,,46,259,368,Saoartek,28,28,0,0,85,42,43,0,97.67,village
26,25,96,,46,477,,Mausaid*,870,852,2,16,3480,1767,1713,0,103.15,mauza
26,25,96,,46,477,248,Mausaid,870,852,2,16,3480,1767,1713,0,103.15,village
26,25,96,,46,514,,Nayakhola*,119,118,0,1,462,237,225,0,105.33,mauza
26,25,96,,46,514,268,Nayakhola,119,118,0,1,462,237,225,0,105.33,village
26,25,96,,46,515,,Ninni*,269,259,1,9,1012,527,485,0,108.66,mauza
26,25,96,,46,515,268,Ninni,269,259,1,9,1012,527,485,0,108.66,village
26,25,96,,46,516,,Ninnirchak*,50,48,1,1,231,123,108,0,113.89,mauza
26,25,96,,46,516,268,Ninnirtak,50,48,1,1,231,123,108,0,113.89,village
26,25,96,,46,770,,Ujanpur*,262,257,0,5,1100,578,522,0,110.73,mauza
26,25,96,,46,770,408,Ujanpur,262,257,0,5,1100,578,522,0,110.73,village
26,25,96,,46,771,,Uttarkhan (Part)*,8710,8573,15,122,31538,16305,15233,0,107.04,mauza
26,25,96,,46,771,28,Baburpara,553,541,1,11,1878,1010,868,0,116.36,village
26,25,96,,46,771,36,Barabag,1646,1614,4,28,5963,3078,2885,0,106.69,village
26,25,96,,46,771,60,Batulia,147,147,0,0,559,276,283,0,97.53,village
26,25,96,,46,771,68,Chandapara,1424,1401,3,20,5089,2635,2454,0,107.38,village
26,25,96,,46,771,70,Baratak,121,121,0,0,445,220,225,0,97.78,village
26,25,96,,46,771,268,Mainartek,562,561,0,1,1993,1053,940,0,112.02,village
26,25,96,,46,771,276,Munda,962,954,1,7,3709,1849,1860,0,99.41,village
26,25,96,,46,771,308,Ojapara,1025,1011,2,12,3550,1859,1691,0,109.93,village
26,25,96,,46,771,336,Pulartek,693,685,2,6,2812,1474,1338,0,110.16,village
26,25,96,,46,771,368,Rajabari,1577,1538,2,37,5540,2851,2689,0,106.02,village
26,,14,,,,,Dhamrai Upazila,134023,130176,153,3694,517135,259261,257856,18,100.54,upazila_thana
26,,14,,,,,Rural,99077,97327,110,1640,392368,195623,196738,7,99.43,upazila_thana
26,,14,,,,,Urban,34946,32849,43,2054,124767,63638,61118,11,104.12,upazila_thana
26,,14,40,,,,Dhamrai Paurashava,23387,21919,25,1443,81260,41561,39691,8,104.71,paurashava
26,,14,40,1,,,Ward No. 01,2090,2045,3,42,7967,4077,3888,2,104.86,union_ward
26,,14,40,1,456,,Kayetpara*,2049,2004,3,42,7837,4010,3825,2,104.84,mauza
26,,14,40,1,456,48,Chaidalipara,114,111,1,2,567,306,261,0,117.24,village
26,,14,40,1,456,68,Dhamrai Bazar,98,88,0,10,358,197,161,0,122.36,village
26,,14,40,1,456,80,Aingan,1162,1134,2,26,4342,2255,2087,0,108.05,village
26,,14,40,1,456,208,Kandikul,66,66,0,0,181,85,96,0,88.54,village
26,,14,40,1,456,308,Pashchim Kayetpara,609,605,0,4,2389,1167,1220,2,95.66,village
26,,14,40,1,767,,Sharifbag (Part)*,41,41,0,0,130,67,63,0,106.35,mauza
26,,14,40,1,767,376,Sharifbag,41,41,0,0,130,67,63,0,106.35,village
26,,14,40,2,,,Ward No. 02,1533,1516,3,14,6010,2970,3040,0,97.7,union_ward
26,,14,40,2,214,,Dhamrai*,1533,1516,3,14,6010,2970,3040,0,97.7,mauza
26,,14,40,2,214,68,Dhamarhat,77,77,0,0,302,149,153,0,97.39,village
26,,14,40,2,214,128,Goaripara,379,375,1,3,1592,764,828,0,92.27,village
26,,14,40,2,214,208,Kamarkhali,28,26,1,1,154,50,104,0,48.08,village
26,,14,40,2,214,248,Mokamtola,243,241,0,2,909,472,437,0,108.01,village
26,,14,40,2,214,308,Purba Kayetpara,763,754,1,8,2871,1437,1434,0,100.21,village
26,,14,40,2,214,348,Rathkhola Bazar,43,43,0,0,182,98,84,0,116.67,village
26,,14,40,3,,,Ward No. 03,3861,3520,4,337,13114,6823,6291,0,108.46,union_ward
26,,14,40,3,500,,Lakuriapara*,3861,3520,4,337,13114,6823,6291,0,108.46,mauza
26,,14,40,3,500,28,Bandimara,503,417,1,85,1425,755,670,0,112.69,village
26,,14,40,3,500,36,Baratnagar,453,441,0,12,1634,813,821,0,99.03,village
26,,14,40,3,500,44,Bijoynagar,482,454,1,27,1699,868,831,0,104.45,village
26,,14,40,3,500,68,Dakkhin Pashchim Bara Bazar,92,92,0,0,397,198,199,0,99.5,village
26,,14,40,3,500,76,Dakkhin Hujuritola,318,302,0,16,1129,559,570,0,98.07,village
26,,14,40,3,500,128,Gopnagar,348,321,0,27,1399,711,688,0,103.34,village
26,,14,40,3,500,228,Lakurtapara,1504,1333,2,169,4795,2607,2188,0,119.15,village
26,,14,40,3,500,268,Nayanagar,122,121,0,1,453,219,234,0,93.59,village
26,,14,40,3,500,308,Pashchim Uttarpata,39,39,0,0,183,93,90,0,103.33,village
26,,14,40,4,,,Ward No. 04,1812,1788,1,23,6804,3415,3389,0,100.77,union_ward
26,,14,40,4,457,,Kazipur*,1497,1474,1,22,5591,2828,2763,0,102.35,mauza
26,,14,40,4,457,68,Dakkhin Pathantola,878,865,1,12,3350,1738,1612,0,107.82,village
26,,14,40,4,457,308,Purba Uttarpata,188,180,0,8,707,350,357,0,98.04,village
26,,14,40,4,457,408,Uttar Pathantola,262,260,0,2,945,455,490,0,92.86,village
26,,14,40,4,457,705,Sayedpur,169,169,0,0,589,285,304,0,93.75,village
26,,14,40,4,759,,Shialtara*,315,314,0,1,1213,587,626,0,93.77,mauza
26,,14,40,4,759,248,Malayghat,186,186,0,0,756,356,400,0,89,village
26,,14,40,4,759,368,Shialtara,129,128,0,1,457,231,226,0,102.21,village
26,,14,40,5,,,Ward No. 05,2707,2511,2,194,9033,4690,4343,0,107.99,union_ward
26,,14,40,5,200,,Dakkhinpara*,2707,2511,2,194,9033,4690,4343,0,107.99,mauza
26,,14,40,5,200,28,Bagnagar,648,623,0,25,2372,1220,1152,0,105.9,village
26,,14,40,5,200,68,Dakkhinpara Dhamrai,1671,1513,1,157,5171,2724,2447,0,111.32,village
26,,14,40,5,200,208,Kaliagar,283,275,1,7,1079,541,538,0,100.56,village
26,,14,40,5,200,216,Kharidarpara,100,95,0,5,394,197,197,0,100,village
26,,14,40,5,200,408,Uttarpata Dakkhin,5,5,0,0,17,8,9,0,88.89,village
26,,14,40,6,,,Ward No. 06,1967,1931,0,36,6693,3361,3332,0,100.87,union_ward
26,,14,40,6,469,,Kumrail*,1967,1931,0,36,6693,3361,3332,0,100.87,mauza
26,,14,40,6,469,28,Bejirtek,573,562,0,11,2083,1025,1058,0,96.88,village
26,,14,40,6,469,168,Islampur Uttar Ambagan,294,286,0,8,917,486,431,0,112.76,village
26,,14,40,6,469,208,Kaguziapara,360,360,0,0,1377,704,673,0,104.61,village
26,,14,40,6,469,216,Kumrail,740,723,0,17,2316,1146,1170,0,97.95,village
26,,14,40,7,,,Ward No. 07,1868,1729,2,137,6355,3292,3063,0,107.48,union_ward
26,,14,40,7,375,,Islampur*,1868,1729,2,137,6355,3292,3063,0,107.48,mauza
26,,14,40,7,375,248,Madhya Islampur,1812,1673,2,137,6121,3170,2951,0,107.42,village
26,,14,40,7,375,348,Rishipara,56,56,0,0,234,122,112,0,108.93,village
26,,14,40,8,,,Ward No. 08,3114,2955,5,154,10838,5448,5386,4,101.15,union_ward
26,,14,40,8,654,,Purba Panchash Taltala*,3114,2955,5,154,10838,5448,5386,4,101.15,mauza
26,,14,40,8,654,150,Dakkhin Islampur,1536,1491,3,42,5274,2833,2441,0,116.06,village
26,,14,40,8,654,308,Purba Panchash Taltala,1000,912,1,87,3546,1542,2000,4,77.1,village
26,,14,40,8,654,316,Purban Dulivita,578,552,1,25,2018,1073,945,0,113.54,village
26,,14,40,9,,,Ward No. 09,4435,3924,5,506,14446,7485,6959,2,107.56,union_ward
26,,14,40,9,152,,Chhaybaria*,1021,985,0,36,4077,2051,2026,0,101.23,mauza
26,,14,40,9,152,48,Chhaybaria,1021,985,0,36,4077,2051,2026,0,101.23,village
26,,14,40,9,156,,Chhota Chandrail*,3414,2939,5,470,10369,5434,4933,2,110.16,mauza
26,,14,40,9,156,48,Chhota Chardrail,2173,1900,1,272,6667,3444,3223,0,106.86,village
26,,14,40,9,156,308,Pashchim Dulivita,664,539,1,124,1794,997,795,2,125.41,village
26,,14,40,9,156,388,Taltala (Part),577,500,3,74,1908,993,915,0,108.52,village
26,,14,,109,,,Amta Union,4523,4469,5,49,18065,8791,9274,0,94.79,union_ward
26,,14,,109,,,Rural,3476,3456,2,18,13571,6550,7021,0,93.29,union_ward
26,,14,,109,,,Urban,1047,1013,3,31,4494,2241,2253,0,99.47,union_ward
26,,14,,109,28,,Ag Jethail*,325,325,0,0,1268,610,658,0,92.71,mauza
26,,14,,109,28,48,Ag Jethail,325,325,0,0,1268,610,658,0,92.71,village
26,,14,,109,32,,Amta*,648,641,2,5,2368,1116,1252,0,89.14,mauza
26,,14,,109,32,56,Amta,318,315,0,3,1155,555,600,0,92.5,village
26,,14,,109,32,188,Joar Amta,330,326,2,2,1213,561,652,0,86.04,village
26,,14,,109,87,,Bara Narayanpur*,474,470,0,4,1909,924,985,0,93.81,mauza
26,,14,,109,87,28,Bara Narayanpur,274,270,0,4,1136,550,586,0,93.86,village
26,,14,,109,87,268,Nayachar,200,200,0,0,773,374,399,0,93.73,village
26,,14,,109,97,,Baukhanda*,1001,999,0,2,3906,1911,1995,0,95.79,mauza
26,,14,,109,97,28,Baukhanda,627,627,0,0,2435,1185,1250,0,94.8,village
26,,14,,109,97,68,Dakatmara,75,74,0,1,279,137,142,0,96.48,village
26,,14,,109,97,188,Jagatnagar,156,155,0,1,653,328,325,0,100.92,village
26,,14,,109,97,368,Shialupara,143,143,0,0,539,261,278,0,93.88,village
26,,14,,109,408,,Jethail*,845,840,0,5,3400,1642,1758,0,93.4,mauza
26,,14,,109,408,188,Jethail,845,840,0,5,3400,1642,1758,0,93.4,village
26,,14,,109,444,,Kancha Rajapur*,183,181,0,2,720,347,373,0,93.03,mauza
26,,14,,109,444,208,Kancha Rajapur,183,181,0,2,720,347,373,0,93.03,village
26,,14,,109,571,,Nandeshwari*,1047,1013,3,31,4494,2241,2253,0,99.47,mauza
26,,14,,109,571,268,Nandeshwari,1047,1013,3,31,4494,2241,2253,0,99.47,village
26,,14,,143,,,Baishakanda Union,4572,4543,2,27,17605,8537,9068,0,94.14,union_ward
26,,14,,143,,,Rural,4572,4543,2,27,17605,8537,9068,0,94.14,union_ward
26,,14,,143,,,Urban,0,0,0,0,0,0,0,0,0,union_ward
26,,14,,143,33,,Analiakhola*,418,417,0,1,1516,742,774,0,95.87,mauza
26,,14,,143,33,57,Analiakhola,418,417,0,1,1516,742,774,0,95.87,village
26,,14,,143,68,,Bagmara*,92,92,0,0,419,207,212,0,97.64,mauza
26,,14,,143,68,28,Bagmara,92,92,0,0,419,207,212,0,97.64,village
26,,14,,143,71,,Baishakanda*,145,140,0,5,597,294,303,0,97.03,mauza
26,,14,,143,71,28,Baishakanda,145,140,0,5,597,294,303,0,97.03,village
26,,14,,143,98,,Bautia*,202,199,0,3,723,355,368,0,96.47,mauza
26,,14,,143,98,28,Bautia,202,199,0,3,723,355,368,0,96.47,village
26,,14,,143,103,,Berash*,224,222,0,2,736,361,375,0,96.27,mauza
26,,14,,143,103,28,Berash,224,222,0,2,736,361,375,0,96.27,village
26,,14,,143,110,,Bhorail*,329,324,0,5,1300,628,672,0,93.45,mauza
26,,14,,143,110,28,Bhorail,329,324,0,5,1300,628,672,0,93.45,village
26,,14,,143,112,,Bil Bautia*,326,326,0,0,1317,608,709,0,85.75,mauza
26,,14,,143,112,28,Bil Bautia,326,326,0,0,1317,608,709,0,85.75,village
26,,14,,143,145,,Chandipur*,70,70,0,0,247,116,131,0,88.55,mauza
26,,14,,143,145,48,Chandipur,70,70,0,0,247,116,131,0,88.55,village
26,,14,,143,146,,Chandishwar*,120,120,0,0,470,226,244,0,92.62,mauza
26,,14,,143,146,48,Chandishwar,120,120,0,0,470,226,244,0,92.62,village
26,,14,,143,307,,Gayrakul*,51,51,0,0,155,72,83,0,86.75,mauza
26,,14,,143,307,128,Gayrakul,51,51,0,0,155,72,83,0,86.75,village
26,,14,,143,309,,Golakanda*,298,298,0,0,1262,618,644,0,95.96,mauza
26,,14,,143,309,128,Golakanda,298,298,0,0,1262,618,644,0,95.96,village
26,,14,,143,405,,Jamirabari*,227,227,0,0,835,375,460,0,81.52,mauza
26,,14,,143,405,188,Jamirabari,227,227,0,0,835,375,460,0,81.52,village
26,,14,,143,437,,Kachhair*,91,91,0,0,344,164,180,0,91.11,mauza
26,,14,,143,437,208,Kachhair,91,91,0,0,344,164,180,0,91.11,village
26,,14,,143,438,,Kadamtali*,41,41,0,0,165,79,86,0,91.86,mauza
26,,14,,143,438,208,Kadamtali,41,41,0,0,165,79,86,0,91.86,village
26,,14,,143,445,,Kandapatal Kholabari*,544,540,0,4,2201,1049,1152,0,91.06,mauza
26,,14,,143,445,208,Kandapatal,235,235,0,0,883,443,440,0,100.68,village
26,,14,,143,445,216,Kholabari,28,28,0,0,108,53,55,0,96.36,village
26,,14,,143,445,248,Madandia,119,118,0,1,493,215,278,0,77.34,village
26,,14,,143,445,348,Raghunathpur,162,159,0,3,717,338,379,0,89.18,village
26,,14,,143,459,,Khagail*,399,398,0,1,1523,746,777,0,96.01,mauza
26,,14,,143,459,68,Dakkhin Khagail,207,207,0,0,780,367,413,0,88.86,village
26,,14,,143,459,408,Uttar Khagail,192,191,0,1,743,379,364,0,104.12,village
26,,14,,143,501,,Lambodhar*,214,213,0,1,784,368,416,0,88.46,mauza
26,,14,,143,501,28,Baghair,214,213,0,1,784,368,416,0,88.46,village
26,,14,,143,538,,Mangalbari*,187,183,2,2,671,368,303,0,121.45,mauza
26,,14,,143,538,248,Mangalbari,187,183,2,2,671,368,303,0,121.45,village
26,,14,,143,647,,Patal*,278,278,0,0,1085,500,585,0,85.47,mauza
26,,14,,143,647,308,Patal,278,278,0,0,1085,500,585,0,85.47,village
26,,14,,143,764,,Singsree*,76,75,0,1,305,163,142,0,114.79,mauza
26,,14,,143,764,368,Singsree,76,75,0,1,305,163,142,0,114.79,village
26,,14,,143,804,,Teradana*,108,108,0,0,420,213,207,0,102.9,mauza
26,,14,,143,804,388,Teradana,108,108,0,0,420,213,207,0,102.9,village
26,,14,,143,838,,Uttar Paichhail*,72,72,0,0,250,127,123,0,103.25,mauza
26,,14,,143,838,408,Uttar Paichhail,72,72,0,0,250,127,123,0,103.25,village
26,,14,,143,841,,Uttar Ramnagar*,60,58,0,2,280,158,122,0,129.51,mauza
26,,14,,143,841,572,Uttar Ramnagar,60,58,0,2,280,158,122,0,129.51,village
26,,14,,152,,,Balia Union,5868,5832,2,34,23563,11512,12051,0,95.53,union_ward
26,,14,,152,,,Rural,5868,5832,2,34,23563,11512,12051,0,95.53,union_ward
26,,14,,152,,,Urban,0,0,0,0,0,0,0,0,0,union_ward
26,,14,,152,74,,Balia*,633,628,1,4,2318,1106,1212,0,91.25,mauza
26,,14,,152,74,28,Balia,495,491,1,3,1823,860,963,0,89.3,village
26,,14,,152,74,421,Purba Balia,138,137,0,1,495,246,249,0,98.8,village
26,,14,,152,76,,Bamongaon (Part)*,285,284,0,1,1099,504,595,0,84.71,mauza
26,,14,,152,76,28,Balia,285,284,0,1,1099,504,595,0,84.71,village
26,,14,,152,104,,Bhabanhati*,373,366,0,7,1457,731,726,0,100.69,mauza
26,,14,,152,104,28,Bhabanhati,373,366,0,7,1457,731,726,0,100.69,village
26,,14,,152,116,,Bil Pallai*,202,201,0,1,818,403,415,0,97.11,mauza
26,,14,,152,116,28,Bil Pallai,85,85,0,0,340,174,166,0,104.82,village
26,,14,,152,116,268,Nayachar,117,116,0,1,478,229,249,0,91.97,village
26,,14,,152,218,,Dunigram*,416,416,0,0,1822,888,934,0,95.07,mauza
26,,14,,152,218,68,Dunigram,416,416,0,0,1822,888,934,0,95.07,village
26,,14,,152,345,,Hijalikhola*,34,33,0,1,134,68,66,0,103.03,mauza
26,,14,,152,345,148,Hijlikhola,34,33,0,1,134,68,66,0,103.03,village
26,,14,,152,374,,Indara*,303,303,0,0,1261,632,629,0,100.48,mauza
26,,14,,152,374,168,Indara,303,303,0,0,1261,632,629,0,100.48,village
26,,14,,152,407,,Jangalia*,106,106,0,0,384,194,190,0,102.11,mauza
26,,14,,152,407,188,Jangalia,106,106,0,0,384,194,190,0,102.11,village
26,,14,,152,443,,Kamarpara*,214,213,0,1,889,444,445,0,99.78,mauza
26,,14,,152,443,208,Kamarpara,214,213,0,1,889,444,445,0,99.78,village
26,,14,,152,461,,Khagutia*,244,240,0,4,883,429,454,0,94.49,mauza
26,,14,,152,461,208,Khagutia,244,240,0,4,883,429,454,0,94.49,village
26,,14,,152,537,,Madarpur*,363,360,0,3,1474,730,744,0,98.12,mauza
26,,14,,152,537,248,Madarpur,363,360,0,3,1474,730,744,0,98.12,village
26,,14,,152,630,,Pabrail*,73,72,0,1,308,163,145,0,112.41,mauza
26,,14,,152,630,308,Pabrail,73,72,0,1,308,163,145,0,112.41,village
26,,14,,152,637,,Pashchim Baichail*,286,284,0,2,1121,518,603,0,85.9,mauza
26,,14,,152,637,28,Baichail,286,284,0,2,1121,518,603,0,85.9,village
26,,14,,152,646,,Pashchim Sutrapur*,358,356,0,2,1371,672,699,0,96.14,mauza
26,,14,,152,646,368,Sutrapur,358,356,0,2,1371,672,699,0,96.14,village
26,,14,,152,714,,Ramraban*,593,593,0,0,2853,1396,1457,0,95.81,mauza
26,,14,,152,714,308,Pratyasha,71,71,0,0,254,125,129,0,96.9,village
26,,14,,152,714,348,Ramraban,522,522,0,0,2599,1271,1328,0,95.71,village
26,,14,,152,772,,Sundar Kanthalia*,81,80,0,1,337,160,177,0,90.4,mauza
26,,14,,152,772,368,Sundar Kanthalia,81,80,0,1,337,160,177,0,90.4,village
26,,14,,152,802,,Teligaon*,153,151,0,2,607,301,306,0,98.37,mauza
26,,14,,152,802,388,Teligaon,153,151,0,2,607,301,306,0,98.37,village
26,,14,,152,805,,Tetail*,187,186,0,1,707,351,356,0,98.6,mauza
26,,14,,152,805,388,Tetail,187,186,0,1,707,351,356,0,98.6,village
26,,14,,152,834,,Uttar Basta*,964,960,1,3,3720,1822,1898,0,96,mauza
26,,14,,152,834,28,Banerchar,164,163,0,1,618,295,323,0,91.33,village
26,,14,,152,834,36,Basta,503,500,1,2,1978,971,1007,0,96.43,village
26,,14,,152,834,44,Basta Adarshagram,195,195,0,0,698,341,357,0,95.52,village
26,,14,,152,834,276,Nayachar,102,102,0,0,426,215,211,0,101.9,village
26,,14,,161,,,Bhararia Union,6110,6044,8,58,25325,12551,12772,2,98.27,union_ward
26,,14,,161,,,Rural,6110,6044,8,58,25325,12551,12772,2,98.27,union_ward
26,,14,,161,,,Urban,0,0,0,0,0,0,0,0,0,union_ward
26,,14,,161,72,,Baishtabdia*,198,197,0,1,810,420,390,0,107.69,mauza
26,,14,,161,72,28,Baishtabdia,198,197,0,1,810,420,390,0,107.69,village
26,,14,,161,83,,Bara Bangalpara*,218,215,0,3,940,478,462,0,103.46,mauza
26,,14,,161,83,28,Bara Bangalpara,218,215,0,3,940,478,462,0,103.46,village
26,,14,,161,88,,Bara Paichhail*,75,73,0,2,338,173,165,0,104.85,mauza
26,,14,,161,88,28,Bara Paichhail,75,73,0,2,338,173,165,0,104.85,village
26,,14,,161,109,,Bhararia*,736,722,0,14,2929,1479,1449,1,102.07,mauza
26,,14,,161,109,28,Banmila,49,47,0,2,199,103,96,0,107.29,village
26,,14,,161,109,36,Bhararia,564,554,0,10,2246,1140,1105,1,103.17,village
26,,14,,161,109,128,Gazipur,123,121,0,2,484,236,248,0,95.16,village
26,,14,,161,147,,Chandrapara*,199,197,0,2,854,425,429,0,99.07,mauza
26,,14,,161,147,48,Chandrapara,120,119,0,1,545,268,277,0,96.75,village
26,,14,,161,147,68,Diabari,63,62,0,1,242,123,119,0,103.36,village
26,,14,,161,147,188,Jugipara,16,16,0,0,67,34,33,0,103.03,village
26,,14,,161,155,,Chhota Bangalpara*,65,64,0,1,263,121,142,0,85.21,mauza
26,,14,,161,155,48,Chhota Bangalpara,65,64,0,1,263,121,142,0,85.21,village
26,,14,,161,192,,Dakkhin Dighalgram*,312,311,0,1,1278,619,659,0,93.93,mauza
26,,14,,161,192,68,Dakkhin Dighalgram,312,311,0,1,1278,619,659,0,93.93,village
26,,14,,161,302,,Gachhuabari*,125,123,0,2,562,269,293,0,91.81,mauza
26,,14,,161,302,128,Gachhuabari,103,102,0,1,452,221,231,0,95.67,village
26,,14,,161,302,386,Shail Bari,22,21,0,1,110,48,62,0,77.42,village
26,,14,,161,342,,Hatipara*,90,86,1,3,407,225,182,0,123.63,mauza
26,,14,,161,342,148,Hatipara,90,86,1,3,407,225,182,0,123.63,village
26,,14,,161,344,,Hijal Atia*,5,3,0,2,14,9,5,0,180,mauza
26,,14,,161,344,148,Hijal Atia,5,3,0,2,14,9,5,0,180,village
26,,14,,161,441,,Kakran*,1140,1128,1,11,4637,2277,2359,1,96.52,mauza
26,,14,,161,441,28,Baniapara,94,92,0,2,367,168,199,0,84.42,village
26,,14,,161,441,148,Haluabari,189,187,0,2,778,389,388,1,100.26,village
26,,14,,161,441,208,Kakran,748,740,1,7,3071,1517,1554,0,97.62,village
26,,14,,161,441,308,Phultala,109,109,0,0,421,203,218,0,93.12,village
26,,14,,161,453,,Katabai*,460,456,1,3,1992,1022,970,0,105.36,mauza
26,,14,,161,453,208,Katabai,460,456,1,3,1992,1022,970,0,105.36,village
26,,14,,161,535,,Malancha*,499,495,0,4,2068,1013,1055,0,96.02,mauza
26,,14,,161,535,128,Guntail,66,64,0,2,286,141,145,0,97.24,village
26,,14,,161,535,208,Vhangabari,55,54,0,1,205,99,106,0,93.4,village
26,,14,,161,535,248,Malancha,259,258,0,1,1081,529,552,0,95.83,village
26,,14,,161,535,256,Mandarchap,119,119,0,0,496,244,252,0,96.83,village
26,,14,,161,539,,Maramdali*,52,50,0,2,196,117,79,0,148.1,mauza
26,,14,,161,539,248,Maramdali,52,50,0,2,196,117,79,0,148.1,village
26,,14,,161,542,,Mora*,294,294,0,0,1130,533,597,0,89.28,mauza
26,,14,,161,542,248,Mora,294,294,0,0,1130,533,597,0,89.28,village
26,,14,,161,653,,Purba Paikpara*,363,357,3,3,1604,792,812,0,97.54,mauza
26,,14,,161,653,308,Paikpara,363,357,3,3,1604,792,812,0,97.54,village
26,,14,,161,718,,Rupapati*,8,7,0,1,36,24,12,0,200,mauza
26,,14,,161,718,348,Rupapati,8,7,0,1,36,24,12,0,200,village
26,,14,,161,760,,Sholabari*,58,58,0,0,238,118,120,0,98.33,mauza
26,,14,,161,760,368,Sholabari,58,58,0,0,238,118,120,0,98.33,village
26,,14,,161,775,,Saeedpara*,351,348,1,2,1484,719,765,0,93.99,mauza
26,,14,,161,775,368,Saeedpara,351,348,1,2,1484,719,765,0,93.99,village
26,,14,,161,803,,Tentulia*,588,587,1,0,2388,1159,1229,0,94.3,mauza
26,,14,,161,803,388,Tentulia,588,587,1,0,2388,1159,1229,0,94.3,village
26,,14,,161,835,,Uttar Dighalgram*,274,273,0,1,1157,559,598,0,93.48,mauza
26,,14,,161,835,408,Uttar Dighalgram,274,273,0,1,1157,559,598,0,93.48,village
26,,14,,179,,,Chouhat Union,5416,5381,3,32,20879,9991,10888,0,91.76,union_ward
26,,14,,179,,,Rural,5416,5381,3,32,20879,9991,10888,0,91.76,union_ward
26,,14,,179,,,Urban,0,0,0,0,0,0,0,0,0,union_ward
26,,14,,179,37,,Atulla Lakkhidia*,185,185,0,0,675,326,349,0,93.41,mauza
26,,14,,179,37,65,Atulla Lakkhidia,185,185,0,0,675,326,349,0,93.41,village
26,,14,,179,38,,Atulla Manoharpur*,119,119,0,0,447,209,238,0,87.82,mauza
26,,14,,179,38,65,Atulla Manoharpur,119,119,0,0,447,209,238,0,87.82,village
26,,14,,179,76,,Bamangaon (Part)*,96,96,0,0,384,183,201,0,91.04,mauza
26,,14,,179,76,28,Bamangaon,96,96,0,0,384,183,201,0,91.04,village
26,,14,,179,78,,Bangala*,359,358,0,1,1362,657,705,0,93.19,mauza
26,,14,,179,78,28,Bangala,359,358,0,1,1362,657,705,0,93.19,village
26,,14,,179,107,,Bhakulia*,418,418,0,0,1625,790,835,0,94.61,mauza
26,,14,,179,107,28,Bara Bhakulia,138,138,0,0,511,247,264,0,93.56,village
26,,14,,179,107,48,Chhota Bhakulia,280,280,0,0,1114,543,571,0,95.1,village
26,,14,,179,161,,Chouhat*,1545,1527,1,17,6062,2921,3141,0,93,mauza
26,,14,,179,161,48,Chakpara,212,210,0,2,866,420,446,0,94.17,village
26,,14,,179,161,56,Char Chouhat,283,281,0,2,1055,509,546,0,93.22,village
26,,14,,179,161,64,Chouhat,1050,1036,1,13,4141,1992,2149,0,92.69,village
26,,14,,179,216,,Dhulat*,100,99,0,1,351,155,196,0,79.08,mauza
26,,14,,179,216,68,Dhulat,100,99,0,1,351,155,196,0,79.08,village
26,,14,,179,217,,Dhuljuri*,185,183,0,2,739,369,370,0,99.73,mauza
26,,14,,179,217,68,Dhuljuri,185,183,0,2,739,369,370,0,99.73,village
26,,14,,179,219,,Dwimukha*,418,417,1,0,1698,838,860,0,97.44,mauza
26,,14,,179,219,28,Bhangabari,6,6,0,0,17,7,10,0,70,village
26,,14,,179,219,68,Dwimukha,383,382,1,0,1563,779,784,0,99.36,village
26,,14,,179,219,208,Kanainagar,29,29,0,0,118,52,66,0,78.79,village
26,,14,,179,534,,Makimpur*,259,258,0,1,986,446,540,0,82.59,mauza
26,,14,,179,534,248,Makimpur,259,258,0,1,986,446,540,0,82.59,village
26,,14,,179,576,,Nikla*,501,498,0,3,2036,1014,1022,0,99.22,mauza
26,,14,,179,576,248,Munsirchar,481,478,0,3,1949,967,982,0,98.47,village
26,,14,,179,576,268,Nayachar,20,20,0,0,87,47,40,0,117.5,village
26,,14,,179,633,,Panchlakkhi*,56,56,0,0,255,114,141,0,80.85,mauza
26,,14,,179,633,308,Panchlakkhi,56,56,0,0,255,114,141,0,80.85,village
26,,14,,179,644,,Pashchim Paikpara*,221,219,0,2,862,418,444,0,94.14,mauza
26,,14,,179,644,188,Jhikatia,87,86,0,1,349,187,162,0,115.43,village
26,,14,,179,644,308,Pashchim Paikpara,134,133,0,1,513,231,282,0,81.91,village
26,,14,,179,710,,Rajapur*,624,619,1,4,2170,974,1196,0,81.44,mauza
26,,14,,179,710,348,Rajapur,624,619,1,4,2170,974,1196,0,81.44,village
26,,14,,179,748,,Sandhitara*,116,116,0,0,445,205,240,0,85.42,mauza
26,,14,,179,748,368,Sandhitara,116,116,0,0,445,205,240,0,85.42,village
26,,14,,179,840,,Uttar Paragaon*,169,168,0,1,606,296,310,0,95.48,mauza
26,,14,,179,840,408,Uttar Paragaon,169,168,0,1,606,296,310,0,95.48,village
26,,14,,179,842,,Uttar Shibpur*,45,45,0,0,176,76,100,0,76,mauza
26,,14,,179,842,408,Uttar Shibpur,45,45,0,0,176,76,100,0,76,village
26,,14,,213,,,Dhamrai Union,4014,3969,8,37,16473,8188,8285,0,98.83,union_ward
26,,14,,213,,,Rural,2588,2562,3,23,10828,5380,5448,0,98.75,union_ward
26,,14,,213,,,Urban,1426,1407,5,14,5645,2808,2837,0,98.98,union_ward
26,,14,,213,153,,Chhota Ikuria*,156,156,0,0,684,336,348,0,96.55,mauza
26,,14,,213,153,48,Chhota Ikuria,156,156,0,0,684,336,348,0,96.55,village
26,,14,,213,154,,Chhota Ashulia*,578,570,1,7,2359,1219,1140,0,106.93,mauza
26,,14,,213,154,48,Chhota Ashulia,578,570,1,7,2359,1219,1140,0,106.93,village
26,,14,,213,209,,Demran*,561,556,1,4,2526,1306,1220,0,107.05,mauza
26,,14,,213,209,68,Demran,561,556,1,4,2526,1306,1220,0,107.05,village
26,,14,,213,338,,Hajipur*,690,684,0,6,2793,1316,1477,0,89.1,mauza
26,,14,,213,338,308,Pashchim Hajipur,401,397,0,4,1686,786,900,0,87.33,village
26,,14,,213,338,316,Purba Hajipur,289,287,0,2,1107,530,577,0,91.85,village
26,,14,,213,372,,Ikuria*,304,301,0,3,1238,573,665,0,86.17,mauza
26,,14,,213,372,268,Nimartek,41,40,0,1,157,68,89,0,76.4,village
26,,14,,213,372,660,Swarnakhali,263,261,0,2,1081,505,576,0,87.67,village
26,,14,,213,406,,Janardanpur*,176,174,0,2,712,356,356,0,100,mauza
26,,14,,213,406,70,Bara Ikuria,176,174,0,2,712,356,356,0,100,village
26,,14,,213,767,,Sharifbag (Part)*,1549,1528,6,15,6161,3082,3079,0,100.1,mauza
26,,14,,213,767,368,Sharifbag,1426,1407,5,14,5645,2808,2837,0,98.98,village
26,,14,,213,767,660,Swarnakhali (Part),123,121,1,1,516,274,242,0,113.22,village
26,,14,,313,,,Gangutia Union,7466,7238,13,215,29587,15060,14527,0,103.67,union_ward
26,,14,,313,,,Rural,7466,7238,13,215,29587,15060,14527,0,103.67,union_ward
26,,14,,313,,,Urban,0,0,0,0,0,0,0,0,0,union_ward
26,,14,,313,27,,Abu Syed*,22,21,0,1,95,41,54,0,75.93,mauza
26,,14,,313,27,41,Abu Syed,22,21,0,1,95,41,54,0,75.93,village
26,,14,,313,34,,Arjun Nalai*,403,398,0,5,1649,845,804,0,105.1,mauza
26,,14,,313,34,63,Arjun Nalai,403,398,0,5,1649,845,804,0,105.1,village
26,,14,,313,89,,Barabaria*,602,579,0,23,2222,1145,1077,0,106.31,mauza
26,,14,,313,89,28,Barabaria,434,412,0,22,1573,795,778,0,102.19,village
26,,14,,313,89,128,Gandulia,168,167,0,1,649,350,299,0,117.06,village
26,,14,,313,151,,Charipara*,458,455,0,3,1741,881,860,0,102.44,mauza
26,,14,,313,151,48,Charipara,269,266,0,3,1000,505,495,0,102.02,village
26,,14,,313,151,56,Charipara Adarshagram,111,111,0,0,430,218,212,0,102.83,village
26,,14,,313,151,68,Dakkhin Hatkora,78,78,0,0,311,158,153,0,103.27,village
26,,14,,313,191,,Dakkhin Basta*,29,29,0,0,106,61,45,0,135.56,mauza
26,,14,,313,191,68,Dakkhin Basta,29,29,0,0,106,61,45,0,135.56,village
26,,14,,313,203,,Datta Nalai*,198,197,1,0,976,416,560,0,74.29,mauza
26,,14,,313,203,68,Datta Nalai,198,197,1,0,976,416,560,0,74.29,village
26,,14,,313,301,,Gabarpara*,70,70,0,0,284,141,143,0,98.6,mauza
26,,14,,313,301,128,Gabarpara,52,52,0,0,227,111,116,0,95.69,village
26,,14,,313,301,136,Gabarpara Adarshagram,18,18,0,0,57,30,27,0,111.11,village
26,,14,,313,303,,Gangutia*,94,94,0,0,395,193,202,0,95.54,mauza
26,,14,,313,303,128,Gangutia,94,94,0,0,395,193,202,0,95.54,village
26,,14,,313,343,,Hatkora*,679,677,0,2,2687,1329,1358,0,97.86,mauza
26,,14,,313,343,68,Dakkhin Hatkora,107,106,0,1,508,259,249,0,104.02,village
26,,14,,313,343,148,Hatkora,367,366,0,1,1393,695,698,0,99.57,village
26,,14,,313,343,208,Kawakhola,205,205,0,0,786,375,411,0,91.24,village
26,,14,,313,403,,Jalsa*,1432,1415,2,15,5826,2938,2888,0,101.73,mauza
26,,14,,313,403,28,Baliapara Jalsa,312,304,0,8,1325,657,668,0,98.35,village
26,,14,,313,403,29,Bagbari Jalsha,296,295,0,1,1186,579,607,0,95.39,village
26,,14,,313,403,36,Basibil Jalsa,145,144,0,1,580,299,281,0,106.41,village
26,,14,,313,403,111,Bara Hisya Jalsa,404,401,1,2,1652,876,776,0,112.89,village
26,,14,,313,403,188,Jalsa,57,56,0,1,239,120,119,0,100.84,village
26,,14,,313,403,268,Nayapara Jalsa,28,27,1,0,114,62,52,0,119.23,village
26,,14,,313,403,308,Pashchimpara Jalsa,190,188,0,2,730,345,385,0,89.61,village
26,,14,,313,451,,Kashtipur*,138,138,0,0,553,272,281,0,96.8,mauza
26,,14,,313,451,68,Dakkhin Kawalipara,93,93,0,0,367,181,186,0,97.31,village
26,,14,,313,451,208,Kashtipur,45,45,0,0,186,91,95,0,95.79,village
26,,14,,313,455,,Kawalipara*,514,490,3,21,1999,993,1006,0,98.71,mauza
26,,14,,313,455,208,Uttar Kawalipara,514,490,3,21,1999,993,1006,0,98.71,village
26,,14,,313,466,,Krishnapura*,1170,1033,6,131,4293,2256,2037,0,110.75,mauza
26,,14,,313,466,28,Barabaria,416,353,0,63,1419,791,628,0,125.96,village
26,,14,,313,466,208,Krishnapura,754,680,6,68,2874,1465,1409,0,103.97,village
26,,14,,313,540,,Marapara*,232,232,0,0,888,452,436,0,103.67,mauza
26,,14,,313,540,248,Marapara,232,232,0,0,888,452,436,0,103.67,village
26,,14,,313,570,,Bara Nalai*,564,563,0,1,2181,1082,1099,0,98.45,mauza
26,,14,,313,570,208,Kawakhola,211,211,0,0,828,431,397,0,108.56,village
26,,14,,313,570,268,Bara Nalai,353,352,0,1,1353,651,702,0,92.74,village
26,,14,,313,636,,Paruhala*,727,713,1,13,3158,1732,1426,0,121.46,mauza
26,,14,,313,636,228,Lalitnagar,239,234,0,5,972,504,468,0,107.69,village
26,,14,,313,636,308,Paruhala,488,479,1,8,2186,1228,958,0,128.18,village
26,,14,,313,711,,Rakkhit Paruhala*,134,134,0,0,534,283,251,0,112.75,mauza
26,,14,,313,711,348,Rakkhit Paruhala,134,134,0,0,534,283,251,0,112.75,village
26,,14,,413,,,Jadabpur Union,5104,5055,2,47,19496,9431,10065,0,93.7,union_ward
26,,14,,413,,,Rural,4955,4912,2,41,18896,9133,9763,0,93.55,union_ward
26,,14,,413,,,Urban,149,143,0,6,600,298,302,0,98.68,union_ward
26,,14,,413,30,,Amchhimur*,525,522,0,3,2063,996,1067,0,93.35,mauza
26,,14,,413,30,56,Amchhimur,525,522,0,3,2063,996,1067,0,93.35,village
26,,14,,413,31,,Amrail*,567,566,0,1,2122,1009,1113,0,90.66,mauza
26,,14,,413,31,56,Amrail,567,566,0,1,2122,1009,1113,0,90.66,village
26,,14,,413,36,,Atigaon*,23,23,0,0,78,37,41,0,90.24,mauza
26,,14,,413,36,65,Atigaon,23,23,0,0,78,37,41,0,90.24,village
26,,14,,413,81,,Banshkota*,66,65,0,1,227,102,125,0,81.6,mauza
26,,14,,413,81,28,Banshkota,66,65,0,1,227,102,125,0,81.6,village
26,,14,,413,106,,Bhagyeshwari*,82,73,0,9,237,129,108,0,119.44,mauza
26,,14,,413,106,28,Bhagyeshwari,82,73,0,9,237,129,108,0,119.44,village
26,,14,,413,115,,Bil Kushnai*,286,285,0,1,1133,531,602,0,88.21,mauza
26,,14,,413,115,28,Bil Kushnai,286,285,0,1,1133,531,602,0,88.21,village
26,,14,,413,117,,Bil Shura*,5,5,0,0,27,12,15,0,80,mauza
26,,14,,413,117,28,Bil Shura,5,5,0,0,27,12,15,0,80,village
26,,14,,413,164,,Chunna*,121,121,0,0,518,265,253,0,104.74,mauza
26,,14,,413,164,48,Chunna,121,121,0,0,518,265,253,0,104.74,village
26,,14,,413,196,,Dakkhin Panchash*,80,80,0,0,312,156,156,0,100,mauza
26,,14,,413,196,68,Dakkhin Panchash,80,80,0,0,312,156,156,0,100,village
26,,14,,413,208,,Delutia*,161,160,0,1,574,277,297,0,93.27,mauza
26,,14,,413,208,68,Delutia,161,160,0,1,574,277,297,0,93.27,village
26,,14,,413,215,,Dhantara*,149,143,0,6,600,298,302,0,98.68,mauza
26,,14,,413,215,68,Dhantara,149,143,0,6,600,298,302,0,98.68,village
26,,14,,413,304,,Gaontara*,164,162,0,2,639,298,341,0,87.39,mauza
26,,14,,413,304,128,Gaontara,164,162,0,2,639,298,341,0,87.39,village
26,,14,,413,305,,Garugram*,439,439,0,0,1741,824,917,0,89.86,mauza
26,,14,,413,305,28,Bhatkura,158,158,0,0,670,348,322,0,108.07,village
26,,14,,413,305,36,Gajaria,34,34,0,0,116,49,67,0,73.13,village
26,,14,,413,305,128,Garugram,247,247,0,0,955,427,528,0,80.87,village
26,,14,,413,308,,Gokhura*,60,60,0,0,263,134,129,0,103.88,mauza
26,,14,,413,308,128,Gokhura,60,60,0,0,263,134,129,0,103.88,village
26,,14,,413,310,,Gomgram*,581,577,0,4,2062,1003,1059,0,94.71,mauza
26,,14,,413,310,28,Banerchar,82,82,0,0,279,142,137,0,103.65,village
26,,14,,413,310,128,Gomgram,338,338,0,0,1188,575,613,0,93.8,village
26,,14,,413,310,208,Khola Bari,161,157,0,4,595,286,309,0,92.56,village
26,,14,,413,402,,Jadabpur*,955,940,2,13,3857,1865,1992,0,93.62,mauza
26,,14,,413,402,188,Jadabpur,955,940,2,13,3857,1865,1992,0,93.62,village
26,,14,,413,462,,Khalbera*,74,69,0,5,214,102,112,0,91.07,mauza
26,,14,,413,462,208,Khalbera,74,69,0,5,214,102,112,0,91.07,village
26,,14,,413,468,,Kumarhati*,76,76,0,0,279,135,144,0,93.75,mauza
26,,14,,413,468,208,Kumarhati,76,76,0,0,279,135,144,0,93.75,village
26,,14,,413,632,,Panch Banshkota*,70,70,0,0,252,128,124,0,103.23,mauza
26,,14,,413,632,308,Panch Banshkota,70,70,0,0,252,128,124,0,103.23,village
26,,14,,413,634,,Panchlakkhi*,144,143,0,1,560,281,279,0,100.72,mauza
26,,14,,413,634,308,Panchlakkhi,144,143,0,1,560,281,279,0,100.72,village
26,,14,,413,648,,Pukharia*,40,40,0,0,114,54,60,0,90,mauza
26,,14,,413,648,308,Pukharia,40,40,0,0,114,54,60,0,90,village
26,,14,,413,712,,Rambhadrapara*,225,225,0,0,898,434,464,0,93.53,mauza
26,,14,,413,712,348,Rambhadrapara,225,225,0,0,898,434,464,0,93.53,village
26,,14,,413,746,,Sakrail*,66,66,0,0,244,128,116,0,110.34,mauza
26,,14,,413,746,368,Sakrail,66,66,0,0,244,128,116,0,110.34,village
26,,14,,413,755,,Shaitta*,101,101,0,0,333,169,164,0,103.05,mauza
26,,14,,413,755,368,Shaitta,101,101,0,0,333,169,164,0,103.05,village
26,,14,,413,839,,Uttar Panchash*,44,44,0,0,149,64,85,0,75.29,mauza
26,,14,,413,839,408,Uttar Panchash,44,44,0,0,149,64,85,0,75.29,village
26,,14,,447,,,Kulla Union,12417,12275,9,133,50198,25142,25056,0,100.34,union_ward
26,,14,,447,,,Rural,12417,12275,9,133,50198,25142,25056,0,100.34,union_ward
26,,14,,447,,,Urban,0,0,0,0,0,0,0,0,0,union_ward
26,,14,,447,67,,Bagharan*,2,2,0,0,6,4,2,0,200,mauza
26,,14,,447,67,28,Bagharan,2,2,0,0,6,4,2,0,200,village
26,,14,,447,84,,Bara Chandrail*,1717,1701,1,15,6537,3292,3245,0,101.45,mauza
26,,14,,447,84,28,Bara Chandrail Pashchimpara,401,394,0,7,1547,748,799,0,93.62,village
26,,14,,447,84,36,Bara Chandrail Purbapara,1316,1307,1,8,4990,2544,2446,0,104.01,village
26,,14,,447,85,,Bara Kair*,364,357,1,6,1509,798,711,0,112.24,mauza
26,,14,,447,85,28,Bara Kair,253,246,1,6,1047,561,486,0,115.43,village
26,,14,,447,85,48,Chaulail,111,111,0,0,462,237,225,0,105.33,village
26,,14,,447,86,,Bara Kushiara*,621,620,0,1,2725,1317,1408,0,93.54,mauza
26,,14,,447,86,28,Bara Kushiara,621,620,0,1,2725,1317,1408,0,93.54,village
26,,14,,447,91,,Bardail*,470,462,2,6,2034,1032,1002,0,102.99,mauza
26,,14,,447,91,28,Bardail,188,184,0,4,807,412,395,0,104.3,village
26,,14,,447,91,348,Rupnagar,282,278,2,2,1227,620,607,0,102.14,village
26,,14,,447,92,,Barilya*,127,127,0,0,509,260,249,0,104.42,mauza
26,,14,,447,92,28,Barilya,127,127,0,0,509,260,249,0,104.42,village
26,,14,,447,94,,Basai*,95,94,0,1,391,192,199,0,96.48,mauza
26,,14,,447,94,28,Basai,95,94,0,1,391,192,199,0,96.48,village
26,,14,,447,163,,Choutail*,701,700,0,1,2847,1410,1437,0,98.12,mauza
26,,14,,447,163,48,Choutail,701,700,0,1,2847,1410,1437,0,98.12,village
26,,14,,447,207,,Deli Gangail*,77,75,1,1,341,176,165,0,106.67,mauza
26,,14,,447,207,68,Deli Gangail,77,75,1,1,341,176,165,0,106.67,village
26,,14,,447,273,,Fordnagar Dwitiya Khanda*,1053,1043,1,9,4069,2015,2054,0,98.1,mauza
26,,14,,447,273,108,Fordnagar Dakkhinpara,279,277,0,2,1093,539,554,0,97.29,village
26,,14,,447,273,116,Fordnagar Uttarpara,631,627,1,3,2491,1241,1250,0,99.28,village
26,,14,,447,273,208,Kandapara,143,139,0,4,485,235,250,0,94,village
26,,14,,447,373,,Imam Gangail*,227,225,1,1,924,440,484,0,90.91,mauza
26,,14,,447,373,168,Imam Gangail,117,116,0,1,437,200,237,0,84.39,village
26,,14,,447,373,208,Kandapara,110,109,1,0,487,240,247,0,97.17,village
26,,14,,447,440,,Kaknail*,56,56,0,0,263,143,120,0,119.17,mauza
26,,14,,447,440,208,Kaknail,56,56,0,0,263,143,120,0,119.17,village
26,,14,,447,454,,Katar Barilla*,45,44,0,1,184,96,88,0,109.09,mauza
26,,14,,447,454,208,Katar Barilla,45,44,0,1,184,96,88,0,109.09,village
26,,14,,447,458,,Kelia*,1761,1711,2,48,7130,3686,3444,0,107.03,mauza
26,,14,,447,458,68,Dakkhin Kelia,1197,1162,2,33,4712,2436,2276,0,107.03,village
26,,14,,447,458,408,Uttar Kelia,564,549,0,15,2418,1250,1168,0,107.02,village
26,,14,,447,464,,Khatra*,647,642,0,5,2486,1235,1251,0,98.72,mauza
26,,14,,447,464,419,Khatra,647,642,0,5,2486,1235,1251,0,98.72,village
26,,14,,447,467,,Kulla*,1243,1221,0,22,4787,2368,2419,0,97.89,mauza
26,,14,,447,467,148,Hiranadi Kulla,607,591,0,16,2261,1125,1136,0,99.03,village
26,,14,,447,467,208,Kulla,636,630,0,6,2526,1243,1283,0,96.88,village
26,,14,,447,502,,Laruakunda*,834,832,0,2,3257,1594,1663,0,95.85,mauza
26,,14,,447,502,48,Charpara,251,249,0,2,979,488,491,0,99.39,village
26,,14,,447,502,228,Laruakunda,583,583,0,0,2278,1106,1172,0,94.37,village
26,,14,,447,533,,Makhulia*,148,148,0,0,657,328,329,0,99.7,mauza
26,,14,,447,533,268,Natun Makhulia,25,25,0,0,107,59,48,0,122.92,village
26,,14,,447,533,308,Puratan Makhulia,123,123,0,0,550,269,281,0,95.73,village
26,,14,,447,536,,Mamura*,371,371,0,0,1606,810,796,0,101.76,mauza
26,,14,,447,536,248,Mamura,303,303,0,0,1334,663,671,0,98.81,village
26,,14,,447,536,256,Mamura Jelepara,68,68,0,0,272,147,125,0,117.6,village
26,,14,,447,573,,Naogaon Kait*,202,201,0,1,905,445,460,0,96.74,mauza
26,,14,,447,573,268,Naogaon Kait,202,201,0,1,905,445,460,0,96.74,village
26,,14,,447,631,,Palli*,415,410,0,5,1730,865,865,0,100,mauza
26,,14,,447,631,63,Aralia,241,237,0,4,1008,506,502,0,100.8,village
26,,14,,447,631,308,Palli,174,173,0,1,722,359,363,0,98.9,village
26,,14,,447,638,,Pashchim Barigaon*,34,34,0,0,160,88,72,0,122.22,mauza
26,,14,,447,638,308,Pashchim Barigaon,34,34,0,0,160,88,72,0,122.22,village
26,,14,,447,650,,Purba Barigaon*,604,604,0,0,2500,1204,1296,0,92.9,mauza
26,,14,,447,650,28,Purba Barigaon Uttar Para,275,275,0,0,1112,520,592,0,87.84,village
26,,14,,447,650,308,Purba Barigaon,329,329,0,0,1388,684,704,0,97.16,village
26,,14,,447,745,,Sachhna*,169,167,0,2,729,355,374,0,94.92,mauza
26,,14,,447,745,368,Sachhna,169,167,0,2,729,355,374,0,94.92,village
26,,14,,447,750,,Sastapur*,101,98,0,3,450,245,205,0,119.51,mauza
26,,14,,447,750,368,Sastapur,101,98,0,3,450,245,205,0,119.51,village
26,,14,,447,765,,Siti*,333,330,0,3,1462,744,718,0,103.62,mauza
26,,14,,447,765,368,Siti,333,330,0,3,1462,744,718,0,103.62,village
26,,14,,456,,,Kushura Union,8025,7978,10,37,31615,15465,16147,3,95.78,union_ward
26,,14,,456,,,Rural,7840,7796,9,35,30840,15029,15808,3,95.07,union_ward
26,,14,,456,,,Urban,185,182,1,2,775,436,339,0,128.61,union_ward
26,,14,,456,69,,Baingkhartala*,43,43,0,0,168,84,84,0,100,mauza
26,,14,,456,69,28,Baingkhartala,43,43,0,0,168,84,84,0,100,village
26,,14,,456,70,,Bainya*,352,350,0,2,1357,654,703,0,93.03,mauza
26,,14,,456,70,28,Bainya,352,350,0,2,1357,654,703,0,93.03,village
26,,14,,456,77,,Banbari*,88,88,0,0,340,168,172,0,97.67,mauza
26,,14,,456,77,28,Banbari,88,88,0,0,340,168,172,0,97.67,village
26,,14,,456,79,,Bannakhola*,426,422,1,3,1832,846,986,0,85.8,mauza
26,,14,,456,79,28,Bannakhola,426,422,1,3,1832,846,986,0,85.8,village
26,,14,,456,80,,Bannal*,911,908,1,2,3554,1755,1799,0,97.55,mauza
26,,14,,456,80,28,Bainbari,14,14,0,0,55,31,24,0,129.17,village
26,,14,,456,80,36,Bakchar,30,30,0,0,112,53,59,0,89.83,village
26,,14,,456,80,44,Bannal,245,245,0,0,949,449,500,0,89.8,village
26,,14,,456,80,52,Bhurbaria,261,260,0,1,1049,508,541,0,93.9,village
26,,14,,456,80,60,Bucharbari,89,88,1,0,363,180,183,0,98.36,village
26,,14,,456,80,68,Chandrabari,12,11,0,1,56,33,23,0,143.48,village
26,,14,,456,80,228,Kulinda,129,129,0,0,476,243,233,0,104.29,village
26,,14,,456,80,268,Maijail,29,29,0,0,110,54,56,0,96.43,village
26,,14,,456,80,388,Shaittabari,102,102,0,0,384,204,180,0,113.33,village
26,,14,,456,100,,Beki Garail*,133,133,0,0,470,206,264,0,78.03,mauza
26,,14,,456,100,28,Beki Garail,133,133,0,0,470,206,264,0,78.03,village
26,,14,,456,102,,Bengroa*,79,79,0,0,326,172,154,0,111.69,mauza
26,,14,,456,102,28,Bengroa,79,79,0,0,326,172,154,0,111.69,village
26,,14,,456,197,,Dakkhin Paragaon*,232,232,0,0,856,428,428,0,100,mauza
26,,14,,456,197,68,Dakkhin Paragaon,232,232,0,0,856,428,428,0,100,village
26,,14,,456,201,,Dalipara*,185,182,1,2,775,436,339,0,128.61,mauza
26,,14,,456,201,68,Dalipara,185,182,1,2,775,436,339,0,128.61,village
26,,14,,456,210,,Deokhola*,91,91,0,0,373,176,197,0,89.34,mauza
26,,14,,456,210,68,Deokhola,91,91,0,0,373,176,197,0,89.34,village
26,,14,,456,220,,Durgapur Garail*,859,853,0,6,3308,1648,1660,0,99.28,mauza
26,,14,,456,220,28,Bagjan,92,92,0,0,365,186,179,0,103.91,village
26,,14,,456,220,48,Ag Garail,134,133,0,1,538,260,278,0,93.53,village
26,,14,,456,220,68,Durgapur Garail,187,187,0,0,683,331,352,0,94.03,village
26,,14,,456,220,248,Madhudanga,336,332,0,4,1315,659,656,0,100.46,village
26,,14,,456,220,348,Radhanagar,110,109,0,1,407,212,195,0,108.72,village
26,,14,,456,311,,Gulail*,232,231,1,0,935,476,459,0,103.7,mauza
26,,14,,456,311,128,Gulail,232,231,1,0,935,476,459,0,103.7,village
26,,14,,456,339,,Haluapara*,276,275,0,1,1113,534,579,0,92.23,mauza
26,,14,,456,339,148,Haluapara,276,275,0,1,1113,534,579,0,92.23,village
26,,14,,456,340,,Haridaspur*,218,217,1,0,960,511,449,0,113.81,mauza
26,,14,,456,340,148,Haridaspur,218,217,1,0,960,511,449,0,113.81,village
26,,14,,456,341,,Haterkanda*,39,37,1,1,144,75,69,0,108.7,mauza
26,,14,,456,341,148,Haterkanda,39,37,1,1,144,75,69,0,108.7,village
26,,14,,456,446,,Kantahati*,415,414,1,0,1807,947,860,0,110.12,mauza
26,,14,,456,446,208,Kantahati,415,414,1,0,1807,947,860,0,110.12,village
26,,14,,456,447,,Kanthalia*,237,237,0,0,879,412,467,0,88.22,mauza
26,,14,,456,447,208,Kanthalia,237,237,0,0,879,412,467,0,88.22,village
26,,14,,456,452,,Kasimnagar*,73,73,0,0,235,119,116,0,102.59,mauza
26,,14,,456,452,208,Kasimnagar,73,73,0,0,235,119,116,0,102.59,village
26,,14,,456,460,,Toperbari*,701,696,1,4,2647,1253,1394,0,89.89,mauza
26,,14,,456,460,558,Toperbari,701,696,1,4,2647,1253,1394,0,89.89,village
26,,14,,456,471,,Kuni Kushura*,186,186,0,0,695,333,362,0,91.99,mauza
26,,14,,456,471,208,Kuni Kushura,186,186,0,0,695,333,362,0,91.99,village
26,,14,,456,473,,Kushura*,442,439,0,3,1783,856,927,0,92.34,mauza
26,,14,,456,473,148,Hat Kushura,186,184,0,2,688,335,353,0,94.9,village
26,,14,,456,473,208,Kushura,256,255,0,1,1095,521,574,0,90.77,village
26,,14,,456,503,,Lochankhola*,61,61,0,0,258,123,135,0,91.11,mauza
26,,14,,456,503,228,Lochankhola,61,61,0,0,258,123,135,0,91.11,village
26,,14,,456,504,,Loharkhola*,29,29,0,0,101,44,57,0,77.19,mauza
26,,14,,456,504,228,Loharkhola,29,29,0,0,101,44,57,0,77.19,village
26,,14,,456,569,,Nabagram*,532,522,1,9,2014,941,1070,3,87.94,mauza
26,,14,,456,569,268,Nabagram,532,522,1,9,2014,941,1070,3,87.94,village
26,,14,,456,575,,Naterkhola*,35,34,0,1,151,74,77,0,96.1,mauza
26,,14,,456,575,268,Naterkhola,35,34,0,1,151,74,77,0,96.1,village
26,,14,,456,577,,Nimatali*,19,19,0,0,89,36,53,0,67.92,mauza
26,,14,,456,577,268,Nimatali,19,19,0,0,89,36,53,0,67.92,village
26,,14,,456,635,,Pankatta*,26,26,0,0,113,64,49,0,130.61,mauza
26,,14,,456,635,308,Pankatta,26,26,0,0,113,64,49,0,130.61,village
26,,14,,456,640,,Pashchim Bauza*,106,106,0,0,441,225,216,0,104.17,mauza
26,,14,,456,640,308,Pashchim Bauza,106,106,0,0,441,225,216,0,104.17,village
26,,14,,456,643,,Pashchim Narasinghapur*,194,192,0,2,711,342,369,0,92.68,mauza
26,,14,,456,643,308,Pashchim Narasinghapur,194,192,0,2,711,342,369,0,92.68,village
26,,14,,456,645,,Pashchim Shulshulia*,77,77,0,0,300,140,160,0,87.5,mauza
26,,14,,456,645,308,Pashchim Shulshulia,77,77,0,0,300,140,160,0,87.5,village
26,,14,,456,649,,Purba Baoja*,93,92,1,0,371,192,179,0,107.26,mauza
26,,14,,456,649,316,Purba Baoja,93,92,1,0,371,192,179,0,107.26,village
26,,14,,456,656,,Purba Shulshulia*,14,14,0,0,68,38,30,0,126.67,mauza
26,,14,,456,656,308,Purba Shulshulia,14,14,0,0,68,38,30,0,126.67,village
26,,14,,456,713,,Ramdair*,130,130,0,0,517,250,267,0,93.63,mauza
26,,14,,456,713,348,Ramdair,130,130,0,0,517,250,267,0,93.63,village
26,,14,,456,753,,Shaildhara*,78,78,0,0,310,151,159,0,94.97,mauza
26,,14,,456,753,368,Shaildhara,78,78,0,0,310,151,159,0,94.97,village
26,,14,,456,756,,Shakhua*,62,62,0,0,231,116,115,0,100.87,mauza
26,,14,,456,756,368,Shakhua,62,62,0,0,231,116,115,0,100.87,village
26,,14,,456,757,,Shasan*,217,216,0,1,837,372,465,0,80,mauza
26,,14,,456,757,368,Shasan,217,216,0,1,837,372,465,0,80,village
26,,14,,456,768,,Sreepur*,93,93,0,0,387,188,199,0,94.47,mauza
26,,14,,456,768,368,Sreepur,93,93,0,0,387,188,199,0,94.47,village
26,,14,,456,806,,Khagarmora*,41,41,0,0,159,80,79,0,101.27,mauza
26,,14,,456,806,385,Khagarmora,41,41,0,0,159,80,79,0,101.27,village
26,,14,,548,,,Nannar Union,4968,4930,3,35,20250,9929,10321,0,96.2,union_ward
26,,14,,548,,,Rural,2030,2021,2,7,8598,4227,4371,0,96.71,union_ward
26,,14,,548,,,Urban,2938,2909,1,28,11652,5702,5950,0,95.83,union_ward
26,,14,,548,73,,Bajashan*,3,0,1,2,88,83,5,0,1660,mauza
26,,14,,548,73,28,Bajashan,3,0,1,2,88,83,5,0,1660,village
26,,14,,548,113,,Bil Jamula*,98,98,0,0,395,180,215,0,83.72,mauza
26,,14,,548,113,28,Bil Jamula,98,98,0,0,395,180,215,0,83.72,village
26,,14,,548,195,,Dakkhin Paichhal*,180,179,1,0,746,373,373,0,100,mauza
26,,14,,548,195,68,Dakkhin Paichhal,180,179,1,0,746,373,373,0,100,village
26,,14,,548,404,,Jalsin*,285,281,0,4,1161,577,584,0,98.8,mauza
26,,14,,548,404,188,Jalsin,285,281,0,4,1161,577,584,0,98.8,village
26,,14,,548,572,,Nannar*,2938,2909,1,28,11652,5702,5950,0,95.83,mauza
26,,14,,548,572,48,Char Chauna,262,258,0,4,1087,536,551,0,97.28,village
26,,14,,548,572,56,Chauna,439,435,0,4,1682,818,864,0,94.68,village
26,,14,,548,572,128,Ghorakanda,415,410,1,4,1657,809,848,0,95.4,village
26,,14,,548,572,136,Gopalkrishnapur,396,394,0,2,1514,735,779,0,94.35,village
26,,14,,548,572,208,Kalidaspatti,97,97,0,0,376,182,194,0,93.81,village
26,,14,,548,572,268,Nannar,1329,1315,0,14,5336,2622,2714,0,96.61,village
26,,14,,548,642,,Pashchim Gopalpur*,178,178,0,0,761,385,376,0,102.39,mauza
26,,14,,548,642,308,Pashchim Gopalpur,178,178,0,0,761,385,376,0,102.39,village
26,,14,,548,652,,Purba Naogaon*,133,133,0,0,566,275,291,0,94.5,mauza
26,,14,,548,652,308,Purba Naogaon,133,133,0,0,566,275,291,0,94.5,village
26,,14,,548,709,,Raghunathpur*,442,442,0,0,1854,889,965,0,92.12,mauza
26,,14,,548,709,208,Kanda Kawali,170,170,0,0,703,339,364,0,93.13,village
26,,14,,548,709,348,Raghunathpur,272,272,0,0,1151,550,601,0,91.51,village
26,,14,,548,754,,Shainpara*,19,19,0,0,108,57,51,0,111.76,mauza
26,,14,,548,754,368,Shainpara,19,19,0,0,108,57,51,0,111.76,village
26,,14,,548,758,,Sheorail*,186,185,0,1,746,360,386,0,93.26,mauza
26,,14,,548,758,368,Sheorail,186,185,0,1,746,360,386,0,93.26,village
26,,14,,548,761,,Sholakura*,81,81,0,0,398,202,196,0,103.06,mauza
26,,14,,548,761,368,Sholakuria,81,81,0,0,398,202,196,0,103.06,village
26,,14,,548,833,,Ulail*,425,425,0,0,1775,846,929,0,91.07,mauza
26,,14,,548,833,208,Kalidaspatti,95,95,0,0,425,201,224,0,89.73,village
26,,14,,548,833,408,Ulail,330,330,0,0,1350,645,705,0,91.49,village
26,,14,,681,,,Roail Union,6422,6397,3,22,25273,12507,12766,0,97.97,union_ward
26,,14,,681,,,Rural,6422,6397,3,22,25273,12507,12766,0,97.97,union_ward
26,,14,,681,,,Urban,0,0,0,0,0,0,0,0,0,union_ward
26,,14,,681,29,,Ag Roail*,14,14,0,0,61,31,30,0,103.33,mauza
26,,14,,681,29,48,Ag Roail,14,14,0,0,61,31,30,0,103.33,village
26,,14,,681,35,,Atimaithal*,338,338,0,0,1301,607,694,0,87.46,mauza
26,,14,,681,35,65,Atimaithal,338,338,0,0,1301,607,694,0,87.46,village
26,,14,,681,99,,Bahutkul*,517,516,0,1,2040,946,1094,0,86.47,mauza
26,,14,,681,99,28,Bahutkul,517,516,0,1,2040,946,1094,0,86.47,village
26,,14,,681,149,,Char Bardail*,389,387,0,2,1499,737,762,0,96.72,mauza
26,,14,,681,149,48,Char Bardail,300,298,0,2,1167,565,602,0,93.85,village
26,,14,,681,149,248,Mohanpur,89,89,0,0,332,172,160,0,107.5,village
26,,14,,681,150,,Char Sungar*,1110,1107,1,2,4401,2195,2206,0,99.5,mauza
26,,14,,681,150,48,Char Sungar,1110,1107,1,2,4401,2195,2206,0,99.5,village
26,,14,,681,463,,Khararchar*,1213,1207,1,5,4822,2355,2467,0,95.46,mauza
26,,14,,681,463,208,Khararchar,1213,1207,1,5,4822,2355,2467,0,95.46,village
26,,14,,681,465,,Kismat Bhabanipur*,106,106,0,0,486,255,231,0,110.39,mauza
26,,14,,681,465,208,Kismat Bhabanipur,106,106,0,0,486,255,231,0,110.39,village
26,,14,,681,541,,Matial*,413,411,0,2,1570,753,817,0,92.17,mauza
26,,14,,681,541,208,Krishnanagar,413,411,0,2,1570,753,817,0,92.17,village
26,,14,,681,641,,Pashchim Bhabanipur*,112,112,0,0,493,274,219,0,125.11,mauza
26,,14,,681,641,308,Pashchim Bhabanipur,112,112,0,0,493,274,219,0,125.11,village
26,,14,,681,716,,Roail*,608,608,0,0,2403,1227,1176,0,104.34,mauza
26,,14,,681,716,68,Dadhighata,216,216,0,0,830,437,393,0,111.2,village
26,,14,,681,716,348,Roail,392,392,0,0,1573,790,783,0,100.89,village
26,,14,,681,751,,Senail*,272,271,1,0,1104,564,540,0,104.44,mauza
26,,14,,681,751,368,Senail,272,271,1,0,1104,564,540,0,104.44,village
26,,14,,681,773,,Sungar*,1330,1320,0,10,5093,2563,2530,0,101.3,mauza
26,,14,,681,773,108,Faringa,637,637,0,0,2295,1153,1142,0,100.96,village
26,,14,,681,773,368,Sungar,693,683,0,10,2798,1410,1388,0,101.59,village
26,,14,,715,,,Sanora Union,6357,6322,10,25,25261,12390,12870,1,96.27,union_ward
26,,14,,715,,,Rural,6357,6322,10,25,25261,12390,12870,1,96.27,union_ward
26,,14,,715,,,Urban,0,0,0,0,0,0,0,0,0,union_ward
26,,14,,715,66,,Bagdia*,27,27,0,0,104,52,52,0,100,mauza
26,,14,,715,66,28,Bagdia,27,27,0,0,104,52,52,0,100,village
26,,14,,715,82,,Bara Amarpur*,340,339,0,1,1354,668,686,0,97.38,mauza
26,,14,,715,82,28,Bara Amarpur,119,118,0,1,469,224,245,0,91.43,village
26,,14,,715,82,48,Char Khanda,221,221,0,0,885,444,441,0,100.68,village
26,,14,,715,108,,Bhalum*,1842,1827,2,13,6849,3373,3476,0,97.04,mauza
26,,14,,715,108,28,Bathuli,250,250,0,0,975,447,528,0,84.66,village
26,,14,,715,108,36,Batulia,437,434,1,2,1648,811,837,0,96.89,village
26,,14,,715,108,44,Bhalum,603,599,1,3,2426,1212,1214,0,99.84,village
26,,14,,715,108,208,Kalampur Bazar,552,544,0,8,1800,903,897,0,100.67,village
26,,14,,715,118,,Butsuhati*,120,120,0,0,494,241,253,0,95.26,mauza
26,,14,,715,118,28,Butsuhati,120,120,0,0,494,241,253,0,95.26,village
26,,14,,715,160,,Chhota Narayanpur*,104,104,0,0,434,205,229,0,89.52,mauza
26,,14,,715,160,48,Chhota Narayanpur,104,104,0,0,434,205,229,0,89.52,village
26,,14,,715,194,,Dakkhin Naohata*,84,84,0,0,349,175,174,0,100.57,mauza
26,,14,,715,194,68,Dakkhin Naohata,84,84,0,0,349,175,174,0,100.57,village
26,,14,,715,211,,Dewnai*,1032,1031,1,0,4185,2095,2090,0,100.24,mauza
26,,14,,715,211,28,Baichail,68,68,0,0,292,146,146,0,100,village
26,,14,,715,211,36,Baoja,101,101,0,0,407,194,213,0,91.08,village
26,,14,,715,211,54,Alokdia,59,59,0,0,248,129,119,0,108.4,village
26,,14,,715,211,68,Dewnai,539,539,0,0,2097,1040,1057,0,98.39,village
26,,14,,715,211,188,Jhaubadha,174,173,1,0,777,408,369,0,110.57,village
26,,14,,715,211,308,Pathahara,91,91,0,0,364,178,186,0,95.7,village
26,,14,,715,213,,Dhalkunda*,191,191,0,0,729,353,376,0,93.88,mauza
26,,14,,715,213,68,Dhalkunda,99,99,0,0,390,188,202,0,93.07,village
26,,14,,715,213,248,Madhudanga,92,92,0,0,339,165,174,0,94.83,village
26,,14,,715,531,,Mohishashi*,803,795,2,6,3167,1579,1588,0,99.43,mauza
26,,14,,715,531,248,Mohishashi -2,449,441,2,6,1711,865,846,0,102.25,village
26,,14,,715,531,256,Mohishashi -I,354,354,0,0,1456,714,742,0,96.23,village
26,,14,,715,639,,Pashchim Basna*,506,500,2,4,2079,1006,1072,1,93.84,mauza
26,,14,,715,639,48,Chandakhali,141,139,0,2,546,262,284,0,92.25,village
26,,14,,715,639,308,Pashchim Basna,285,281,2,2,1200,582,617,1,94.33,village
26,,14,,715,639,368,Suichkhali,80,80,0,0,333,162,171,0,94.74,village
26,,14,,715,651,,Purba Basna*,504,501,2,1,2155,1058,1097,0,96.44,mauza
26,,14,,715,651,208,Khagurta,89,89,0,0,394,190,204,0,93.14,village
26,,14,,715,651,308,Purba Basna,415,412,2,1,1761,868,893,0,97.2,village
26,,14,,715,655,,Purba Shibpur*,49,49,0,0,187,93,94,0,98.94,mauza
26,,14,,715,655,308,Purba Shibpur,49,49,0,0,187,93,94,0,98.94,village
26,,14,,715,749,,Sanora*,223,223,0,0,954,445,509,0,87.43,mauza
26,,14,,715,749,368,Sanora,223,223,0,0,954,445,509,0,87.43,village
26,,14,,715,771,,Sholdhan*,439,438,1,0,1834,869,965,0,90.05,mauza
26,,14,,715,771,268,Nayarchar,70,70,0,0,298,140,158,0,88.61,village
26,,14,,715,771,368,Sholdhan,369,368,1,0,1536,729,807,0,90.33,village
26,,14,,715,837,,Uttar Naohatta*,93,93,0,0,387,178,209,0,85.17,mauza
26,,14,,715,837,408,Uttar Nawhat,84,84,0,0,346,158,188,0,84.04,village
26,,14,,715,837,416,Uttar Nawhat Bazar,9,9,0,0,41,20,21,0,95.24,village
26,,14,,724,,,Sombhag Union,10305,9981,17,307,41150,21586,19563,1,110.34,union_ward
26,,14,,724,,,Rural,10305,9981,17,307,41150,21586,19563,1,110.34,union_ward
26,,14,,724,,,Urban,0,0,0,0,0,0,0,0,0,union_ward
26,,14,,724,65,,Bade Gawail*,1049,1005,0,44,3803,1950,1853,0,105.23,mauza
26,,14,,724,65,28,Bade Gawail,436,413,0,23,1618,845,773,0,109.31,village
26,,14,,724,65,48,Char Dautia,613,592,0,21,2185,1105,1080,0,102.31,village
26,,14,,724,148,,Chapil*,819,816,1,2,3402,1738,1664,0,104.45,mauza
26,,14,,724,148,48,Chapil,594,591,1,2,2474,1282,1192,0,107.55,village
26,,14,,724,148,208,Kangshapatty,225,225,0,0,928,456,472,0,96.61,village
26,,14,,724,204,,Dattakhola*,50,50,0,0,236,109,127,0,85.83,mauza
26,,14,,724,204,68,Dattakhola,50,50,0,0,236,109,127,0,85.83,village
26,,14,,724,205,,Dautia*,1679,1596,4,79,6990,3954,3036,0,130.24,mauza
26,,14,,724,205,48,Char Dautia,175,121,0,54,528,314,214,0,146.73,village
26,,14,,724,205,68,Dautia,932,907,3,22,4343,2650,1693,0,156.53,village
26,,14,,724,205,128,Goaldi,572,568,1,3,2119,990,1129,0,87.69,village
26,,14,,724,212,,Depashai*,1772,1716,2,54,7171,3780,3391,0,111.47,mauza
26,,14,,724,212,68,Depashai,1772,1716,2,54,7171,3780,3391,0,111.47,village
26,,14,,724,274,,Fukutia*,363,353,0,10,1267,641,626,0,102.4,mauza
26,,14,,724,274,108,Fukutia,363,353,0,10,1267,641,626,0,102.4,village
26,,14,,724,306,,Gawail*,1615,1603,2,10,6417,3186,3230,1,98.64,mauza
26,,14,,724,306,28,Baneshwar,530,528,2,0,2256,1125,1131,0,99.47,village
26,,14,,724,306,128,Gawail,1085,1075,0,10,4161,2061,2099,1,98.19,village
26,,14,,724,410,,Joypura*,1153,1055,2,96,4152,2272,1880,0,120.85,mauza
26,,14,,724,410,188,Joypura,1153,1055,2,96,4152,2272,1880,0,120.85,village
26,,14,,724,450,,Kashipur*,437,428,1,8,1591,776,815,0,95.21,mauza
26,,14,,724,450,208,Kashipur,437,428,1,8,1591,776,815,0,95.21,village
26,,14,,724,752,,Shailain*,559,553,4,2,2581,1423,1158,0,122.88,mauza
26,,14,,724,752,28,Bhurbaria,87,86,0,1,323,159,164,0,96.95,village
26,,14,,724,752,208,Karabil,58,58,0,0,219,111,108,0,102.78,village
26,,14,,724,752,216,Kulinda,94,92,2,0,562,351,211,0,166.35,village
26,,14,,724,752,368,Shailain,320,317,2,1,1477,802,675,0,118.81,village
26,,14,,724,766,,Sombhag*,407,407,0,0,1749,869,880,0,98.75,mauza
26,,14,,724,766,208,Kandikul,66,66,0,0,273,136,137,0,99.27,village
26,,14,,724,766,216,Katakhali,93,93,0,0,403,192,211,0,91,village
26,,14,,724,766,368,Sombhag,248,248,0,0,1073,541,532,0,101.69,village
26,,14,,724,836,,Uttar Naogaon*,402,399,1,2,1791,888,903,0,98.34,mauza
26,,14,,724,836,408,Uttar Naogaon,402,399,1,2,1791,888,903,0,98.34,village
26,,14,,733,,,Suapur Union,5192,5167,3,22,20571,10149,10422,0,97.38,union_ward
26,,14,,733,,,Rural,3960,3939,2,19,15546,7602,7944,0,95.69,union_ward
26,,14,,733,,,Urban,1232,1228,1,3,5025,2547,2478,0,102.78,union_ward
26,,14,,733,95,,Basuakhola*,101,101,0,0,400,190,210,0,90.48,mauza
26,,14,,733,95,28,Basuakhola,101,101,0,0,400,190,210,0,90.48,village
26,,14,,733,105,,Bhadalia*,303,301,0,2,1246,586,660,0,88.79,mauza
26,,14,,733,105,28,Bhadalia,202,200,0,2,854,399,455,0,87.69,village
26,,14,,733,105,36,Bhubannagar,101,101,0,0,392,187,205,0,91.22,village
26,,14,,733,206,,Deldha*,2318,2303,2,13,9222,4548,4674,0,97.3,mauza
26,,14,,733,206,28,Baikunthapur,59,58,0,1,208,97,111,0,87.39,village
26,,14,,733,206,36,Betuail,297,295,0,2,1227,603,624,0,96.63,village
26,,14,,733,206,48,Char Deldha,108,108,0,0,373,166,207,0,80.19,village
26,,14,,733,206,57,Anandanagar,468,464,1,3,1966,997,969,0,102.89,village
26,,14,,733,206,68,Deldha,193,190,0,3,748,379,369,0,102.71,village
26,,14,,733,206,168,Ishannagar,534,533,0,1,1966,959,1007,0,95.23,village
26,,14,,733,206,228,Lalitnagar,86,85,1,0,333,165,168,0,98.21,village
26,,14,,733,206,268,Nayapara,133,133,0,0,605,294,311,0,94.53,village
26,,14,,733,206,368,Shialkul,440,437,0,3,1796,888,908,0,97.8,village
26,,14,,733,448,,Karim Kaimtara*,182,181,0,1,704,353,351,0,100.57,mauza
26,,14,,733,448,208,Karim Kaimtara,182,181,0,1,704,353,351,0,100.57,village
26,,14,,733,472,,Kurungi*,710,707,0,3,2779,1342,1437,0,93.39,mauza
26,,14,,733,472,208,Kurungi,437,436,0,1,1678,808,870,0,92.87,village
26,,14,,733,472,348,Rouhartek,273,271,0,2,1101,534,567,0,94.18,village
26,,14,,733,717,,Rowha*,346,346,0,0,1195,583,612,0,95.26,mauza
26,,14,,733,717,68,Danestanagar,86,86,0,0,287,140,147,0,95.24,village
26,,14,,733,717,348,Rowha,260,260,0,0,908,443,465,0,95.27,village
26,,14,,733,770,,Suapur*,1232,1228,1,3,5025,2547,2478,0,102.78,mauza
26,,14,,733,770,65,Atanipara,111,111,0,0,460,226,234,0,96.58,village
26,,14,,733,770,128,Gopinathpur,92,92,0,0,390,193,197,0,97.97,village
26,,14,,733,770,208,Kuthirchar,373,372,1,0,1549,817,732,0,111.61,village
26,,14,,733,770,368,Suapur,656,653,0,3,2626,1311,1315,0,99.7,village
26,,14,,742,,,Sutipara Union,13877,12676,30,1171,50564,26471,24090,3,109.88,union_ward
26,,14,,742,,,Rural,9295,8628,23,644,35248,18426,16822,0,109.54,union_ward
26,,14,,742,,,Urban,4582,4048,7,527,15316,8045,7268,3,110.69,union_ward
26,,14,,742,75,,Balitha*,785,763,2,20,3148,1614,1534,0,105.22,mauza
26,,14,,742,75,28,Balitha,673,651,2,20,2717,1388,1329,0,104.44,village
26,,14,,742,75,208,Kishorinagar,112,112,0,0,431,226,205,0,110.24,village
26,,14,,742,90,,Baratia*,369,358,3,8,1733,1004,729,0,137.72,mauza
26,,14,,742,90,28,Baratia,369,358,3,8,1733,1004,729,0,137.72,village
26,,14,,742,93,,Bartabil*,334,330,0,4,1335,671,664,0,101.05,mauza
26,,14,,742,93,28,Bhatarkhola,310,306,0,4,1224,609,615,0,99.02,village
26,,14,,742,93,268,Naogaon,24,24,0,0,111,62,49,0,126.53,village
26,,14,,742,96,,Bathuli*,844,781,3,60,3248,1653,1595,0,103.64,mauza
26,,14,,742,96,28,Bathuli,564,505,2,57,2111,1088,1023,0,106.35,village
26,,14,,742,96,68,Dakkhin Bathuli,280,276,1,3,1137,565,572,0,98.78,village
26,,14,,742,101,,Belishwar*,991,963,2,26,3929,1969,1960,0,100.46,mauza
26,,14,,742,101,28,Belishwar,746,734,1,11,3049,1502,1547,0,97.09,village
26,,14,,742,101,368,Saha Belishwar,245,229,1,15,880,467,413,0,113.08,village
26,,14,,742,114,,Bil Keshti*,373,370,0,3,1521,756,765,0,98.82,mauza
26,,14,,742,114,28,Bil Keshti,373,370,0,3,1521,756,765,0,98.82,village
26,,14,,742,158,,Chhota Kalampur*,4582,4048,7,527,15316,8045,7268,3,110.69,mauza
26,,14,,742,158,48,Chhota Kalampur,418,407,0,11,1503,742,761,0,97.5,village
26,,14,,742,158,208,Kalampur,4164,3641,7,516,13813,7303,6507,3,112.23,village
26,,14,,742,162,,Chourimora*,8,8,0,0,35,13,22,0,59.09,mauza
26,,14,,742,162,28,Bhatarkhola(Part),8,8,0,0,35,13,22,0,59.09,village
26,,14,,742,193,,Dakkhin Naogaon*,815,811,0,4,3394,1614,1780,0,90.67,mauza
26,,14,,742,193,28,Barapaikha,316,316,0,0,1325,617,708,0,87.15,village
26,,14,,742,193,68,Dakkhin Naogaon,499,495,0,4,2069,997,1072,0,93,village
26,,14,,742,199,,Dakkhin Shibpur*,192,123,0,69,502,281,221,0,127.15,mauza
26,,14,,742,199,68,Dakkhin Shibpur,192,123,0,69,502,281,221,0,127.15,village
26,,14,,742,202,,Dari Belishwar*,46,45,0,1,204,102,102,0,100,mauza
26,,14,,742,202,68,Dari Belishwar,46,45,0,1,204,102,102,0,100,village
26,,14,,742,442,,Kalyanpur*,363,344,0,19,1386,718,668,0,107.49,mauza
26,,14,,742,442,208,Kalyanpur,363,344,0,19,1386,718,668,0,107.49,village
26,,14,,742,574,,Naogaonhati*,315,313,1,1,1358,684,674,0,101.48,mauza
26,,14,,742,574,248,Makarkhola,186,184,1,1,822,436,386,0,112.95,village
26,,14,,742,574,268,Naogaonhati,129,129,0,0,536,248,288,0,86.11,village
26,,14,,742,715,,Raykhola*,875,711,3,161,2556,1473,1083,0,136.01,mauza
26,,14,,742,715,348,Raykhola,875,711,3,161,2556,1473,1083,0,136.01,village
26,,14,,742,747,,Salibhanga*,104,49,1,54,509,368,141,0,260.99,mauza
26,,14,,742,747,368,Salibhanga,104,49,1,54,509,368,141,0,260.99,village
26,,14,,742,763,,Sindulia*,183,182,0,1,685,325,360,0,90.28,mauza
26,,14,,742,763,368,Sindulia,183,182,0,1,685,325,360,0,90.28,village
26,,14,,742,769,,Sreerampur*,2503,2297,8,198,8898,4761,4137,0,115.08,mauza
26,,14,,742,769,368,Sreerampur,2503,2297,8,198,8898,4761,4137,0,115.08,village
26,,14,,742,774,,Sutipara*,195,180,0,15,807,420,387,0,108.53,mauza
26,,14,,742,774,368,Sutipara,195,180,0,15,807,420,387,0,108.53,village
26,,18,,,,,Dohar Upazila,61577,60804,74,699,250114,115246,134855,13,85.46,upazila_thana
26,,18,,,,,Rural,41081,40679,51,351,167988,77027,90948,13,84.69,upazila_thana
26,,18,,,,,Urban,20496,20125,23,348,82126,38219,43907,0,87.05,upazila_thana
26,,18,60,,,,Dohar Paurashava,13533,13215,16,302,54589,25540,29049,0,87.92,paurashava
26,,18,60,1,,,Ward No. 01,1776,1716,1,59,7038,3442,3596,0,95.72,union_ward
26,,18,60,1,452,,Latakhola (Part)*,1776,1716,1,59,7038,3442,3596,0,95.72,mauza
26,,18,60,1,452,268,Madhya Latakhola,450,429,0,21,1851,888,963,0,92.21,village
26,,18,60,1,452,328,Pashchim Latakhola,677,647,1,29,2714,1321,1393,0,94.83,village
26,,18,60,1,452,336,Purba Latakhola,649,640,0,9,2473,1233,1240,0,99.44,village
26,,18,60,2,,,Ward No. 02,1306,1278,1,27,5258,2536,2722,0,93.17,union_ward
26,,18,60,2,367,,Joypara (Part)*,968,943,1,24,3874,1897,1977,0,95.95,mauza
26,,18,60,2,367,68,Dakkhin Char Joypara,526,504,0,22,2142,1077,1065,0,101.13,village
26,,18,60,2,367,408,Uttar Char Joypara,442,439,1,2,1732,820,912,0,89.91,village
26,,18,60,2,408,,Khalpar (Part)*,338,335,0,3,1384,639,745,0,85.77,mauza
26,,18,60,2,408,232,Khalpar (Part),338,335,0,3,1384,639,745,0,85.77,village
26,,18,60,3,,,Ward No. 03,1532,1527,0,5,6155,2715,3440,0,78.92,union_ward
26,,18,60,3,367,,Joypara (Part)*,862,861,0,1,3443,1528,1915,0,79.79,mauza
26,,18,60,3,367,416,Uttar Joypara,279,279,0,0,1164,539,625,0,86.24,village
26,,18,60,3,367,432,Uttar Joypara Gazikanda,193,193,0,0,759,323,436,0,74.08,village
26,,18,60,3,367,440,Uttar Joypara Kuthibari,190,190,0,0,748,327,421,0,77.67,village
26,,18,60,3,367,456,Uttar Joypara Miapara,200,199,0,1,772,339,433,0,78.29,village
26,,18,60,3,408,,Khalpar (Part)*,670,666,0,4,2712,1187,1525,0,77.84,mauza
26,,18,60,3,408,168,Islampur,307,305,0,2,1271,564,707,0,79.77,village
26,,18,60,3,408,428,Uttar Joypara Khalpar (Part),363,361,0,2,1441,623,818,0,76.16,village
26,,18,60,4,,,Ward No. 04,1812,1791,0,21,7388,3438,3950,0,87.04,union_ward
26,,18,60,4,367,,Joypara (Part)*,1812,1791,0,21,7388,3438,3950,0,87.04,mauza
26,,18,60,4,367,68,Dakkhin Joypara,215,214,0,1,923,438,485,0,90.31,village
26,,18,60,4,367,100,Kharakanda,776,761,0,15,3152,1487,1665,0,89.31,village
26,,18,60,4,367,424,Uttar Joypara Chowdhurypara,606,602,0,4,2411,1094,1317,0,83.07,village
26,,18,60,4,367,448,Uttar Joypara Bengarchar,215,214,0,1,902,419,483,0,86.75,village
26,,18,60,5,,,Ward No. 05,1340,1316,2,22,5227,2384,2843,0,83.86,union_ward
26,,18,60,5,367,,Joypara (Part)*,1178,1155,2,21,4554,2100,2454,0,85.57,mauza
26,,18,60,5,367,84,Dakkhin Joypara Gangpar (Part),364,359,0,5,1399,660,739,0,89.31,village
26,,18,60,5,367,92,Dakkhin Joypara Ghona,246,242,0,4,941,425,516,0,82.36,village
26,,18,60,5,367,108,Dakkhin Joypara Majhipara,568,554,2,12,2214,1015,1199,0,84.65,village
26,,18,60,5,536,,Nurpur (Part)*,162,161,0,1,673,284,389,0,73.01,mauza
26,,18,60,5,536,276,Nurpur (Part),162,161,0,1,673,284,389,0,73.01,village
26,,18,60,6,,,Ward No. 06,1499,1372,5,122,6367,3195,3172,0,100.73,union_ward
26,,18,60,6,73,,Batia*,490,475,1,14,2160,1045,1115,0,93.72,mauza
26,,18,60,6,73,28,Batia,490,475,1,14,2160,1045,1115,0,93.72,village
26,,18,60,6,367,,Joypara (Part)*,261,178,1,82,1109,574,535,0,107.29,mauza
26,,18,60,6,367,76,Dakkhin Joypara Gangpar (Part),261,178,1,82,1109,574,535,0,107.29,village
26,,18,60,6,452,,Latakhola (Part)*,371,357,2,12,1415,739,676,0,109.32,mauza
26,,18,60,6,452,64,Char Latakhola,371,357,2,12,1415,739,676,0,109.32,village
26,,18,60,6,536,,Nurpur (Part)*,377,362,1,14,1683,837,846,0,98.94,mauza
26,,18,60,6,536,276,Nurpur (Part),377,362,1,14,1683,837,846,0,98.94,village
26,,18,60,7,,,Ward No. 07,1620,1600,5,15,6657,3022,3635,0,83.14,union_ward
26,,18,60,7,258,,Ghata (Part)*,1342,1326,3,13,5428,2472,2956,0,83.63,mauza
26,,18,60,7,258,76,Dohar Ghata,1342,1326,3,13,5428,2472,2956,0,83.63,village
26,,18,60,7,404,,Kazirchar (Part)*,183,179,2,2,852,383,469,0,81.66,mauza
26,,18,60,7,404,208,Kazirchar,183,179,2,2,852,383,469,0,81.66,village
26,,18,60,7,720,,Sutarpara (Part)*,95,95,0,0,377,167,210,0,79.52,mauza
26,,18,60,7,720,76,Daiyarkum,95,95,0,0,377,167,210,0,79.52,village
26,,18,60,8,,,Ward No. 08,1121,1111,2,8,4488,2080,2408,0,86.38,union_ward
26,,18,60,8,257,,Ghata (Part)*,1121,1111,2,8,4488,2080,2408,0,86.38,mauza
26,,18,60,8,257,28,Banaghata (Part),559,557,0,2,2171,965,1206,0,80.02,village
26,,18,60,8,257,208,Katakhali,318,312,0,6,1231,561,670,0,83.73,village
26,,18,60,8,257,268,Nikra (Part),244,242,2,0,1086,554,532,0,104.14,village
26,,18,60,9,,,Ward No. 09,1527,1504,0,23,6011,2728,3283,0,83.09,union_ward
26,,18,60,9,408,,Khalpar (Part)*,61,61,0,0,260,127,133,0,95.49,mauza
26,,18,60,9,408,240,Khalpar (Part),61,61,0,0,260,127,133,0,95.49,village
26,,18,60,9,449,,Laskarkanda*,458,453,0,5,1751,786,965,0,81.45,mauza
26,,18,60,9,449,228,Laskarkanda,302,300,0,2,1131,504,627,0,80.38,village
26,,18,60,9,449,232,Khalpar,108,105,0,3,430,206,224,0,91.96,village
26,,18,60,9,449,348,Rasulpur,48,48,0,0,190,76,114,0,66.67,village
26,,18,60,9,919,,Yusufpur*,1008,990,0,18,4000,1815,2185,0,83.07,mauza
26,,18,60,9,919,68,Dakkhin Yusufpur,296,296,0,0,1164,514,650,0,79.08,village
26,,18,60,9,919,408,Uttar Yusufpur,712,694,0,18,2836,1301,1535,0,84.76,village
26,,18,,142,,,Bilaspur Union,3558,3553,2,3,15185,6876,8309,0,82.75,union_ward
26,,18,,142,,,Rural,3558,3553,2,3,15185,6876,8309,0,82.75,union_ward
26,,18,,142,,,Urban,0,0,0,0,0,0,0,0,0,union_ward
26,,18,,142,34,,Alamkhanrchar*,106,106,0,0,471,184,287,0,64.11,mauza
26,,18,,142,34,54,Alamkhanrchar,106,106,0,0,471,184,287,0,64.11,village
26,,18,,142,72,,Bara Ramnathpur*,262,262,0,0,1073,466,607,0,76.77,mauza
26,,18,,142,72,28,Bara Ramnathpur,262,262,0,0,1073,466,607,0,76.77,village
26,,18,,142,75,,Bilaspur*,340,340,0,0,1448,636,812,0,78.33,mauza
26,,18,,142,75,28,Bilaspur,340,340,0,0,1448,636,812,0,78.33,village
26,,18,,142,119,,Chhota Ramnathpur*,146,145,0,1,593,256,337,0,75.96,mauza
26,,18,,142,119,48,Chhota Ramnathpur,146,145,0,1,593,256,337,0,75.96,village
26,,18,,142,155,,Debinagar*,884,883,1,0,3867,1800,2067,0,87.08,mauza
26,,18,,142,155,68,Dakkhin Debinagar,676,676,0,0,2978,1390,1588,0,87.53,village
26,,18,,142,155,408,Uttar Debinagar,208,207,1,0,889,410,479,0,85.59,village
26,,18,,142,296,,Hazarbigha*,208,208,0,0,888,416,472,0,88.14,mauza
26,,18,,142,296,148,Hazarbigha,208,208,0,0,888,416,472,0,88.14,village
26,,18,,142,411,,Kolchari*,280,280,0,0,1209,570,639,0,89.2,mauza
26,,18,,142,411,208,Kolchari,280,280,0,0,1209,570,639,0,89.2,village
26,,18,,142,412,,Krishnadebpur*,26,26,0,0,125,61,64,0,95.31,mauza
26,,18,,142,412,208,Krishnadebpur,26,26,0,0,125,61,64,0,95.31,village
26,,18,,142,415,,Kutubpur*,305,305,0,0,1337,606,731,0,82.9,mauza
26,,18,,142,415,208,Kutubpur,305,305,0,0,1337,606,731,0,82.9,village
26,,18,,142,493,,Majhirchar*,217,216,0,1,891,386,505,0,76.44,mauza
26,,18,,142,493,248,Majhirchar,217,216,0,1,891,386,505,0,76.44,village
26,,18,,142,609,,Purbachar*,189,188,1,0,751,331,420,0,78.81,mauza
26,,18,,142,609,308,Purbachar,189,188,1,0,751,331,420,0,78.81,village
26,,18,,142,678,,Radhanagar*,595,594,0,1,2532,1164,1368,0,85.09,mauza
26,,18,,142,678,68,Dakkhin Radhanagar,293,293,0,0,1271,597,674,0,88.58,village
26,,18,,142,678,408,Uttar Radhanagar,302,301,0,1,1261,567,694,0,81.7,village
26,,18,,440,,,Kushumhati Union,6450,6418,8,24,25628,11466,14162,0,80.96,union_ward
26,,18,,440,,,Rural,6450,6418,8,24,25628,11466,14162,0,80.96,union_ward
26,,18,,440,,,Urban,0,0,0,0,0,0,0,0,0,union_ward
26,,18,,440,36,,Arita*,327,327,0,0,1270,571,699,0,81.69,mauza
26,,18,,440,36,63,Arita,180,180,0,0,686,293,393,0,74.55,village
26,,18,,440,36,168,Imamnagar (Part),78,78,0,0,273,124,149,0,83.22,village
26,,18,,440,36,308,Pushpakhali (Part),69,69,0,0,311,154,157,0,98.09,village
26,,18,,440,70,,Bara Basta*,837,836,1,0,3313,1456,1857,0,78.41,mauza
26,,18,,440,70,28,Bara Basta,745,744,1,0,2903,1288,1615,0,79.75,village
26,,18,,440,70,48,Char Kushai (Part),92,92,0,0,410,168,242,0,69.42,village
26,,18,,440,109,,Char Baita (Part)*,244,242,1,1,1054,515,539,0,95.55,mauza
26,,18,,440,109,48,Char Kushai (Part),81,80,0,1,332,162,170,0,95.29,village
26,,18,,440,109,208,Kartikpur (Part),163,162,1,0,722,353,369,0,95.66,village
26,,18,,440,112,,Char Kushai*,1103,1098,2,3,4178,1811,2367,0,76.51,mauza
26,,18,,440,112,48,Char Kushai (Part),997,994,1,2,3795,1637,2158,0,75.86,village
26,,18,,440,112,208,Kartikpur (Part),106,104,1,1,383,174,209,0,83.25,village
26,,18,,440,116,,Chhota Basta*,131,131,0,0,499,244,255,0,95.69,mauza
26,,18,,440,116,48,Chhota Basta,131,131,0,0,499,244,255,0,95.69,village
26,,18,,440,117,,Chhota Ekrashi*,319,318,1,0,1349,621,728,0,85.3,mauza
26,,18,,440,117,67,Auliabad,248,247,1,0,1061,498,563,0,88.45,village
26,,18,,440,117,168,Imamnagar (Part),71,71,0,0,288,123,165,0,74.55,village
26,,18,,440,118,,Chhota Harikanda*,251,245,0,6,920,408,512,0,79.69,mauza
26,,18,,440,118,28,Baburdangi,144,143,0,1,549,239,310,0,77.1,village
26,,18,,440,118,308,Pushpakhali (Part),107,102,0,5,371,169,202,0,83.66,village
26,,18,,440,156,,Deobhog*,93,93,0,0,375,176,199,0,88.44,mauza
26,,18,,440,156,68,Deobhog,93,93,0,0,375,176,199,0,88.44,village
26,,18,,440,366,,Joymangal*,93,92,0,1,366,159,207,0,76.81,mauza
26,,18,,440,366,308,Pushpakhali(Part),93,92,0,1,366,159,207,0,76.81,village
26,,18,,440,402,,Kartikpur (Part)*,738,734,1,3,3070,1384,1686,0,82.09,mauza
26,,18,,440,402,208,Kartikpur (Part),461,458,0,3,1874,846,1028,0,82.3,village
26,,18,,440,402,368,Sundaripara (Part),277,276,1,0,1196,538,658,0,81.76,village
26,,18,,440,413,,Kusumhati (Part)*,272,272,0,0,1040,434,606,0,71.62,mauza
26,,18,,440,413,208,Kusumhati,272,272,0,0,1040,434,606,0,71.62,village
26,,18,,440,490,,Mahtabnagar*,127,127,0,0,475,222,253,0,87.75,mauza
26,,18,,440,490,248,Mahtabnagar,127,127,0,0,475,222,253,0,87.75,village
26,,18,,440,610,,Purulia*,382,382,0,0,1540,736,804,0,91.54,mauza
26,,18,,440,610,308,Purulia,269,269,0,0,1111,548,563,0,97.34,village
26,,18,,440,610,368,Sundaripara (Part),113,113,0,0,429,188,241,0,78.01,village
26,,18,,440,716,,Shilakota*,1533,1521,2,10,6179,2729,3450,0,79.1,mauza
26,,18,,440,716,68,Dakkhin Shilakota,866,862,2,2,3609,1594,2015,0,79.11,village
26,,18,,440,716,408,Uttar Shilakota,667,659,0,8,2570,1135,1435,0,79.09,village
26,,18,,507,,,Mahmudpur Union,5094,5081,3,10,21254,9711,11540,3,84.15,union_ward
26,,18,,507,,,Rural,5094,5081,3,10,21254,9711,11540,3,84.15,union_ward
26,,18,,507,,,Urban,0,0,0,0,0,0,0,0,0,union_ward
26,,18,,507,110,,Char Baita (Part)*,286,283,0,3,1231,568,663,0,85.67,mauza
26,,18,,507,110,48,Char Baita,286,283,0,3,1231,568,663,0,85.67,village
26,,18,,507,113,,Char Kushair*,1159,1158,1,0,4731,2161,2570,0,84.09,mauza
26,,18,,507,113,48,Char Kushairchar,1159,1158,1,0,4731,2161,2570,0,84.09,village
26,,18,,507,293,,Harichandi*,461,461,0,0,1884,823,1061,0,77.57,mauza
26,,18,,507,293,148,Harichandi,461,461,0,0,1884,823,1061,0,77.57,village
26,,18,,507,297,,Hossenpur*,23,23,0,0,95,37,58,0,63.79,mauza
26,,18,,507,297,148,Hossenpur,23,23,0,0,95,37,58,0,63.79,village
26,,18,,507,413,,Kusumhati (Part)*,667,665,1,1,2555,1234,1320,1,93.48,mauza
26,,18,,507,413,216,Kusumhati,667,665,1,1,2555,1234,1320,1,93.48,village
26,,18,,507,452,,Latakhola (Part)*,771,770,1,0,3466,1593,1873,0,85.05,mauza
26,,18,,507,452,56,Char Latakhola,771,770,1,0,3466,1593,1873,0,85.05,village
26,,18,,507,531,,Narayanpur*,289,289,0,0,1264,567,697,0,81.35,mauza
26,,18,,507,531,268,Narayanpur,289,289,0,0,1264,567,697,0,81.35,village
26,,18,,507,611,,Purulia (Part)*,45,45,0,0,213,86,127,0,67.72,mauza
26,,18,,507,611,308,Purulia,45,45,0,0,213,86,127,0,67.72,village
26,,18,,507,680,,Raghurampur*,994,989,0,5,4108,1832,2274,2,80.56,mauza
26,,18,,507,680,348,Raghurampur,994,989,0,5,4108,1832,2274,2,80.56,village
26,,18,,507,718,,Shukdebpur*,16,16,0,0,92,41,51,0,80.39,mauza
26,,18,,507,718,368,Shukdebpur,16,16,0,0,92,41,51,0,80.39,village
26,,18,,507,719,,Sreekrishnapur*,383,382,0,1,1615,769,846,0,90.9,mauza
26,,18,,507,719,368,Sreekrishnapur,383,382,0,1,1615,769,846,0,90.9,village
26,,18,,516,,,Muksudpur Union,7826,7696,18,112,32316,14923,17393,0,85.8,union_ward
26,,18,,516,,,Rural,7826,7696,18,112,32316,14923,17393,0,85.8,union_ward
26,,18,,516,,,Urban,0,0,0,0,0,0,0,0,0,union_ward
26,,18,,516,74,,Bethua*,964,921,4,39,4149,2096,2053,0,102.09,mauza
26,,18,,516,74,28,Bethua,556,553,0,3,2188,969,1219,0,79.49,village
26,,18,,516,74,236,Kharia,134,118,2,14,698,397,301,0,131.89,village
26,,18,,516,74,237,Shainpukur,274,250,2,22,1263,730,533,0,136.96,village
26,,18,,516,409,,Kharia*,627,607,0,20,2362,1075,1287,0,83.53,mauza
26,,18,,516,409,208,Kharia,183,181,0,2,640,301,339,0,88.79,village
26,,18,,516,409,216,Khasertek,148,148,0,0,533,225,308,0,73.05,village
26,,18,,516,409,251,Madhurkhola,133,121,0,12,538,263,275,0,95.64,village
26,,18,,516,409,368,Shanti Nagar,163,157,0,6,651,286,365,0,78.36,village
26,,18,,516,489,,Madhurkhola*,851,851,0,0,3315,1435,1880,0,76.33,mauza
26,,18,,516,489,28,Baniabari,176,176,0,0,672,290,382,0,75.92,village
26,,18,,516,489,148,Hariartek,99,99,0,0,394,175,219,0,79.91,village
26,,18,,516,489,248,Madhurkhola,528,528,0,0,2055,880,1175,0,74.89,village
26,,18,,516,489,348,Ruitha (Part),48,48,0,0,194,90,104,0,86.54,village
26,,18,,516,492,,Maitpara*,757,755,2,0,2973,1341,1632,0,82.17,mauza
26,,18,,516,492,248,Maitpara,643,641,2,0,2538,1147,1391,0,82.46,village
26,,18,,516,492,348,Ruitha (Part),114,114,0,0,435,194,241,0,80.5,village
26,,18,,516,496,,Muksudpur*,2253,2198,6,49,9769,4683,5086,0,92.08,mauza
26,,18,,516,496,68,Dhalarpar,302,298,1,3,1195,541,654,0,82.72,village
26,,18,,516,496,128,Goraban,440,417,1,22,1936,1027,909,0,112.98,village
26,,18,,516,496,248,Mohamanika,84,80,0,4,339,169,170,0,99.41,village
26,,18,,516,496,251,Madhurkhola,120,119,0,1,557,194,363,0,53.44,village
26,,18,,516,496,256,Muksudpur,966,944,4,18,4271,2072,2199,0,94.22,village
26,,18,,516,496,308,Purbachar,341,340,0,1,1471,680,791,0,85.97,village
26,,18,,516,605,,Pashchim Moura*,2374,2364,6,4,9748,4293,5455,0,78.7,mauza
26,,18,,516,605,48,Chhatrabhog,86,85,0,1,353,160,193,0,82.9,village
26,,18,,516,605,68,Dhitpur,315,314,1,0,1256,529,727,0,72.76,village
26,,18,,516,605,76,Dubli,708,704,2,2,3068,1315,1753,0,75.01,village
26,,18,,516,605,248,Moura,935,931,3,1,3781,1730,2051,0,84.35,village
26,,18,,516,605,408,Uttar Moura,330,330,0,0,1290,559,731,0,76.47,village
26,,18,,542,,,Narisha Union,10222,10062,12,148,41651,19668,21983,0,89.47,union_ward
26,,18,,542,,,Rural,7337,7203,8,126,30086,14278,15808,0,90.32,union_ward
26,,18,,542,,,Urban,2885,2859,4,22,11565,5390,6175,0,87.29,union_ward
26,,18,,542,292,,Hansi*,179,179,0,0,787,355,432,0,82.18,mauza
26,,18,,542,292,148,Hansi,179,179,0,0,787,355,432,0,82.18,village
26,,18,,542,364,,Jhanki*,1400,1370,1,29,5667,2704,2963,0,91.26,mauza
26,,18,,542,364,188,Jhanki,1080,1078,0,2,4327,1939,2388,0,81.2,village
26,,18,,542,364,408,Uttar Shimulia (Part),320,292,1,27,1340,765,575,0,133.04,village
26,,18,,542,494,,Malikanda*,1394,1359,4,31,6260,3048,3212,0,94.89,mauza
26,,18,,542,494,248,Malikanda,1394,1359,4,31,6260,3048,3212,0,94.89,village
26,,18,,542,495,,Meghula*,780,738,2,40,3066,1575,1491,0,105.63,mauza
26,,18,,542,495,248,Meghula,780,738,2,40,3066,1575,1491,0,105.63,village
26,,18,,542,532,,Narisha*,596,592,1,3,2272,1044,1228,0,85.02,mauza
26,,18,,542,532,268,Narisha Khalpar (Part),150,149,1,0,586,282,304,0,92.76,village
26,,18,,542,532,276,Narisha Pashchimchar (Part),446,443,0,3,1686,762,924,0,82.47,village
26,,18,,542,533,,Narisha Joar*,11,11,0,0,51,25,26,0,96.15,mauza
26,,18,,542,533,268,Narisha Joar,11,11,0,0,51,25,26,0,96.15,village
26,,18,,542,715,,Satbhita*,2885,2859,4,22,11565,5390,6175,0,87.29,mauza
26,,18,,542,715,48,Chaita Batar,430,430,0,0,1658,748,910,0,82.2,village
26,,18,,542,715,268,Narisha (Part),593,585,1,7,2374,1120,1254,0,89.31,village
26,,18,,542,715,276,Narisha Khalpar (Part),324,322,0,2,1198,534,664,0,80.42,village
26,,18,,542,715,284,Narisha Pashcimchar (Part),669,666,3,0,2833,1385,1448,0,95.65,village
26,,18,,542,715,348,Ruita,168,164,0,4,676,311,365,0,85.21,village
26,,18,,542,715,368,Satbhita,701,692,0,9,2826,1292,1534,0,84.22,village
26,,18,,542,717,,Shimulia*,2977,2954,0,23,11983,5527,6456,0,85.61,mauza
26,,18,,542,717,68,Dakkhin Shimulia,1349,1345,0,4,5270,2346,2924,0,80.23,village
26,,18,,542,717,268,Narisha Pashcimchar (Part),452,450,0,2,1822,837,985,0,84.97,village
26,,18,,542,717,388,Talpatti,120,119,0,1,546,258,288,0,89.58,village
26,,18,,542,717,408,Uttar Shimulia (Part),1056,1040,0,16,4345,2086,2259,0,92.34,village
26,,18,,551,,,Nayabari Union,2933,2924,5,4,11951,5474,6477,0,84.51,union_ward
26,,18,,551,,,Rural,1038,1034,2,2,4211,1915,2296,0,83.41,union_ward
26,,18,,551,,,Urban,1895,1890,3,2,7740,3559,4181,0,85.12,union_ward
26,,18,,551,153,,Dakkhin Barrah*,1895,1890,3,2,7740,3559,4181,0,85.12,mauza
26,,18,,551,153,28,Barrah,679,678,1,0,2730,1245,1485,0,83.84,village
26,,18,,551,153,57,Anta,828,825,1,2,3337,1489,1848,0,80.57,village
26,,18,,551,153,308,Purba Dhoair,388,387,1,0,1673,825,848,0,97.29,village
26,,18,,551,157,,Dhoair*,452,450,1,1,1794,795,999,0,79.58,mauza
26,,18,,551,157,248,Madhya Dhoair,452,450,1,1,1794,795,999,0,79.58,village
26,,18,,551,295,,Haturpara*,97,97,0,0,383,182,201,0,90.55,mauza
26,,18,,551,295,308,Pankundu (Part),97,97,0,0,383,182,201,0,90.55,village
26,,18,,551,410,,Khuliara*,35,35,0,0,130,72,58,0,124.14,mauza
26,,18,,551,410,248,Madhya Aurangabad,35,35,0,0,130,72,58,0,124.14,village
26,,18,,551,534,,Nasaratpur*,40,40,0,0,165,76,89,0,85.39,mauza
26,,18,,551,534,268,Nasaratpur,40,40,0,0,165,76,89,0,85.39,village
26,,18,,551,604,,Pankundu*,414,412,1,1,1739,790,949,0,83.25,mauza
26,,18,,551,604,308,Pankunda (Part),85,85,0,0,319,146,173,0,84.39,village
26,,18,,551,604,316,Pashchim Dhoair,329,327,1,1,1420,644,776,0,82.99,village
26,,18,,676,,,Raipara Union,6067,6023,4,40,23378,10616,12762,0,83.18,union_ward
26,,18,,676,,,Rural,3884,3862,4,18,15146,6886,8260,0,83.37,union_ward
26,,18,,676,,,Urban,2183,2161,0,22,8232,3730,4502,0,82.85,union_ward
26,,18,,676,71,,Bara Ekrashi*,2183,2161,0,22,8232,3730,4502,0,82.85,mauza
26,,18,,676,71,88,Ekrashi,1504,1494,0,10,5783,2622,3161,0,82.95,village
26,,18,,676,71,148,Haturpara,108,104,0,4,389,164,225,0,72.89,village
26,,18,,676,71,228,Lakkhiprasad,284,281,0,3,995,438,557,0,78.64,village
26,,18,,676,71,308,Palamganj,287,282,0,5,1065,506,559,0,90.52,village
26,,18,,676,115,,Char Rup*,275,271,1,3,1043,469,574,0,81.71,mauza
26,,18,,676,115,188,Jamalchar,275,271,1,3,1043,469,574,0,81.71,village
26,,18,,676,408,,Khalpar (Part)*,351,350,0,1,1326,613,713,0,85.97,mauza
26,,18,,676,408,184,Islampur Khalpar,199,199,0,0,745,355,390,0,91.03,village
26,,18,,676,408,216,Kanthalighata,123,122,0,1,454,198,256,0,77.34,village
26,,18,,676,408,224,Khalpar,29,29,0,0,127,60,67,0,89.55,village
26,,18,,676,452,,Latakhola (Part)*,949,937,2,10,3608,1631,1977,0,82.5,mauza
26,,18,,676,452,72,Char Nagerkanda,134,133,0,1,514,244,270,0,90.37,village
26,,18,,676,452,248,Latakhola Bilerpar,493,487,0,6,1855,825,1030,0,80.1,village
26,,18,,676,452,296,Nagerkanda,322,317,2,3,1239,562,677,0,83.01,village
26,,18,,676,679,,Raghudebpur*,223,223,0,0,920,416,504,0,82.54,mauza
26,,18,,676,679,208,Karimganj,112,112,0,0,462,203,259,0,78.38,village
26,,18,,676,679,348,Raghudebpur,111,111,0,0,458,213,245,0,86.94,village
26,,18,,676,681,,Raipara*,2086,2081,1,4,8249,3757,4492,0,83.64,mauza
26,,18,,676,681,348,Raipara,2086,2081,1,4,8249,3757,4492,0,83.64,village
26,,18,,710,,,Sutarpara Union,5894,5832,6,56,24162,10972,13180,10,83.25,union_ward
26,,18,,710,,,Rural,5894,5832,6,56,24162,10972,13180,10,83.25,union_ward
26,,18,,710,,,Urban,0,0,0,0,0,0,0,0,0,union_ward
26,,18,,710,154,,Damua*,90,88,0,2,351,162,189,0,85.71,mauza
26,,18,,710,154,68,Damua,61,59,0,2,237,111,126,0,88.1,village
26,,18,,710,154,128,Gharmura,29,29,0,0,114,51,63,0,80.95,village
26,,18,,710,257,,Ghata (Part)*,492,491,0,1,1738,761,977,0,77.89,mauza
26,,18,,710,257,68,Dohar,492,491,0,1,1738,761,977,0,77.89,village
26,,18,,710,405,,Kazirchar*,422,420,0,2,1768,778,990,0,78.59,mauza
26,,18,,710,405,208,Kazirchar,422,420,0,2,1768,778,990,0,78.59,village
26,,18,,710,487,,Madhurchar (Part)*,1575,1553,2,20,6695,3071,3614,10,84.98,mauza
26,,18,,710,487,248,Madhurchar,1102,1098,0,4,4685,2117,2568,0,82.44,village
26,,18,,710,487,249,Madhurchar (Part),473,455,2,16,2010,954,1046,10,91.2,village
26,,18,,710,497,,Munsikanda*,274,266,1,7,1126,482,644,0,74.84,mauza
26,,18,,710,497,128,Gharmura,26,20,0,6,110,42,68,0,61.76,village
26,,18,,710,497,248,Munsikanda,248,246,1,1,1016,440,576,0,76.39,village
26,,18,,710,720,,Sutarpara (Part)*,3041,3014,3,24,12484,5718,6766,0,84.51,mauza
26,,18,,710,720,68,Daiya Gazaria,383,379,2,2,1648,843,805,0,104.72,village
26,,18,,710,720,76,Daiyarkum,396,386,0,10,1641,773,868,0,89.06,village
26,,18,,710,720,128,Gharmura,73,66,0,7,301,133,168,0,79.17,village
26,,18,,710,720,136,Gazirtek,565,562,1,2,2313,1038,1275,0,81.41,village
26,,18,,710,720,248,Mizannagar,122,121,0,1,500,233,267,0,87.27,village
26,,18,,710,720,316,Pashchim Sutarpara,831,829,0,2,3479,1591,1888,0,84.27,village
26,,18,,710,720,324,Purba Sutarpara (Part),671,671,0,0,2602,1107,1495,0,74.05,village
26,,38,,,,,Keraniganj Upazila,263995,252736,243,11016,1011063,538202,472799,62,113.83,upazila_thana
26,,38,,,,,Rural,239479,228792,195,10492,917531,490396,427078,57,114.83,upazila_thana
26,,38,,,,,Urban,24516,23944,48,524,93532,47806,45721,5,104.56,upazila_thana
26,,38,,109,,,Aganagar Union,21155,16183,9,4963,79739,49789,29939,11,166.3,union_ward
26,,38,,109,,,Rural,21155,16183,9,4963,79739,49789,29939,11,166.3,union_ward
26,,38,,109,,,Urban,0,0,0,0,0,0,0,0,0,union_ward
26,,38,,109,144,,Chunkutia (Part)*,5305,5247,2,56,19570,10249,9316,5,110.02,mauza
26,,38,,109,144,48,Chun Kutia Bagicha,2328,2289,2,37,8332,4375,3952,5,110.7,village
26,,38,,109,144,128,Golam Bazar (Part),415,414,0,1,1599,834,765,0,109.02,village
26,,38,,109,144,208,Kadamtali,1157,1145,0,12,4238,2243,1995,0,112.43,village
26,,38,,109,144,268,Natun Shubhadhya,799,797,0,2,3084,1600,1484,0,107.82,village
26,,38,,109,144,408,Uttar Char Kutub,606,602,0,4,2317,1197,1120,0,106.88,village
26,,38,,109,393,,Jinjira (Part)*,14771,10329,1,4441,55922,36477,19445,0,187.59,mauza
26,,38,,109,393,308,Pashchim Aganagar Kathuria Purba,884,881,0,3,3326,1717,1609,0,106.71,village
26,,38,,109,393,316,Pashchim Aganagar Nadidhara Colony,2982,2661,0,321,11599,6654,4945,0,134.56,village
26,,38,,109,393,324,Pashchim Aganagar Kg Shah Colony,1383,1064,0,319,5553,3215,2338,0,137.51,village
26,,38,,109,393,332,Pashchim Aganagar Nagarmahal,1430,377,0,1053,5667,4983,684,0,728.51,village
26,,38,,109,393,340,Pashchim Imambari,798,789,0,9,2977,1586,1391,0,114.02,village
26,,38,,109,393,348,Pashchim Kathuria,628,406,0,222,2183,1406,777,0,180.95,village
26,,38,,109,393,356,Purba Aganagar Dakkhin,1326,1084,0,242,5148,3078,2070,0,148.7,village
26,,38,,109,393,364,Purba Aganagar Namapara,3179,956,1,2222,11265,9518,1747,0,544.82,village
26,,38,,109,393,372,Purba Imambari,542,496,0,46,2102,1117,985,0,113.4,village
26,,38,,109,393,380,Purba Malopara,1619,1615,0,4,6102,3203,2899,0,110.49,village
26,,38,,109,429,,Kaliganj (Part)*,1079,607,6,466,4247,3063,1178,6,260.02,mauza
26,,38,,109,429,208,Kaliganj (Part),1079,607,6,466,4247,3063,1178,6,260.02,village
26,,38,,143,,,Basta Union,10019,9771,16,232,38895,20049,18844,2,106.39,union_ward
26,,38,,143,,,Rural,9638,9433,13,192,37363,19187,18174,2,105.57,union_ward
26,,38,,143,,,Urban,381,338,3,40,1532,862,670,0,128.66,union_ward
26,,38,,143,75,,Baghashur*,1659,1630,2,27,6477,3277,3200,0,102.41,mauza
26,,38,,143,75,28,Baghashur,1046,1029,2,15,4273,2215,2058,0,107.63,village
26,,38,,143,75,68,Dakkhin Goalkhali,613,601,0,12,2204,1062,1142,0,92.99,village
26,,38,,143,86,,Basta*,736,728,3,5,3159,1673,1486,0,112.58,mauza
26,,38,,143,86,28,Basta,299,294,2,3,1306,689,617,0,111.67,village
26,,38,,143,86,48,Chhota Basta,92,91,1,0,383,198,185,0,107.03,village
26,,38,,143,86,268,Nayabari,52,52,0,0,231,130,101,0,128.71,village
26,,38,,143,86,388,Tilabari,15,15,0,0,60,29,31,0,93.55,village
26,,38,,143,86,408,Uttar Goalkhali,278,276,0,2,1179,627,552,0,113.59,village
26,,38,,143,95,,Boali*,425,415,1,9,1569,856,713,0,120.06,mauza
26,,38,,143,95,28,Barta,72,72,0,0,224,125,99,0,126.26,village
26,,38,,143,95,36,Boali,139,137,0,2,556,314,242,0,129.75,village
26,,38,,143,95,54,Alatia,214,206,1,7,789,417,372,0,112.1,village
26,,38,,143,136,,Char Galgalia*,4609,4499,6,104,17730,9147,8583,0,106.57,mauza
26,,38,,143,136,28,Baghapur,1338,1329,0,9,4687,2295,2392,0,95.94,village
26,,38,,143,136,36,Battali,346,336,0,10,1312,621,691,0,89.87,village
26,,38,,143,136,44,Bhaoarbhiti,1183,1144,2,37,4583,2373,2210,0,107.38,village
26,,38,,143,136,68,Dakkhin Malibhita,249,227,0,22,747,408,339,0,120.35,village
26,,38,,143,136,76,Darigaon,700,683,4,13,2955,1573,1382,0,113.82,village
26,,38,,143,136,348,Rasulpur,793,780,0,13,3446,1877,1569,0,119.63,village
26,,38,,143,137,,Char Kondalia*,282,281,0,1,910,431,479,0,89.98,mauza
26,,38,,143,137,48,Char Kondalia,282,281,0,1,910,431,479,0,89.98,village
26,,38,,143,183,,Dhaniasur*,359,350,1,8,1372,686,686,0,100,mauza
26,,38,,143,183,68,Dhaniasur,359,350,1,8,1372,686,686,0,100,village
26,,38,,143,185,,Dhitpur*,332,326,0,6,1366,671,695,0,96.55,mauza
26,,38,,143,185,68,Dhitpur,111,109,0,2,420,196,224,0,87.5,village
26,,38,,143,185,208,Kotlasur Rajabari,115,111,0,4,489,237,252,0,94.05,village
26,,38,,143,185,248,Muchiasur,106,106,0,0,457,238,219,0,108.68,village
26,,38,,143,433,,Kazirgaon*,345,345,0,0,1438,764,674,0,113.35,mauza
26,,38,,143,433,208,Kazirgaon,116,116,0,0,503,259,244,0,106.15,village
26,,38,,143,433,216,Kumlibhita,229,229,0,0,935,505,430,0,117.44,village
26,,38,,143,435,,Konakhola*,381,338,3,40,1532,862,670,0,128.66,mauza
26,,38,,143,435,208,Konakhola,342,299,3,40,1415,807,608,0,132.73,village
26,,38,,143,435,216,Konakhola Baraihati,39,39,0,0,117,55,62,0,88.71,village
26,,38,,143,616,,Pothail*,205,200,0,5,692,353,338,1,104.44,mauza
26,,38,,143,616,308,Pothail,205,200,0,5,692,353,338,1,104.44,village
26,,38,,143,760,,Thakurpur*,686,659,0,27,2650,1329,1320,1,100.68,mauza
26,,38,,143,760,68,Dakkhin Rajabari,226,222,0,4,971,464,507,0,91.52,village
26,,38,,143,760,408,Uttar Malibhita,213,191,0,22,561,298,262,1,113.74,village
26,,38,,143,760,416,Uttar Rajabari,247,246,0,1,1118,567,551,0,102.9,village
26,,38,,342,,,Hajratpur Union,9914,9692,26,196,39893,19824,20069,0,98.78,union_ward
26,,38,,342,,,Rural,5513,5388,12,113,22420,11291,11129,0,101.46,union_ward
26,,38,,342,,,Urban,4401,4304,14,83,17473,8533,8940,0,95.45,union_ward
26,,38,,342,132,,Char Algi*,2130,2085,5,40,9087,4664,4423,0,105.45,mauza
26,,38,,342,132,28,Bounakandi (Part),201,191,1,9,1013,574,439,0,130.75,village
26,,38,,342,132,48,Chhayghariakandi,92,89,0,3,375,184,191,0,96.34,village
26,,38,,342,132,54,Alipur,439,436,0,3,1840,930,910,0,102.2,village
26,,38,,342,132,168,Itabhara,485,478,0,7,1856,868,988,0,87.85,village
26,,38,,342,132,208,Kadamtali,301,298,2,1,1349,685,664,0,103.16,village
26,,38,,342,132,216,Kanarchar,612,593,2,17,2654,1423,1231,0,115.6,village
26,,38,,342,138,,Char Narayanpur*,636,596,3,37,2694,1492,1202,0,124.13,mauza
26,,38,,342,138,228,Lankarchar,402,367,3,32,1735,1020,715,0,142.66,village
26,,38,,342,138,248,Milkihati,234,229,0,5,959,472,487,0,96.92,village
26,,38,,342,322,,Hazratpur*,4401,4304,14,83,17473,8533,8940,0,95.45,mauza
26,,38,,342,322,28,Balurchar,1082,1047,2,33,4137,1976,2161,0,91.44,village
26,,38,,342,322,36,Batarakandi,421,417,0,4,1564,761,803,0,94.77,village
26,,38,,342,322,44,Bayatikandi,250,244,2,4,1018,519,499,0,104.01,village
26,,38,,342,322,52,Bounakandi (Part),445,424,7,14,2014,1148,866,0,132.56,village
26,,38,,342,322,54,Algirchar,564,548,3,13,2320,1053,1267,0,83.11,village
26,,38,,342,322,88,Dhalikandi,643,642,0,1,2503,1197,1306,0,91.65,village
26,,38,,342,322,168,Hazratpur,263,261,0,2,998,450,548,0,82.12,village
26,,38,,342,322,208,Jagannathpur (Part),121,121,0,0,546,270,276,0,97.83,village
26,,38,,342,322,228,Kunihati,107,103,0,4,453,229,224,0,102.23,village
26,,38,,342,322,348,Quraishnagar,173,172,0,1,698,339,359,0,94.43,village
26,,38,,342,322,368,Rasulpur,332,325,0,7,1222,591,631,0,93.66,village
26,,38,,342,323,,Hoglaganti*,539,538,1,0,2209,1088,1121,0,97.06,mauza
26,,38,,342,323,148,Hoglaganti,273,273,0,0,1095,538,557,0,96.59,village
26,,38,,342,323,248,Madhurchar,266,265,1,0,1114,550,564,0,97.52,village
26,,38,,342,389,,Jagannathpur*,495,487,0,8,1880,883,997,0,88.57,mauza
26,,38,,342,389,188,Jagannathpur,282,278,0,4,1068,510,558,0,91.4,village
26,,38,,342,389,208,Kazikandi,213,209,0,4,812,373,439,0,84.97,village
26,,38,,342,506,,Maniknagar*,1713,1682,3,28,6550,3164,3386,0,93.44,mauza
26,,38,,342,506,28,Begamabad,231,230,1,0,980,478,502,0,95.22,village
26,,38,,342,506,188,Jagannathpur (Part),318,307,2,9,1237,573,664,0,86.3,village
26,,38,,342,506,248,Maniknagar,936,918,0,18,3544,1700,1844,0,92.19,village
26,,38,,342,506,348,Radhakantapur,228,227,0,1,789,413,376,0,109.84,village
26,,38,,409,,,Jinjira Union,33604,33099,15,490,124780,65083,59692,5,109.03,union_ward
26,,38,,409,,,Rural,22381,22138,10,233,83960,43797,40163,0,109.05,union_ward
26,,38,,409,,,Urban,11223,10961,5,257,40820,21286,19529,5,109,union_ward
26,,38,,409,139,,Char Raghunathpur*,2528,2488,1,39,10216,5399,4817,0,112.08,mauza
26,,38,,409,139,48,Char Raghunathpur,1449,1427,1,21,5756,3041,2715,0,112.01,village
26,,38,,409,139,128,Golzarbag,547,540,0,7,2223,1150,1073,0,107.18,village
26,,38,,409,139,228,Lachhmanganj,532,521,0,11,2237,1208,1029,0,117.4,village
26,,38,,409,179,,Dakpara*,6287,6241,2,44,21607,11480,10127,0,113.36,mauza
26,,38,,409,179,28,Banda Dakpara,5441,5402,2,37,18576,9952,8624,0,115.4,village
26,,38,,409,179,68,Dakpara,846,839,0,7,3031,1528,1503,0,101.66,village
26,,38,,409,392,,Jinjira (Part)*,11223,10961,5,257,40820,21286,19529,5,109,mauza
26,,38,,409,392,28,Baraghartola,556,553,0,3,2240,1136,1104,0,102.9,village
26,,38,,409,392,56,Amritapur Shahidnagar,2641,2583,2,56,9044,4668,4372,4,106.77,village
26,,38,,409,392,148,Hauli,1083,1032,1,50,4304,2279,2025,0,112.54,village
26,,38,,409,392,156,Hukkapatti Hafej Road,1162,1156,0,6,4321,2149,2172,0,98.94,village
26,,38,,409,392,168,Islamabad,3284,3207,2,75,11966,6435,5530,1,116.37,village
26,,38,,409,392,188,Jinjira Bazar,471,448,0,23,1630,839,791,0,106.07,village
26,,38,,409,392,268,Namabari,1413,1402,0,11,5026,2581,2445,0,105.56,village
26,,38,,409,392,308,Pashchim Malopara,613,580,0,33,2289,1199,1090,0,110,village
26,,38,,409,505,,Mandail*,13566,13409,7,150,52137,26918,25219,0,106.74,mauza
26,,38,,409,505,28,Banda Chhatgaon,804,800,2,2,2797,1470,1327,0,110.78,village
26,,38,,409,505,48,Chatgaon,692,685,1,6,2794,1519,1275,0,119.14,village
26,,38,,409,505,56,Amirabag,893,884,0,9,3567,1829,1738,0,105.24,village
26,,38,,409,505,208,Kasaibhita,307,283,0,24,1060,554,506,0,109.49,village
26,,38,,409,505,216,Kushiarbag,1250,1231,1,18,4934,2535,2399,0,105.67,village
26,,38,,409,505,248,Mandail,5336,5287,3,46,20653,10678,9975,0,107.05,village
26,,38,,409,505,268,Najarganj,1721,1688,0,33,6432,3296,3136,0,105.1,village
26,,38,,409,505,348,Rasulpur,2563,2551,0,12,9900,5037,4863,0,103.58,village
26,,38,,443,,,Kalatia Union,13221,12947,8,266,47012,23071,23940,1,96.37,union_ward
26,,38,,443,,,Rural,11647,11423,7,217,41472,20295,21176,1,95.84,union_ward
26,,38,,443,,,Urban,1574,1524,1,49,5540,2776,2764,0,100.43,union_ward
26,,38,,443,34,,Ahadipur*,1355,1322,1,32,4950,2586,2364,0,109.39,mauza
26,,38,,443,34,16,Akchhail,168,168,0,0,494,222,272,0,81.62,village
26,,38,,443,34,28,Badullapur,19,19,0,0,85,42,43,0,97.67,village
26,,38,,443,34,36,Bakshipur,118,118,0,0,428,224,204,0,109.8,village
26,,38,,443,34,49,Ahadipur,367,360,0,7,1304,636,668,0,95.21,village
26,,38,,443,34,168,Imandipur,32,32,0,0,140,71,69,0,102.9,village
26,,38,,443,34,268,Nishanbari,288,280,1,7,1070,575,495,0,116.16,village
26,,38,,443,34,348,Ranjitpur,248,245,0,3,921,483,438,0,110.27,village
26,,38,,443,34,368,Sadhupur,31,31,0,0,100,47,53,0,88.68,village
26,,38,,443,34,388,Taranagar,84,69,0,15,408,286,122,0,234.43,village
26,,38,,443,36,,Akchhail*,959,947,1,11,3299,1593,1706,0,93.38,mauza
26,,38,,443,36,16,Akchhail-2,299,294,0,5,1017,482,535,0,90.09,village
26,,38,,443,36,48,Char Akchhail,170,166,0,4,624,306,318,0,96.23,village
26,,38,,443,36,53,Akchhail-1,289,286,1,2,1021,502,519,0,96.72,village
26,,38,,443,36,128,Guaduri,201,201,0,0,637,303,334,0,90.72,village
26,,38,,443,37,,Alinagar*,222,222,0,0,863,403,460,0,87.61,mauza
26,,38,,443,37,54,Alinagar,222,222,0,0,863,403,460,0,87.61,village
26,,38,,443,76,,Baila*,33,32,0,1,107,56,51,0,109.8,mauza
26,,38,,443,76,28,Baila,33,32,0,1,107,56,51,0,109.8,village
26,,38,,443,84,,Barilgaon (Part)*,128,128,0,0,387,202,185,0,109.19,mauza
26,,38,,443,84,268,Nityanandapur,128,128,0,0,387,202,185,0,109.19,village
26,,38,,443,88,,Belna*,1507,1496,1,10,5236,2485,2750,1,90.36,mauza
26,,38,,443,88,28,Baburkandi,466,464,0,2,1636,809,826,1,97.94,village
26,,38,,443,88,36,Belna,443,440,1,2,1524,684,840,0,81.43,village
26,,38,,443,88,208,Khaskandi,469,463,0,6,1609,754,855,0,88.19,village
26,,38,,443,88,248,Mollapara,17,17,0,0,51,23,28,0,82.14,village
26,,38,,443,88,348,Rishibari,112,112,0,0,416,215,201,0,106.97,village
26,,38,,443,91,,Bhandarkhola*,2007,1963,1,43,6953,3296,3657,0,90.13,mauza
26,,38,,443,91,28,Bhandarkhola,212,207,0,5,784,375,409,0,91.69,village
26,,38,,443,91,48,Char Bhandarkhola,337,336,0,1,1187,548,639,0,85.76,village
26,,38,,443,91,208,Kharakandi,560,529,0,31,1821,865,956,0,90.48,village
26,,38,,443,91,248,Maraghona,110,110,0,0,345,175,170,0,102.94,village
26,,38,,443,91,268,Niltek,207,207,0,0,749,356,393,0,90.59,village
26,,38,,443,91,348,Rasulpur,120,119,0,1,430,209,221,0,94.57,village
26,,38,,443,91,368,Shingasur,235,230,1,4,847,382,465,0,82.15,village
26,,38,,443,91,388,Talepur,226,225,0,1,790,386,404,0,95.54,village
26,,38,,443,135,,Char Chamardaha*,983,924,0,59,3018,1430,1588,0,90.05,mauza
26,,38,,443,135,48,Char Chamardaha,983,924,0,59,3018,1430,1588,0,90.05,village
26,,38,,443,251,,Fatenagar*,721,712,0,9,2554,1273,1281,0,99.38,mauza
26,,38,,443,251,108,Fatenagar,721,712,0,9,2554,1273,1281,0,99.38,village
26,,38,,443,390,,Jainpur*,1110,1103,0,7,4151,1985,2166,0,91.64,mauza
26,,38,,443,390,28,Baila Kutibari,50,50,0,0,159,71,88,0,80.68,village
26,,38,,443,390,48,Chhatirchar,422,418,0,4,1663,813,850,0,95.65,village
26,,38,,443,390,56,Chhota Belna,179,178,0,1,601,283,318,0,88.99,village
26,,38,,443,390,188,Jainpur,378,376,0,2,1391,644,747,0,86.21,village
26,,38,,443,390,268,Nagrasur,81,81,0,0,337,174,163,0,106.75,village
26,,38,,443,427,,Kalatia*,1574,1524,1,49,5540,2776,2764,0,100.43,mauza
26,,38,,443,427,64,Asamdipur,218,218,0,0,836,423,413,0,102.42,village
26,,38,,443,427,208,Kalatia Bazar,37,37,0,0,111,58,53,0,109.43,village
26,,38,,443,427,248,Miras Asamdipur,107,107,0,0,347,166,181,0,91.71,village
26,,38,,443,427,256,Mithapur,629,594,0,35,2145,1091,1054,0,103.51,village
26,,38,,443,427,368,Shamserpur,267,254,1,12,922,444,478,0,92.89,village
26,,38,,443,427,376,Syedpur,316,314,0,2,1179,594,585,0,101.54,village
26,,38,,443,434,,Kharakandi*,981,964,3,14,4068,2166,1902,0,113.88,mauza
26,,38,,443,434,208,Kharakandi,981,964,3,14,4068,2166,1902,0,113.88,village
26,,38,,443,510,,Munsi Noadda*,504,499,0,5,1785,819,966,0,84.78,mauza
26,,38,,443,510,248,Munsi Noadda,302,297,0,5,1057,478,579,0,82.56,village
26,,38,,443,510,308,Puran Kalatia,70,70,0,0,289,128,161,0,79.5,village
26,,38,,443,510,348,Rashidpur,47,47,0,0,207,98,109,0,89.91,village
26,,38,,443,510,368,Sonartek,85,85,0,0,232,115,117,0,98.29,village
26,,38,,443,545,,Natunchar*,204,197,0,7,740,383,357,0,107.28,mauza
26,,38,,443,545,268,Natunchar,204,197,0,7,740,383,357,0,107.28,village
26,,38,,443,546,,Nayagaon*,147,147,0,0,474,234,240,0,97.5,mauza
26,,38,,443,546,268,Nayagaon,147,147,0,0,474,234,240,0,97.5,village
26,,38,,443,547,,Najirpur*,467,465,0,2,1688,814,874,0,93.14,mauza
26,,38,,443,547,268,Najirpur,467,465,0,2,1688,814,874,0,93.14,village
26,,38,,443,719,,Saraspur*,35,35,0,0,134,70,64,0,109.38,mauza
26,,38,,443,719,368,Saraspur,35,35,0,0,134,70,64,0,109.38,village
26,,38,,443,720,,Selna*,70,70,0,0,213,104,109,0,95.41,mauza
26,,38,,443,720,368,Selna,70,70,0,0,213,104,109,0,95.41,village
26,,38,,443,725,,Subarnasur*,214,197,0,17,852,396,456,0,86.84,mauza
26,,38,,443,725,368,Subarnasur,214,197,0,17,852,396,456,0,86.84,village
26,,38,,452,,,Kalindi Union,14886,14713,4,169,54665,28180,26484,1,106.4,union_ward
26,,38,,452,,,Rural,14886,14713,4,169,54665,28180,26484,1,106.4,union_ward
26,,38,,452,,,Urban,0,0,0,0,0,0,0,0,0,union_ward
26,,38,,452,40,,Atasur*,480,468,0,12,1939,956,983,0,97.25,mauza
26,,38,,452,40,65,Atasur,319,307,0,12,1232,614,618,0,99.35,village
26,,38,,452,40,208,Karer Dighirpar,161,161,0,0,707,342,365,0,93.7,village
26,,38,,452,85,,Barisur*,2688,2675,0,13,9807,5024,4783,0,105.04,mauza
26,,38,,452,85,268,Nekrojbag,467,463,0,4,1828,923,905,0,101.99,village
26,,38,,452,85,308,Pashchim Barisur,1385,1384,0,1,5195,2663,2532,0,105.17,village
26,,38,,452,85,316,Purba Barisur,836,828,0,8,2784,1438,1346,0,106.84,village
26,,38,,452,97,,Brahmankitta*,3727,3684,0,43,13863,7266,6596,1,110.16,mauza
26,,38,,452,97,28,Banda Patkajor,218,218,0,0,842,427,415,0,102.89,village
26,,38,,452,97,36,Brahmankitta Malopara,245,245,0,0,792,420,372,0,112.9,village
26,,38,,452,97,44,Brahmankitta Matilal,124,113,0,11,469,243,226,0,107.52,village
26,,38,,452,97,68,Deosur,121,121,0,0,526,252,274,0,91.97,village
26,,38,,452,97,76,Dhopasur,249,249,0,0,952,503,449,0,112.03,village
26,,38,,452,97,208,Khagail,402,401,0,1,1627,829,798,0,103.88,village
26,,38,,452,97,216,Kholamura,645,641,0,4,2278,1187,1091,0,108.8,village
26,,38,,452,97,248,Madaripur,408,406,0,2,1610,820,790,0,103.8,village
26,,38,,452,97,308,Pashchim Brahmankitta,716,699,0,17,2866,1558,1308,0,119.11,village
26,,38,,452,97,316,Patkajor,191,189,0,2,630,309,321,0,96.26,village
26,,38,,452,97,324,Purba Brahmankitta,408,402,0,6,1271,718,552,1,130.07,village
26,,38,,452,284,,Gadarbag*,458,423,0,35,1828,985,843,0,116.84,mauza
26,,38,,452,284,128,Gadarbag,458,423,0,35,1828,985,843,0,116.84,village
26,,38,,452,287,,Gokpar*,6562,6503,4,55,24099,12269,11830,0,103.71,mauza
26,,38,,452,287,28,Baka Charail,370,369,0,1,1570,782,788,0,99.24,village
26,,38,,452,287,36,Bhagna,1339,1337,0,2,4519,2373,2146,0,110.58,village
26,,38,,452,287,44,Borhanibag,454,450,0,4,1772,892,880,0,101.36,village
26,,38,,452,287,128,Gokpar,686,681,0,5,2628,1331,1297,0,102.62,village
26,,38,,452,287,148,Hajibari Charail,360,359,0,1,1409,691,718,0,96.24,village
26,,38,,452,287,156,Hindu Charail,352,350,0,2,1246,632,614,0,102.93,village
26,,38,,452,287,208,Khalpar Charail,317,313,0,4,1074,546,528,0,103.41,village
26,,38,,452,287,248,Madhya Charail,677,670,0,7,2176,1075,1101,0,97.64,village
26,,38,,452,287,256,Muktirbag,233,204,4,25,897,462,435,0,106.21,village
26,,38,,452,287,264,Muslimbag,328,327,0,1,1325,673,652,0,103.22,village
26,,38,,452,287,308,Purba Charail,1446,1443,0,3,5483,2812,2671,0,105.28,village
26,,38,,452,430,,Kalindi*,971,960,0,11,3129,1680,1449,0,115.94,mauza
26,,38,,452,430,208,Kalindi,971,960,0,11,3129,1680,1449,0,115.94,village
26,,38,,461,,,Konda Union,18104,17684,62,358,73932,39219,34711,2,112.99,union_ward
26,,38,,461,,,Rural,14368,14034,41,293,58707,31075,27630,2,112.47,union_ward
26,,38,,461,,,Urban,3736,3650,21,65,15225,8144,7081,0,115.01,union_ward
26,,38,,461,35,,Ainta*,2232,2192,9,31,9389,4995,4394,0,113.68,mauza
26,,38,,461,35,248,Manurbag,230,227,1,2,908,473,435,0,108.74,village
26,,38,,461,35,308,Pashchim Ainta,1159,1149,4,6,4947,2590,2357,0,109.89,village
26,,38,,461,35,316,Purba Ainta,843,816,4,23,3534,1932,1602,0,120.6,village
26,,38,,461,38,,Arakul*,691,684,2,5,3294,2016,1278,0,157.75,mauza
26,,38,,461,38,248,Mirzapur,205,203,0,2,859,448,411,0,109,village
26,,38,,461,38,268,Nayamati,202,201,0,1,635,304,331,0,91.84,village
26,,38,,461,38,308,Pashchim Arakul,247,245,0,2,955,477,478,0,99.79,village
26,,38,,461,38,316,Purba Arakul,37,35,2,0,845,787,58,0,1356.9,village
26,,38,,461,39,,Ashtadona*,656,640,0,16,2736,1449,1286,1,112.67,mauza
26,,38,,461,39,64,Ashtadona,656,640,0,16,2736,1449,1286,1,112.67,village
26,,38,,461,78,,Bakta*,2398,2378,0,20,9547,4646,4900,1,94.82,mauza
26,,38,,461,78,68,Dakkhin Puran Baktarchar,209,207,0,2,897,392,505,0,77.62,village
26,,38,,461,78,208,Kondarchar,185,184,0,1,732,306,426,0,71.83,village
26,,38,,461,78,248,Madhya Ghoshkanda,215,214,0,1,771,408,363,0,112.4,village
26,,38,,461,78,308,Pashchim Alukanda,214,208,0,6,942,477,465,0,102.58,village
26,,38,,461,78,316,Pashchim Ghoshkanda,211,210,0,1,853,421,432,0,97.45,village
26,,38,,461,78,324,Pashchim Natun Baktarchar,176,173,0,3,551,279,271,1,102.95,village
26,,38,,461,78,332,Purba Alukanda,277,276,0,1,1224,599,625,0,95.84,village
26,,38,,461,78,340,Purba Ghoshkanda,261,260,0,1,850,393,457,0,86,village
26,,38,,461,78,348,Purba Natun Baktarchar,318,317,0,1,1275,617,658,0,93.77,village
26,,38,,461,78,428,Uttar Puran Baktarchar,332,329,0,3,1452,754,698,0,108.02,village
26,,38,,461,93,,Bir Baghair*,707,705,0,2,2681,1335,1346,0,99.18,mauza
26,,38,,461,93,28,Bir Baghair,590,588,0,2,2197,1106,1091,0,101.37,village
26,,38,,461,93,268,Noadda,117,117,0,0,484,229,255,0,89.8,village
26,,38,,461,96,,Brahmangaon*,608,605,1,2,2375,1235,1140,0,108.33,mauza
26,,38,,461,96,308,Pashchim Brahmangaon,370,367,1,2,1461,763,698,0,109.31,village
26,,38,,461,96,316,Purba Brahmangaon,238,238,0,0,914,472,442,0,106.79,village
26,,38,,461,133,,Char Alinagar*,53,53,0,0,146,76,70,0,108.57,mauza
26,,38,,461,133,48,Char Alinagar,53,53,0,0,146,76,70,0,108.57,village
26,,38,,461,134,,Char Bakta*,139,138,0,1,493,246,247,0,99.6,mauza
26,,38,,461,134,48,Char Bakta,139,138,0,1,493,246,247,0,99.6,village
26,,38,,461,180,,Dananagar*,103,102,0,1,375,195,180,0,108.33,mauza
26,,38,,461,180,68,Dananagar,103,102,0,1,375,195,180,0,108.33,village
26,,38,,461,182,,Dhalpur*,16,16,0,0,49,25,24,0,104.17,mauza
26,,38,,461,182,68,Dhalpur,16,16,0,0,49,25,24,0,104.17,village
26,,38,,461,186,,Doleshwar*,2213,2183,1,29,8404,4407,3997,0,110.26,mauza
26,,38,,461,186,308,Pashchim Doleshwar,1309,1288,0,21,4853,2476,2377,0,104.16,village
26,,38,,461,186,316,Purba Doleshwar,904,895,1,8,3551,1931,1620,0,119.2,village
26,,38,,461,286,,Ghonakonda*,261,256,1,4,1145,556,589,0,94.4,mauza
26,,38,,461,286,128,Ghonakonda,261,256,1,4,1145,556,589,0,94.4,village
26,,38,,461,321,,Hazaribag (Part)*,357,313,22,22,2193,1550,643,0,241.06,mauza
26,,38,,461,321,148,Hazaribag,357,313,22,22,2193,1550,643,0,241.06,village
26,,38,,461,391,,Jajira*,560,524,0,36,2000,1059,941,0,112.54,mauza
26,,38,,461,391,248,Madhyerchar,146,146,0,0,517,271,246,0,110.16,village
26,,38,,461,391,308,Pashchim Jajira,265,229,0,36,964,511,453,0,112.8,village
26,,38,,461,391,316,Purba Jajira,149,149,0,0,519,277,242,0,114.46,village
26,,38,,461,432,,Katurail*,1983,1930,2,51,7976,4136,3840,0,107.71,mauza
26,,38,,461,432,68,Dighalipara,262,256,0,6,1011,498,513,0,97.08,village
26,,38,,461,432,208,Kandarpara,227,224,0,3,973,497,476,0,104.41,village
26,,38,,461,432,216,Katurail,988,975,0,13,3814,1922,1892,0,101.59,village
26,,38,,461,432,224,Katurail Shilpa Elaka,506,475,2,29,2178,1219,959,0,127.11,village
26,,38,,461,436,,Konda*,424,420,1,3,1749,896,853,0,105.04,mauza
26,,38,,461,436,208,Konda,424,420,1,3,1749,896,853,0,105.04,village
26,,38,,461,507,,Mathbari*,220,219,0,1,869,444,425,0,104.47,mauza
26,,38,,461,507,248,Mathbari,220,219,0,1,869,444,425,0,104.47,village
26,,38,,461,613,,Pangaon*,3475,3394,20,61,14080,7588,6492,0,116.88,mauza
26,,38,,461,613,68,Dakkhin Pangaon,954,941,7,6,3991,2168,1823,0,118.92,village
26,,38,,461,613,208,Kazirgaon,908,897,2,9,3510,1793,1717,0,104.43,village
26,,38,,461,613,408,Uttar Pangaon,1613,1556,11,46,6579,3627,2952,0,122.87,village
26,,38,,461,618,,Purba Baghair*,215,211,1,3,938,498,440,0,113.18,mauza
26,,38,,461,618,308,Purba Baghair,215,211,1,3,938,498,440,0,113.18,village
26,,38,,461,718,,Saorail*,459,419,1,39,2114,1175,939,0,125.13,mauza
26,,38,,461,718,368,Saorail,459,419,1,39,2114,1175,939,0,125.13,village
26,,38,,461,795,,Utrail*,334,302,1,31,1379,692,687,0,100.73,mauza
26,,38,,461,795,408,Utrail,334,302,1,31,1379,692,687,0,100.73,village
26,,38,,677,,,Ruhitpur Union,11163,11001,10,152,43755,21576,22173,6,97.31,union_ward
26,,38,,677,,,Rural,7962,7834,6,122,30813,15371,15436,6,99.58,union_ward
26,,38,,677,,,Urban,3201,3167,4,30,12942,6205,6737,0,92.1,union_ward
26,,38,,677,184,,Dharmasur*,1286,1268,0,18,5150,2555,2595,0,98.46,mauza
26,,38,,677,184,68,Dharmasur,778,771,0,7,3127,1539,1588,0,96.91,village
26,,38,,677,184,348,Ruhitpur Kancha Bazar,508,497,0,11,2023,1016,1007,0,100.89,village
26,,38,,677,509,,Mugarchar*,3201,3167,4,30,12942,6205,6737,0,92.1,mauza
26,,38,,677,509,48,Char Dharmasur,702,695,2,5,2915,1419,1496,0,94.85,village
26,,38,,677,509,56,Char Ruhitpur,563,556,0,7,2259,1121,1138,0,98.51,village
26,,38,,677,509,228,Lakirchar,538,531,1,6,1977,975,1002,0,97.31,village
26,,38,,677,509,248,Mugarchar,1195,1186,1,8,4997,2326,2671,0,87.08,village
26,,38,,677,509,308,Porahati,203,199,0,4,794,364,430,0,84.65,village
26,,38,,677,685,,Ruhitpur*,1439,1422,1,16,5612,2843,2768,1,102.71,mauza
26,,38,,677,685,57,Anarpur,242,241,0,1,905,428,477,0,89.73,village
26,,38,,677,685,248,Mohanpur,207,206,0,1,784,384,400,0,96,village
26,,38,,677,685,348,Ruhitpur,990,975,1,14,3923,2031,1891,1,107.4,village
26,,38,,677,724,,Sonakanda*,5237,5144,5,88,20051,9973,10073,5,99.01,mauza
26,,38,,677,724,28,Baluatek,444,443,0,1,1763,884,879,0,100.57,village
26,,38,,677,724,36,Bhasanchar,234,232,0,2,958,450,508,0,88.58,village
26,,38,,677,724,48,Char Sonakhanda,213,208,0,5,781,402,379,0,106.07,village
26,,38,,677,724,228,Lakirchar,1563,1530,2,31,5526,2977,2544,5,117.02,village
26,,38,,677,724,268,Natun Sonakanda,680,662,1,17,2574,1323,1251,0,105.76,village
26,,38,,677,724,368,Shahapur,339,339,0,0,1362,609,753,0,80.88,village
26,,38,,677,724,376,Sonakanda,1764,1730,2,32,7087,3328,3759,0,88.53,village
26,,38,,711,,,Shakta Union,22702,22345,19,338,90511,46157,44353,1,104.07,union_ward
26,,38,,711,,,Rural,22702,22345,19,338,90511,46157,44353,1,104.07,union_ward
26,,38,,711,,,Urban,0,0,0,0,0,0,0,0,0,union_ward
26,,38,,711,41,,Ati*,8511,8294,4,213,33516,17150,16366,0,104.79,mauza
26,,38,,711,41,16,Atigram,795,790,0,5,3011,1555,1456,0,106.8,village
26,,38,,711,41,24,Atikuti,610,566,0,44,2040,1054,986,0,106.9,village
26,,38,,711,41,28,Baherchar,252,250,0,2,1160,613,547,0,112.07,village
26,,38,,711,41,36,Bamansur,636,632,0,4,2528,1264,1264,0,100,village
26,,38,,711,41,57,Anamat Beparirgram,100,100,0,0,325,164,161,0,101.86,village
26,,38,,711,41,68,Daripara,529,520,1,8,2270,1161,1109,0,104.69,village
26,,38,,711,41,148,Hanif Beparirgram,173,173,0,0,655,314,341,0,92.08,village
26,,38,,711,41,156,Hijla,664,662,0,2,2863,1419,1444,0,98.27,village
26,,38,,711,41,188,Joalchar,262,262,0,0,1054,533,521,0,102.3,village
26,,38,,711,41,208,Kanargaon,203,201,0,2,689,350,339,0,103.24,village
26,,38,,711,41,216,Karim Hajirgram,563,560,0,3,2152,1082,1070,0,101.12,village
26,,38,,711,41,224,Kulchar,880,864,0,16,3420,1729,1691,0,102.25,village
26,,38,,711,41,248,Malkadir Mastergram,259,226,0,33,996,541,455,0,118.9,village
26,,38,,711,41,256,Mobarak Beparirgram,374,362,1,11,1444,748,696,0,107.47,village
26,,38,,711,41,268,Nurarchar,354,344,1,9,1291,658,633,0,103.95,village
26,,38,,711,41,308,Puratan Panchdona,685,625,0,60,2759,1521,1238,0,122.86,village
26,,38,,711,41,348,Rayerchar,732,717,1,14,3118,1575,1543,0,102.07,village
26,,38,,711,41,388,Tebargram,162,162,0,0,624,302,322,0,93.79,village
26,,38,,711,41,488,Yusuf Khanrgram,278,278,0,0,1117,567,550,0,103.09,village
26,,38,,711,79,,Balsata*,1443,1436,1,6,6074,3049,3025,0,100.79,mauza
26,,38,,711,79,28,Bainatala,72,72,0,0,319,181,138,0,131.16,village
26,,38,,711,79,36,Balsata,640,637,0,3,2809,1410,1399,0,100.79,village
26,,38,,711,79,48,Agrakhola,158,156,1,1,607,288,319,0,90.28,village
26,,38,,711,79,208,Kashi Malta,85,85,0,0,342,158,184,0,85.87,village
26,,38,,711,79,248,Mekail,213,212,0,1,847,426,421,0,101.19,village
26,,38,,711,79,268,Narandi,275,274,0,1,1150,586,564,0,103.9,village
26,,38,,711,82,,Bara Shikaritola*,1035,1030,0,5,3895,1972,1923,0,102.55,mauza
26,,38,,711,82,28,Baburgaon,333,333,0,0,1290,616,674,0,91.39,village
26,,38,,711,82,128,Gourisinga,298,297,0,1,1055,546,509,0,107.27,village
26,,38,,711,82,368,Shikaritola,404,400,0,4,1550,810,740,0,109.46,village
26,,38,,711,92,,Bharalia*,2014,1987,0,27,8103,4139,3964,0,104.41,mauza
26,,38,,711,92,208,Kholamura,401,389,0,12,1543,792,751,0,105.46,village
26,,38,,711,92,268,Natun Bharalia,389,387,0,2,1586,811,775,0,104.65,village
26,,38,,711,92,308,Puran Bharalia,1224,1211,0,13,4974,2536,2438,0,104.02,village
26,,38,,711,94,,Birtail*,155,147,0,8,620,305,315,0,96.83,mauza
26,,38,,711,94,28,Balarampur,70,69,0,1,274,138,136,0,101.47,village
26,,38,,711,94,36,Birtail,85,78,0,7,346,167,179,0,93.3,village
26,,38,,711,426,,Kakalia*,243,243,0,0,859,414,445,0,93.03,mauza
26,,38,,711,426,128,Goalkhali,173,173,0,0,583,280,303,0,92.41,village
26,,38,,711,426,208,Kakalia,70,70,0,0,276,134,142,0,94.37,village
26,,38,,711,502,,Madhyerchar*,2815,2787,2,26,11318,5770,5548,0,104,mauza
26,,38,,711,502,28,Balurchar,291,289,0,2,1300,671,629,0,106.68,village
26,,38,,711,502,188,Jhauchar,214,211,0,3,918,464,454,0,102.2,village
26,,38,,711,502,248,Madhyerchar,1114,1096,2,16,4391,2252,2139,0,105.28,village
26,,38,,711,502,268,Nababchar (Arshinagar),1196,1191,0,5,4709,2383,2326,0,102.45,village
26,,38,,711,504,,Malancha*,927,924,0,3,3865,2003,1861,1,107.63,mauza
26,,38,,711,504,248,Malancha,927,924,0,3,3865,2003,1861,1,107.63,village
26,,38,,711,543,,Nagdha*,296,294,0,2,1109,550,559,0,98.39,mauza
26,,38,,711,543,268,Nagdha,296,294,0,2,1109,550,559,0,98.39,village
26,,38,,711,544,,Napiadi*,1007,996,0,11,3991,2030,1961,0,103.52,mauza
26,,38,,711,544,268,Napiadi,1007,996,0,11,3991,2030,1961,0,103.52,village
26,,38,,711,721,,Shakta*,2795,2762,10,23,11712,5949,5763,0,103.23,mauza
26,,38,,711,721,28,Bag Ramerkanda,120,115,0,5,479,224,255,0,87.84,village
26,,38,,711,721,68,Dakkhin Ramerkanda,663,662,1,0,2566,1329,1237,0,107.44,village
26,,38,,711,721,208,Kamarta,567,554,5,8,2410,1255,1155,0,108.66,village
26,,38,,711,721,268,Narayanpatti,255,252,0,3,1058,487,571,0,85.29,village
26,,38,,711,721,348,Rishipara,97,97,0,0,428,212,216,0,98.15,village
26,,38,,711,721,368,Shakta,508,501,2,5,2300,1171,1129,0,103.72,village
26,,38,,711,721,408,Uttar Ramerkanda,585,581,2,2,2471,1271,1200,0,105.92,village
26,,38,,711,888,,Washpur*,1461,1445,2,14,5449,2826,2623,0,107.74,mauza
26,,38,,711,888,48,Char Washpur,1461,1445,2,14,5449,2826,2623,0,107.74,village
26,,38,,720,,,Shubhadhya Union,79355,75684,50,3621,288360,153457,134878,25,113.77,union_ward
26,,38,,720,,,Rural,79355,75684,50,3621,288360,153457,134878,25,113.77,union_ward
26,,38,,720,,,Urban,0,0,0,0,0,0,0,0,0,union_ward
26,,38,,720,145,,Chunkutia (Part)*,16112,15613,7,492,60775,31966,28803,6,110.98,mauza
26,,38,,720,145,28,Begunbari,877,836,0,41,3306,1768,1538,0,114.95,village
26,,38,,720,145,48,Char Kutub,2527,2469,1,57,9296,4842,4453,1,108.74,village
26,,38,,720,145,56,Chowdhurypara,1460,1423,0,37,5499,2854,2645,0,107.9,village
26,,38,,720,145,64,Chunkutia Purbapara,2889,2837,1,51,10513,5423,5089,1,106.56,village
26,,38,,720,145,188,Jhaubari,1693,1604,2,87,6539,3664,2875,0,127.44,village
26,,38,,720,145,208,Kalibari Hindupara,1551,1510,1,40,5727,3013,2710,4,111.18,village
26,,38,,720,145,248,Madhyapara,1893,1847,0,46,7575,3795,3780,0,100.4,village
26,,38,,720,145,268,Najirerbag,1944,1825,2,117,7640,4129,3511,0,117.6,village
26,,38,,720,145,308,Pashchimpara,1278,1262,0,16,4680,2478,2202,0,112.53,village
26,,38,,720,320,,Hasnabad (Naiyatola)*,6024,5454,9,561,22968,12217,10748,3,113.67,mauza
26,,38,,720,320,148,Hasnabad,5144,4711,8,425,19686,10410,9275,1,112.24,village
26,,38,,720,320,248,Mokampara,880,743,1,136,3282,1807,1473,2,122.67,village
26,,38,,720,356,,Ikuria*,8093,7496,16,581,31389,16527,14862,0,111.2,mauza
26,,38,,720,356,168,Ikuria Beparipara,757,675,1,81,2850,1465,1385,0,105.78,village
26,,38,,720,356,176,Ikuria Khalpar,4141,3852,7,282,15931,8376,7555,0,110.87,village
26,,38,,720,356,184,Ikuria Uttarpara,554,538,2,14,2268,1241,1027,0,120.84,village
26,,38,,720,356,248,Madhyapara,229,223,0,6,956,476,480,0,99.17,village
26,,38,,720,356,308,Pashchimpara,296,265,1,30,1199,623,576,0,108.16,village
26,,38,,720,356,316,Purbapara,272,247,1,24,1044,558,486,0,114.81,village
26,,38,,720,356,368,Sardarpara,777,712,1,64,3006,1594,1412,0,112.89,village
26,,38,,720,356,388,Tilapara,342,323,0,19,1408,727,681,0,106.75,village
26,,38,,720,356,556,Tilabari,725,661,3,61,2727,1467,1260,0,116.43,village
26,,38,,720,428,,Kaliganj (Part)*,9474,8204,6,1264,35600,20824,14773,3,140.96,mauza
26,,38,,720,428,208,Kaibartapara,3559,3036,3,520,12770,7293,5475,2,133.21,village
26,,38,,720,428,216,Kaliganj,5915,5168,3,744,22830,13531,9298,1,145.53,village
26,,38,,720,508,,Mirerbag*,25107,24664,12,431,87203,45564,41634,5,109.44,mauza
26,,38,,720,508,28,Balurchar,106,105,0,1,428,221,207,0,106.76,village
26,,38,,720,508,36,Bastuhara Colony,723,717,1,5,2554,1373,1181,0,116.26,village
26,,38,,720,508,48,Char Khejurbag,2591,2528,0,63,9654,5104,4546,4,112.27,village
26,,38,,720,508,208,Khejurbag,13118,12871,6,241,44766,23265,21501,0,108.2,village
26,,38,,720,508,248,Mirerbag,2741,2694,2,45,9733,5228,4504,1,116.07,village
26,,38,,720,508,308,Par Gendaria,5359,5282,3,74,18732,9701,9031,0,107.42,village
26,,38,,720,508,348,Rishipara,469,467,0,2,1336,672,664,0,101.2,village
26,,38,,720,723,,Shubhadhya*,14545,14253,0,292,50425,26359,24058,8,109.56,mauza
26,,38,,720,723,28,Bathanbari,262,259,0,3,764,405,359,0,112.81,village
26,,38,,720,723,36,Bil Katuria,129,129,0,0,458,229,229,0,100,village
26,,38,,720,723,68,Dighirpar,298,297,0,1,1135,588,545,2,107.89,village
26,,38,,720,723,208,Kacharipara,554,549,0,5,2017,1069,948,0,112.76,village
26,,38,,720,723,248,Madhyapara,728,728,0,0,2497,1256,1241,0,101.21,village
26,,38,,720,723,268,Nayahati,246,245,0,1,975,518,457,0,113.35,village
26,,38,,720,723,308,Pakhailapara,365,363,0,2,1361,714,647,0,110.36,village
26,,38,,720,723,316,Pashchimpara,1925,1913,0,12,6623,3407,3211,5,106.1,village
26,,38,,720,723,324,Purbapara,3983,3848,0,135,13604,7221,6383,0,113.13,village
26,,38,,720,723,408,Uttarpara,6055,5922,0,133,20991,10952,10038,1,109.11,village
26,,38,,746,,,Taranagar Union,14972,14886,2,84,59419,30549,28868,2,105.82,union_ward
26,,38,,746,,,Rural,14972,14886,2,84,59419,30549,28868,2,105.82,union_ward
26,,38,,746,,,Urban,0,0,0,0,0,0,0,0,0,union_ward
26,,38,,746,80,,Bara Joynagar*,1056,1053,0,3,4416,2201,2215,0,99.37,mauza
26,,38,,746,80,68,Dakkhin Joynagar,657,656,0,1,2698,1331,1367,0,97.37,village
26,,38,,746,80,408,Uttar Joynagar,399,397,0,2,1718,870,848,0,102.59,village
26,,38,,746,81,,Bara Manoharia*,1261,1260,0,1,5347,2772,2575,0,107.65,mauza
26,,38,,746,81,28,Bara Manoharia,291,291,0,0,1172,597,575,0,103.83,village
26,,38,,746,81,36,Bhawal Pashchimpara,205,205,0,0,939,473,466,0,101.5,village
26,,38,,746,81,44,Bhawal Purbapara,322,321,0,1,1418,752,666,0,112.91,village
26,,38,,746,81,52,Bhawal Rishipara,122,122,0,0,525,279,246,0,113.41,village
26,,38,,746,81,68,Chhota Bhawal,224,224,0,0,898,471,427,0,110.3,village
26,,38,,746,81,228,Khanbari,97,97,0,0,395,200,195,0,102.56,village
26,,38,,746,83,,Baraikandi*,1571,1550,0,21,6488,3408,3080,0,110.65,mauza
26,,38,,746,83,28,Baraikandi,463,463,0,0,1882,972,910,0,106.81,village
26,,38,,746,83,36,Battali,947,926,0,21,3950,2114,1836,0,115.14,village
26,,38,,746,83,168,Itkhola,161,161,0,0,656,322,334,0,96.41,village
26,,38,,746,84,,Barilgaon (Part)*,100,100,0,0,434,205,229,0,89.52,mauza
26,,38,,746,84,28,Barilgaon,100,100,0,0,434,205,229,0,89.52,village
26,,38,,746,89,,Beuta*,743,741,0,2,2972,1549,1423,0,108.85,mauza
26,,38,,746,89,28,Balughata,100,100,0,0,396,212,184,0,115.22,village
26,,38,,746,89,36,Beuta Hindupara,205,204,0,1,798,421,377,0,111.67,village
26,,38,,746,89,44,Beuta Muslimpara,438,437,0,1,1778,916,862,0,106.26,village
26,,38,,746,130,,Chandipur*,661,659,0,2,2777,1398,1379,0,101.38,mauza
26,,38,,746,130,48,Chandipur,661,659,0,2,2777,1398,1379,0,101.38,village
26,,38,,746,142,,Chhaglakandi*,1232,1227,0,5,5047,2657,2389,1,111.22,mauza
26,,38,,746,142,48,Chhaglakandi Sirajnagar,1232,1227,0,5,5047,2657,2389,1,111.22,village
26,,38,,746,143,,Chhota Manoharia*,221,220,0,1,890,449,441,0,101.81,mauza
26,,38,,746,143,48,Chhota Manoharia,221,220,0,1,890,449,441,0,101.81,village
26,,38,,746,178,,Dakkhin Baherchar*,91,91,0,0,409,192,217,0,88.48,mauza
26,,38,,746,178,68,Dakkhin Baherchar,91,91,0,0,409,192,217,0,88.48,village
26,,38,,746,181,,Deuli*,404,403,0,1,1709,881,828,0,106.4,mauza
26,,38,,746,181,68,Deuli,192,191,0,1,780,402,378,0,106.35,village
26,,38,,746,181,268,Nimtali,212,212,0,0,929,479,450,0,106.44,village
26,,38,,746,285,,Ghatarchar*,3353,3319,2,32,12628,6605,6023,0,109.66,mauza
26,,38,,746,285,148,Hindupara,127,126,0,1,464,250,214,0,116.82,village
26,,38,,746,285,208,Khalpara,354,344,1,9,1403,722,681,0,106.02,village
26,,38,,746,285,268,Nayapara,368,367,0,1,1464,742,722,0,102.77,village
26,,38,,746,285,288,Olamanagar,1451,1430,0,21,5362,2788,2574,0,108.31,village
26,,38,,746,285,368,Shahidnagar,322,321,1,0,1221,666,555,0,120,village
26,,38,,746,285,388,Tanpara,731,731,0,0,2714,1437,1277,0,112.53,village
26,,38,,746,431,,Kansaria*,94,93,0,1,412,208,204,0,101.96,mauza
26,,38,,746,431,208,Kansaria,94,93,0,1,412,208,204,0,101.96,village
26,,38,,746,615,,Pitachaka*,898,898,0,0,3464,1745,1719,0,101.51,mauza
26,,38,,746,615,308,Pitachaka Kalmarchar,898,898,0,0,3464,1745,1719,0,101.51,village
26,,38,,746,683,,Rayta*,101,99,0,2,391,191,200,0,95.5,mauza
26,,38,,746,683,348,Rayta,101,99,0,2,391,191,200,0,95.5,village
26,,38,,746,722,,Shiali*,89,89,0,0,354,186,168,0,110.71,mauza
26,,38,,746,722,368,Shiali,89,89,0,0,354,186,168,0,110.71,village
26,,38,,746,758,,Taranagar*,1117,1112,0,5,4474,2184,2290,0,95.37,mauza
26,,38,,746,758,128,Guita,107,107,0,0,440,236,204,0,115.69,village
26,,38,,746,758,208,Kanthaltali,910,905,0,5,3635,1735,1900,0,91.32,village
26,,38,,746,758,216,Krishnanagar,100,100,0,0,399,213,186,0,114.52,village
26,,38,,746,761,,Totail*,451,451,0,0,1542,785,757,0,103.7,mauza
26,,38,,746,761,308,Pashchim Emargaon,203,203,0,0,716,356,360,0,98.89,village
26,,38,,746,761,316,Purba Emargaon,248,248,0,0,826,429,397,0,108.06,village
26,,38,,746,794,,Ulta (Banglanagar)*,365,361,0,4,1548,801,747,0,107.23,mauza
26,,38,,746,794,28,Banglanagar,279,275,0,4,1155,599,556,0,107.73,village
26,,38,,746,794,208,Kanargaon,86,86,0,0,393,202,191,0,105.76,village
26,,38,,746,796,,Uttar Baherchar*,1164,1160,0,4,4117,2132,1984,1,107.46,mauza
26,,38,,746,796,408,Uttar Baherchar,1164,1160,0,4,4117,2132,1984,1,107.46,village
26,,38,,755,,,Tegharia Union,14900,14731,22,147,70102,41248,28848,6,142.98,union_ward
26,,38,,755,,,Rural,14900,14731,22,147,70102,41248,28848,6,142.98,union_ward
26,,38,,755,,,Urban,0,0,0,0,0,0,0,0,0,union_ward
26,,38,,755,33,,Abdullahpur*,3898,3858,7,33,16651,8462,8187,2,103.36,mauza
26,,38,,755,33,48,Char Kadampur,193,193,0,0,799,423,376,0,112.5,village
26,,38,,755,33,148,Hajipara,253,253,0,0,1094,546,548,0,99.64,village
26,,38,,755,33,208,Kadampur,499,488,1,10,2051,1042,1009,0,103.27,village
26,,38,,755,33,216,Kalakandi,498,491,3,4,2377,1119,1256,2,89.09,village
26,,38,,755,33,248,Malihati,216,214,0,2,934,560,374,0,149.73,village
26,,38,,755,33,268,Nasirpara,380,376,0,4,1613,771,842,0,91.57,village
26,,38,,755,33,308,Pashchim Abdullahpur,913,905,2,6,3668,1895,1773,0,106.88,village
26,,38,,755,33,316,Purba Abdullahpur,850,842,1,7,3698,1905,1793,0,106.25,village
26,,38,,755,33,368,Shasta,96,96,0,0,417,201,216,0,93.06,village
26,,38,,755,74,,Baghair*,2581,2549,5,27,11209,5859,5350,0,109.51,mauza
26,,38,,755,74,28,Bagbari,180,171,2,7,780,462,318,0,145.28,village
26,,38,,755,74,36,Betbuniahati,81,81,0,0,339,164,175,0,93.71,village
26,,38,,755,74,48,Chowdhurypara,288,279,0,9,1157,620,537,0,115.46,village
26,,38,,755,74,54,Aliapara,171,168,1,2,752,391,361,0,108.31,village
26,,38,,755,74,68,Dakkhinhati,136,135,0,1,593,297,296,0,100.34,village
26,,38,,755,74,128,Gaista,179,176,1,2,832,454,378,0,120.11,village
26,,38,,755,74,136,Goalpara Baghair,85,84,0,1,358,176,182,0,96.7,village
26,,38,,755,74,148,Hatkhola,83,83,0,0,348,176,172,0,102.33,village
26,,38,,755,74,208,Kapuriahati,87,87,0,0,385,196,189,0,103.7,village
26,,38,,755,74,216,Khayratipara,171,171,0,0,701,375,326,0,115.03,village
26,,38,,755,74,248,Majherhati,85,85,0,0,406,207,199,0,104.02,village
26,,38,,755,74,256,Malakarpara,81,81,0,0,367,198,169,0,117.16,village
26,,38,,755,74,264,Malopara,83,83,0,0,329,163,166,0,98.19,village
26,,38,,755,74,268,Nagar,341,338,1,2,1581,805,776,0,103.74,village
26,,38,,755,74,308,Porahati,82,81,0,1,345,173,172,0,100.58,village
26,,38,,755,74,348,Rishipara,268,268,0,0,1202,629,573,0,109.77,village
26,,38,,755,74,368,Sardarpara,90,88,0,2,349,184,165,0,111.52,village
26,,38,,755,74,388,Talgachhiahati,90,90,0,0,385,189,196,0,96.43,village
26,,38,,755,87,,Beara*,2319,2303,1,15,8987,4555,4431,1,102.8,mauza
26,,38,,755,87,28,Beara Bagbari,353,350,0,3,1215,610,605,0,100.83,village
26,,38,,755,87,36,Beara Radhanagar Muslimnagar,345,343,0,2,1300,666,634,0,105.05,village
26,,38,,755,87,44,Beara,958,951,0,7,3884,1949,1934,1,100.78,village
26,,38,,755,87,128,Goalpara,96,95,1,0,408,223,185,0,120.54,village
26,,38,,755,87,136,Guptapara,102,102,0,0,373,191,182,0,104.95,village
26,,38,,755,87,308,Pathanpara,96,95,0,1,359,180,179,0,100.56,village
26,,38,,755,87,388,Telirbag,369,367,0,2,1448,736,712,0,103.37,village
26,,38,,755,503,,Majid Beyara*,933,926,0,7,3813,1936,1877,0,103.14,mauza
26,,38,,755,503,28,Banagram,228,228,0,0,1044,519,525,0,98.86,village
26,,38,,755,503,68,Dattapara,100,99,0,1,393,204,189,0,107.94,village
26,,38,,755,503,248,Majid Beyara,605,599,0,6,2376,1213,1163,0,104.3,village
26,,38,,755,548,,Noadda*,199,191,1,7,847,462,385,0,120,mauza
26,,38,,755,548,268,Noadda,199,191,1,7,847,462,385,0,120,village
26,,38,,755,614,,Pashchimdi*,3665,3621,5,39,23370,17106,6261,3,273.22,mauza
26,,38,,755,614,28,Babu Raypara,170,169,0,1,701,361,340,0,106.18,village
26,,38,,755,614,36,Bhairabnagar,636,622,4,10,12632,11570,1060,2,1091.51,village
26,,38,,755,614,44,Burirdanga,100,99,0,1,331,166,165,0,100.61,village
26,,38,,755,614,128,Gobindapur,283,280,0,3,780,390,390,0,100,village
26,,38,,755,614,188,Jalkhola,121,121,0,0,396,200,196,0,102.04,village
26,,38,,755,614,208,Khalpar,141,139,0,2,215,113,102,0,110.78,village
26,,38,,755,614,216,Krishnanagar,445,439,0,6,1614,869,745,0,116.64,village
26,,38,,755,614,248,Malanishpara,193,193,0,0,728,348,380,0,91.58,village
26,,38,,755,614,256,Muslimpara,194,194,0,0,704,366,338,0,108.28,village
26,,38,,755,614,268,Nazirpur,154,153,0,1,698,340,358,0,94.97,village
26,,38,,755,614,308,Paina Khalpar,243,243,0,0,756,400,356,0,112.36,village
26,,38,,755,614,316,Paina Nayagaon,262,262,0,0,1015,529,486,0,108.85,village
26,,38,,755,614,324,Pashchimdi,269,266,0,3,1065,519,546,0,95.05,village
26,,38,,755,614,348,Radhanagar,98,98,0,0,346,183,163,0,112.27,village
26,,38,,755,614,368,Shyampur,356,343,1,12,1389,752,636,1,118.24,village
26,,38,,755,617,,Purbadi*,324,316,2,6,1124,607,517,0,117.41,mauza
26,,38,,755,617,308,Purbadi,324,316,2,6,1124,607,517,0,117.41,village
26,,38,,755,759,,Tegharia*,981,967,1,13,4101,2261,1840,0,122.88,mauza
26,,38,,755,759,368,Shailla,231,231,0,0,968,539,429,0,125.64,village
26,,38,,755,759,388,Tegharia,750,736,1,13,3133,1722,1411,0,122.04,village
26,,62,,,,,Nawabganj Upazila,90694,90050,69,575,348807,162232,186554,21,86.96,upazila_thana
26,,62,,,,,Rural,84478,83876,61,541,324318,150691,173610,17,86.8,upazila_thana
26,,62,,,,,Urban,6216,6174,8,34,24489,11541,12944,4,89.16,upazila_thana
26,,62,,109,,,Agla Union,4971,4946,4,21,19187,9042,10143,2,89.15,union_ward
26,,62,,109,,,Rural,4561,4538,4,19,17690,8378,9310,2,89.99,union_ward
26,,62,,109,,,Urban,410,408,0,2,1497,664,833,0,79.71,union_ward
26,,62,,109,31,,Agla*,288,287,0,1,1117,499,618,0,80.74,mauza
26,,62,,109,31,48,Agla,288,287,0,1,1117,499,618,0,80.74,village
26,,62,,109,91,,Benukhali*,346,346,0,0,1302,598,704,0,84.94,mauza
26,,62,,109,91,28,Benukhali,253,253,0,0,947,416,531,0,78.34,village
26,,62,,109,91,68,Dinajpur,93,93,0,0,355,182,173,0,105.2,village
26,,62,,109,132,,Char Madhucharia*,570,570,0,0,1982,915,1067,0,85.75,mauza
26,,62,,109,132,48,Chandartek,74,74,0,0,240,113,127,0,88.98,village
26,,62,,109,132,56,Char Charia,408,408,0,0,1422,627,795,0,78.87,village
26,,62,,109,132,68,Daspara,88,88,0,0,320,175,145,0,120.69,village
26,,62,,109,135,,Chhatia*,410,408,0,2,1497,664,833,0,79.71,mauza
26,,62,,109,135,48,Chhatia,341,339,0,2,1263,563,700,0,80.43,village
26,,62,,109,135,56,Chhatia Adarshagram,69,69,0,0,234,101,133,0,75.94,village
26,,62,,109,280,,Gokulnagar*,189,186,0,3,688,319,369,0,86.45,mauza
26,,62,,109,280,128,Gokulnagar,189,186,0,3,688,319,369,0,86.45,village
26,,62,,109,418,,Kaluahati*,1041,1038,0,3,3910,1777,2133,0,83.31,mauza
26,,62,,109,418,16,Agla Khanhati,169,169,0,0,588,261,327,0,79.82,village
26,,62,,109,418,48,Agla Chakbari,116,116,0,0,467,208,259,0,80.31,village
26,,62,,109,418,68,Dakkhin Kaluhati,310,307,0,3,1156,523,633,0,82.62,village
26,,62,,109,418,408,Uttar Kaluahati,446,446,0,0,1699,785,914,0,85.89,village
26,,62,,109,506,,Majhpara*,572,571,1,0,2167,975,1192,0,81.8,mauza
26,,62,,109,506,208,Kajihati,106,106,0,0,378,155,223,0,69.51,village
26,,62,,109,506,248,Majhpara,466,465,1,0,1789,820,969,0,84.62,village
26,,62,,109,507,,Makimpur*,155,153,0,2,623,296,327,0,90.52,mauza
26,,62,,109,507,248,Makimpur,155,153,0,2,623,296,327,0,90.52,village
26,,62,,109,513,,Mohanpur*,620,618,0,2,2352,993,1359,0,73.07,mauza
26,,62,,109,513,248,Mohanpur,336,335,0,1,1299,550,749,0,73.43,village
26,,62,,109,513,268,Natun Mohanpur,284,283,0,1,1053,443,610,0,72.62,village
26,,62,,109,623,,Purbapara*,225,221,1,3,811,367,444,0,82.66,mauza
26,,62,,109,623,48,Agla Purbapara,225,221,1,3,811,367,444,0,82.66,village
26,,62,,109,769,,Tikarpur*,555,548,2,5,2738,1639,1097,2,149.41,mauza
26,,62,,109,769,388,Tikarpur,555,548,2,5,2738,1639,1097,2,149.41,village
26,,62,,143,,,Bahra Union,7124,7088,2,34,28155,13393,14762,0,90.73,union_ward
26,,62,,143,,,Rural,4351,4338,0,13,16612,7826,8786,0,89.07,union_ward
26,,62,,143,,,Urban,2773,2750,2,21,11543,5567,5976,0,93.16,union_ward
26,,62,,143,35,,Algichar*,406,406,0,0,1610,774,836,0,92.58,mauza
26,,62,,143,35,54,Algichar,406,406,0,0,1610,774,836,0,92.58,village
26,,62,,143,74,,Bara Bahra*,2773,2750,2,21,11543,5567,5976,0,93.16,mauza
26,,62,,143,74,268,Naopara,165,165,0,0,818,410,408,0,100.49,village
26,,62,,143,74,308,Bahra Pashchim Par,995,980,1,14,4194,2015,2179,0,92.47,village
26,,62,,143,74,316,Purba Bahra,1613,1605,1,7,6531,3142,3389,0,92.71,village
26,,62,,143,76,,Bara Balmantachar*,750,750,0,0,2776,1282,1494,0,85.81,mauza
26,,62,,143,76,28,Bara Balmantachar,750,750,0,0,2776,1282,1494,0,85.81,village
26,,62,,143,137,,Chhota Bahra*,309,309,0,0,1129,538,591,0,91.03,mauza
26,,62,,143,137,48,Chhota Bahra,309,309,0,0,1129,538,591,0,91.03,village
26,,62,,143,139,,Chhota Balmantachar*,317,317,0,0,1234,566,668,0,84.73,mauza
26,,62,,143,139,48,Chhota Balmantachar,317,317,0,0,1234,566,668,0,84.73,village
26,,62,,143,177,,Dakkhin Choukighata*,367,366,0,1,1457,672,785,0,85.61,mauza
26,,62,,143,177,68,Dakkhin Choukighata,367,366,0,1,1457,672,785,0,85.61,village
26,,62,,143,414,,Kahur*,208,207,0,1,724,347,377,0,92.04,mauza
26,,62,,143,414,28,Baganbari,59,58,0,1,207,104,103,0,100.97,village
26,,62,,143,414,208,Kahur,149,149,0,0,517,243,274,0,88.69,village
26,,62,,143,422,,Kandamatra*,730,729,0,1,2784,1291,1493,0,86.47,mauza
26,,62,,143,422,208,Kandamatra,730,729,0,1,2784,1291,1493,0,86.47,village
26,,62,,143,508,,Maliail*,344,337,0,7,1233,597,636,0,93.87,mauza
26,,62,,143,508,140,Dhakkhin Maliail,182,175,0,7,547,228,319,0,71.47,village
26,,62,,143,508,248,Maliail Uttor,162,162,0,0,686,369,317,0,116.4,village
26,,62,,143,730,,Shubharia*,229,229,0,0,933,464,469,0,98.93,mauza
26,,62,,143,730,368,Shubharia,229,229,0,0,933,464,469,0,98.93,village
26,,62,,143,805,,Ulman Chandra*,245,245,0,0,952,466,486,0,95.88,mauza
26,,62,,143,805,308,Purba Chak Bahra,133,133,0,0,497,220,277,0,79.42,village
26,,62,,143,805,408,Ulman Chandra (Nolmora),112,112,0,0,455,246,209,0,117.7,village
26,,62,,143,806,,Urarchar*,50,50,0,0,196,80,116,0,68.97,mauza
26,,62,,143,806,408,Urarchar,50,50,0,0,196,80,116,0,68.97,village
26,,62,,143,808,,Uttar Choukighata*,396,393,0,3,1584,749,835,0,89.7,mauza
26,,62,,143,808,408,Uttar Choukighata,396,393,0,3,1584,749,835,0,89.7,village
26,,62,,152,,,Baksnagar Union,5962,5926,3,33,22892,10675,12214,3,87.4,union_ward
26,,62,,152,,,Rural,5962,5926,3,33,22892,10675,12214,3,87.4,union_ward
26,,62,,152,,,Urban,0,0,0,0,0,0,0,0,0,union_ward
26,,62,,152,75,,Bara Baksnagar*,1196,1194,1,1,4296,1930,2366,0,81.57,mauza
26,,62,,152,75,28,Baksnagar Chourahati,220,220,0,0,868,376,492,0,76.42,village
26,,62,,152,75,36,Baksnagar Christianhati,101,100,0,1,370,160,210,0,76.19,village
26,,62,,152,75,44,Baksnagar Sabukhati,204,204,0,0,657,302,355,0,85.07,village
26,,62,,152,75,52,Bara Baksnagar,328,328,0,0,1178,503,675,0,74.52,village
26,,62,,152,75,68,Chak Baksanagar,107,107,0,0,389,197,192,0,102.6,village
26,,62,,152,75,76,Chhota Rajpara,236,235,1,0,834,392,442,0,88.69,village
26,,62,,152,85,,Bardhanpara*,984,982,1,1,3853,1815,2038,0,89.06,mauza
26,,62,,152,85,28,Bardhanpara,837,835,1,1,3294,1549,1745,0,88.77,village
26,,62,,152,85,48,Chhota Rajpara Uttarhati,147,147,0,0,559,266,293,0,90.78,village
26,,62,,152,138,,Chhota Baksnagar*,728,724,0,4,2821,1320,1500,1,88,mauza
26,,62,,152,138,48,Chhota Baksnagar,728,724,0,4,2821,1320,1500,1,88,village
26,,62,,152,141,,Chhota Jafarpur*,235,235,0,0,898,409,489,0,83.64,mauza
26,,62,,152,141,48,Chhota Jafarpur Balurchar,162,162,0,0,592,260,332,0,78.31,village
26,,62,,152,141,188,Bara Jafarpur (Part),73,73,0,0,306,149,157,0,94.9,village
26,,62,,152,182,,Dighirpar*,1499,1492,1,6,6092,2839,3252,1,87.3,mauza
26,,62,,152,182,28,Balurchar,218,218,0,0,787,365,422,0,86.49,village
26,,62,,152,182,68,Dighirpar,952,946,1,5,3978,1846,2132,0,86.59,village
26,,62,,152,182,76,Dighirpar Khalpar,329,328,0,1,1327,628,698,1,89.97,village
26,,62,,152,433,,Komarganj*,951,932,0,19,3515,1691,1823,1,92.76,mauza
26,,62,,152,433,128,Gazikhali,98,96,0,2,367,177,189,1,93.65,village
26,,62,,152,433,208,Komarganj,645,628,0,17,2370,1165,1205,0,96.68,village
26,,62,,152,433,308,Pathankanda,208,208,0,0,778,349,429,0,81.35,village
26,,62,,152,772,,Tuknikanda*,369,367,0,2,1417,671,746,0,89.95,mauza
26,,62,,152,772,368,Surganj,93,93,0,0,387,184,203,0,90.64,village
26,,62,,152,772,388,Tuknikanda,276,274,0,2,1030,487,543,0,89.69,village
26,,62,,161,,,Bandura Union,7868,7822,10,36,31000,14337,16662,1,86.05,union_ward
26,,62,,161,,,Rural,7868,7822,10,36,31000,14337,16662,1,86.05,union_ward
26,,62,,161,,,Urban,0,0,0,0,0,0,0,0,0,union_ward
26,,62,,161,32,,Ahladipur*,266,266,0,0,1029,439,590,0,74.41,mauza
26,,62,,161,32,49,Ahladipur,266,266,0,0,1029,439,590,0,74.41,village
26,,62,,161,79,,Bara Harikanda*,195,193,1,1,800,393,407,0,96.56,mauza
26,,62,,161,79,28,Bara Harikanda,195,193,1,1,800,393,407,0,96.56,village
26,,62,,161,315,,Hazratpur*,316,316,0,0,1263,557,706,0,78.9,mauza
26,,62,,161,315,148,Hazratpur,184,184,0,0,718,323,395,0,81.77,village
26,,62,,161,315,368,Swarupdikanda Hazratpur,132,132,0,0,545,234,311,0,75.24,village
26,,62,,161,316,,Hasnabad*,764,758,0,6,3029,1382,1647,0,83.91,mauza
26,,62,,161,316,148,Hasnabad,764,758,0,6,3029,1382,1647,0,83.91,village
26,,62,,161,347,,Imamnagar*,158,158,0,0,586,265,321,0,82.55,mauza
26,,62,,161,347,168,Imamnagar,158,158,0,0,586,265,321,0,82.55,village
26,,62,,161,423,,Kanthalighata*,326,324,1,1,1418,679,739,0,91.88,mauza
26,,62,,161,423,208,Kanthalighata,326,324,1,1,1418,679,739,0,91.88,village
26,,62,,161,428,,Khaliarbhita*,21,21,0,0,91,42,49,0,85.71,mauza
26,,62,,161,428,368,Khaliarbhita,21,21,0,0,91,42,49,0,85.71,village
26,,62,,161,502,,Mahabbatpur*,912,904,3,5,3611,1687,1924,0,87.68,mauza
26,,62,,161,502,248,Mahabbatpur,912,904,3,5,3611,1687,1924,0,87.68,village
26,,62,,161,505,,Majhirkanda*,340,339,1,0,1431,642,789,0,81.37,mauza
26,,62,,161,505,248,Majhirkanda,340,339,1,0,1431,642,789,0,81.37,village
26,,62,,161,514,,Moulavidangi*,251,249,0,2,987,437,550,0,79.45,mauza
26,,62,,161,514,248,Moulavidangi,251,249,0,2,987,437,550,0,79.45,village
26,,62,,161,516,,Mridharkanda*,91,89,1,1,376,173,203,0,85.22,mauza
26,,62,,161,516,248,Mridharkanda,91,89,1,1,376,173,203,0,85.22,village
26,,62,,161,549,,Natun Bandura*,1036,1027,1,8,4316,2053,2263,0,90.72,mauza
26,,62,,161,549,248,Mirerdangi,75,71,1,3,273,134,139,0,96.4,village
26,,62,,161,549,268,Natun Bandura,961,956,0,5,4043,1919,2124,0,90.35,village
26,,62,,161,619,,Puakair*,958,954,0,4,3710,1612,2098,0,76.84,mauza
26,,62,,161,619,28,Baraduari,185,185,0,0,687,305,382,0,79.84,village
26,,62,,161,619,48,Champanagar,86,86,0,0,314,133,181,0,73.48,village
26,,62,,161,619,268,Nayanagar,473,471,0,2,1874,809,1065,0,75.96,village
26,,62,,161,619,276,Nurnagar,214,212,0,2,835,365,470,0,77.66,village
26,,62,,161,620,,Puratan Bandura*,1319,1312,2,5,4854,2390,2464,0,97,mauza
26,,62,,161,620,248,Malasikanda,287,285,1,1,1038,548,490,0,111.84,village
26,,62,,161,620,308,Puratan Bandura,1032,1027,1,4,3816,1842,1974,0,93.31,village
26,,62,,161,720,,Sadapur*,582,580,0,2,2374,1096,1277,1,85.83,mauza
26,,62,,161,720,368,Sadapur,582,580,0,2,2374,1096,1277,1,85.83,village
26,,62,,161,738,,Syedpur*,333,332,0,1,1125,490,635,0,77.17,mauza
26,,62,,161,738,368,Syedpur,333,332,0,1,1125,490,635,0,77.17,village
26,,62,,170,,,Baruakhali Union,5033,4987,7,39,18310,8338,9972,0,83.61,union_ward
26,,62,,170,,,Rural,4304,4263,5,36,15613,7112,8501,0,83.66,union_ward
26,,62,,170,,,Urban,729,724,2,3,2697,1226,1471,0,83.34,union_ward
26,,62,,170,34,,Alalpur*,486,469,1,16,1855,801,1054,0,76,mauza
26,,62,,170,34,68,Dakkhin Alalpur,243,230,1,12,943,409,534,0,76.59,village
26,,62,,170,34,348,Ratanpur,83,82,0,1,313,134,179,0,74.86,village
26,,62,,170,34,408,Uttar Alalpur,160,157,0,3,599,258,341,0,75.66,village
26,,62,,170,70,,Baherchar*,546,542,0,4,2209,1014,1195,0,84.85,mauza
26,,62,,170,70,28,Baherchar,280,278,0,2,1157,525,632,0,83.07,village
26,,62,,170,70,36,Brahmankhali,116,116,0,0,473,223,250,0,89.2,village
26,,62,,170,70,68,Daktarkanda,150,148,0,2,579,266,313,0,84.98,village
26,,62,,170,77,,Bara Barilya*,188,188,0,0,616,289,327,0,88.38,mauza
26,,62,,170,77,28,Bara Barilya,88,88,0,0,268,131,137,0,95.62,village
26,,62,,170,77,48,Chhota Barilya,100,100,0,0,348,158,190,0,83.16,village
26,,62,,170,81,,Bara Kauniakandi*,252,249,1,2,876,407,469,0,86.78,mauza
26,,62,,170,81,28,Bara Kauniakandi,252,249,1,2,876,407,469,0,86.78,village
26,,62,,170,83,,Barabasat*,81,80,1,0,590,439,151,0,290.73,mauza
26,,62,,170,83,76,Barabasat,81,80,1,0,590,439,151,0,290.73,village
26,,62,,170,87,,Baruakhali*,729,724,2,3,2697,1226,1471,0,83.34,mauza
26,,62,,170,87,48,Chak Barilya,105,105,0,0,410,185,225,0,82.22,village
26,,62,,170,87,68,Dakkhin Baruakhali,192,190,2,0,737,330,407,0,81.08,village
26,,62,,170,87,248,Madla,124,123,0,1,463,212,251,0,84.46,village
26,,62,,170,87,408,Uttar Baruakhali,308,306,0,2,1087,499,588,0,84.86,village
26,,62,,170,92,,Bhangapara*,91,91,0,0,366,163,203,0,80.3,mauza
26,,62,,170,92,28,Bhangapara,91,91,0,0,366,163,203,0,80.3,village
26,,62,,170,94,,Bheramuria*,178,178,0,0,575,258,317,0,81.39,mauza
26,,62,,170,94,28,Bheramuria,178,178,0,0,575,258,317,0,81.39,village
26,,62,,170,136,,Chhatrapur*,257,254,2,1,939,414,525,0,78.86,mauza
26,,62,,170,136,123,Chhatrapur,172,169,2,1,723,312,411,0,75.91,village
26,,62,,170,136,368,Shialjan,85,85,0,0,216,102,114,0,89.47,village
26,,62,,170,142,,Chhota Kauniakandi*,176,169,0,7,653,279,374,0,74.6,mauza
26,,62,,170,142,48,Chhota Kauniakandi,176,169,0,7,653,279,374,0,74.6,village
26,,62,,170,143,,Chhota Nabagram*,227,227,0,0,857,386,471,0,81.95,mauza
26,,62,,170,143,48,Chhota Nabagram,227,227,0,0,857,386,471,0,81.95,village
26,,62,,170,183,,Dirghagram*,244,243,0,1,924,386,538,0,71.75,mauza
26,,62,,170,183,68,Dirghagram,244,243,0,1,924,386,538,0,71.75,village
26,,62,,170,313,,Haribhanga*,83,82,0,1,309,119,190,0,62.63,mauza
26,,62,,170,313,68,Darikandi,83,82,0,1,309,119,190,0,62.63,village
26,,62,,170,378,,Jahanabad*,175,175,0,0,474,218,256,0,85.16,mauza
26,,62,,170,378,188,Jahanabad,175,175,0,0,474,218,256,0,85.16,village
26,,62,,170,379,,Jainatpur*,88,88,0,0,323,134,189,0,70.9,mauza
26,,62,,170,379,188,Jainatpur,88,88,0,0,323,134,189,0,70.9,village
26,,62,,170,420,,Kanchannagar*,82,82,0,0,227,106,121,0,87.6,mauza
26,,62,,170,420,208,Kanchannagar,82,82,0,0,227,106,121,0,87.6,village
26,,62,,170,421,,Kanda Barilya*,315,315,0,0,1040,464,576,0,80.56,mauza
26,,62,,170,421,208,Kanda Barilya,315,315,0,0,1040,464,576,0,80.56,village
26,,62,,170,424,,Karpara*,83,83,0,0,286,130,156,0,83.33,mauza
26,,62,,170,424,208,Karpara,83,83,0,0,286,130,156,0,83.33,village
26,,62,,170,436,,Kumar Barilya*,177,177,0,0,721,300,421,0,71.26,mauza
26,,62,,170,436,208,Kumar Barilya,177,177,0,0,721,300,421,0,71.26,village
26,,62,,170,517,,Munsinagar*,173,169,0,4,664,304,360,0,84.44,mauza
26,,62,,170,517,248,Munsinagar,173,169,0,4,664,304,360,0,84.44,village
26,,62,,170,688,,Ramnagar*,402,402,0,0,1109,501,608,0,82.4,mauza
26,,62,,170,688,28,Baniagram,80,80,0,0,217,103,114,0,90.35,village
26,,62,,170,688,36,Bara Prithi Noadda,162,162,0,0,458,207,251,0,82.47,village
26,,62,,170,688,48,Chhota Prithi Noadda,80,80,0,0,238,111,127,0,87.4,village
26,,62,,170,688,348,Ramnagar,80,80,0,0,196,80,116,0,68.97,village
26,,62,,180,,,Churain Union,6573,6537,8,28,25942,11969,13973,0,85.66,union_ward
26,,62,,180,,,Rural,6573,6537,8,28,25942,11969,13973,0,85.66,union_ward
26,,62,,180,,,Urban,0,0,0,0,0,0,0,0,0,union_ward
26,,62,,180,78,,Bara Gobindapur*,2437,2423,3,11,9930,4658,5272,0,88.35,mauza
26,,62,,180,78,48,Chanhati,13,13,0,0,54,22,32,0,68.75,village
26,,62,,180,78,56,Chourahati,181,179,0,2,634,275,359,0,76.6,village
26,,62,,180,78,128,Gobindapur,363,361,0,2,1334,625,709,0,88.15,village
26,,62,,180,78,248,Muslemhati,720,714,0,6,2809,1263,1546,0,81.69,village
26,,62,,180,78,308,Paiksha,105,105,0,0,420,184,236,0,77.97,village
26,,62,,180,78,316,Purba Gobindapur,490,489,0,1,1962,926,1036,0,89.38,village
26,,62,,180,78,368,Shankarkhali,238,238,0,0,871,360,511,0,70.45,village
26,,62,,180,78,376,Sonahajra,62,60,2,0,733,491,242,0,202.89,village
26,,62,,180,78,384,Sonatala,265,264,1,0,1113,512,601,0,85.19,village
26,,62,,180,146,,Churain*,1339,1329,1,9,5149,2357,2792,0,84.42,mauza
26,,62,,180,146,308,Pashchim Churain,721,718,1,2,2912,1350,1562,0,86.43,village
26,,62,,180,146,316,Purba Churain,618,611,0,7,2237,1007,1230,0,81.87,village
26,,62,,180,184,,Durgapur*,805,803,0,2,3002,1364,1638,0,83.27,mauza
26,,62,,180,184,68,Durgapur,576,574,0,2,2113,967,1146,0,84.38,village
26,,62,,180,184,208,Kamarkhola (Part),229,229,0,0,889,397,492,0,80.69,village
26,,62,,180,419,,Kamarkhola*,276,274,1,1,1245,613,632,0,96.99,mauza
26,,62,,180,419,208,Kamarkhola,276,274,1,1,1245,613,632,0,96.99,village
26,,62,,180,518,,Munsurnagar*,920,913,2,5,3562,1597,1965,0,81.27,mauza
26,,62,,180,518,248,Madankhail Kalaimara,97,93,0,4,434,227,207,0,109.66,village
26,,62,,180,518,308,Pashchim Munsinagar,408,405,2,1,1629,731,898,0,81.4,village
26,,62,,180,518,316,Purba Munsinagar,415,415,0,0,1499,639,860,0,74.3,village
26,,62,,180,615,,Pashchim Marichpatti*,640,639,1,0,2380,1079,1301,0,82.94,mauza
26,,62,,180,615,48,Chak Marichpatti,240,239,1,0,928,440,488,0,90.16,village
26,,62,,180,615,68,Dulchan,99,99,0,0,350,172,178,0,96.63,village
26,,62,,180,615,248,Marichpatti,301,301,0,0,1102,467,635,0,73.54,village
26,,62,,180,733,,Sirajuddinpur*,156,156,0,0,674,301,373,0,80.7,mauza
26,,62,,180,733,68,Dubli,156,156,0,0,674,301,373,0,80.7,village
26,,62,,313,,,Galimpur Union,3811,3797,5,9,14853,6943,7910,0,87.77,union_ward
26,,62,,313,,,Rural,3811,3797,5,9,14853,6943,7910,0,87.77,union_ward
26,,62,,313,,,Urban,0,0,0,0,0,0,0,0,0,union_ward
26,,62,,313,275,,Galimpur*,3614,3601,5,8,14110,6616,7494,0,88.28,mauza
26,,62,,313,275,16,Andharkotha,298,297,0,1,1127,496,631,0,78.61,village
26,,62,,313,275,28,Baragaon,409,409,0,0,1458,613,845,0,72.54,village
26,,62,,313,275,43,Adarshagram,91,91,0,0,308,134,174,0,77.01,village
26,,62,,313,275,48,Chanhati,126,124,0,2,485,219,266,0,82.33,village
26,,62,,313,275,188,Joynagar,211,208,1,2,850,464,386,0,120.21,village
26,,62,,313,275,208,Khanhati,300,300,0,0,1187,587,600,0,97.83,village
26,,62,,313,275,216,Kuthibari,95,94,1,0,448,180,268,0,67.16,village
26,,62,,313,275,248,Miahati,156,154,1,1,614,300,314,0,95.54,village
26,,62,,313,275,268,Nagar,100,99,1,0,402,218,184,0,118.48,village
26,,62,,313,275,276,Noadda,374,374,0,0,1447,692,755,0,91.66,village
26,,62,,313,275,308,Paiksha,150,150,0,0,560,228,332,0,68.67,village
26,,62,,313,275,348,Ramnathpur,152,152,0,0,599,261,338,0,77.22,village
26,,62,,313,275,368,Shahbad,199,199,0,0,685,327,358,0,91.34,village
26,,62,,313,275,376,Shankarkhali,195,195,0,0,773,338,435,0,77.7,village
26,,62,,313,275,384,Sonahajra,466,466,0,0,1858,840,1018,0,82.51,village
26,,62,,313,275,392,Surjakhali,292,289,1,2,1309,719,590,0,121.86,village
26,,62,,313,737,,Surgaon*,197,196,0,1,743,327,416,0,78.61,mauza
26,,62,,313,737,368,Surgaon,197,196,0,1,743,327,416,0,78.61,village
26,,62,,413,,,Jantrail Union,6443,6413,1,29,25028,11532,13495,1,85.45,union_ward
26,,62,,413,,,Rural,5090,5065,0,25,19862,9124,10737,1,84.98,union_ward
26,,62,,413,,,Urban,1353,1348,1,4,5166,2408,2758,0,87.31,union_ward
26,,62,,413,73,,Bara Nabagram*,757,754,0,3,3022,1434,1588,0,90.3,mauza
26,,62,,413,73,48,Char Khalsi,243,243,0,0,1013,515,498,0,103.41,village
26,,62,,413,73,68,Dakkhin Khalsi,80,80,0,0,291,116,175,0,66.29,village
26,,62,,413,73,188,Jalli,84,84,0,0,319,139,180,0,77.22,village
26,,62,,413,73,268,Nabagram,175,175,0,0,644,299,345,0,86.67,village
26,,62,,413,73,276,Nalgora,175,172,0,3,755,365,390,0,93.59,village
26,,62,,413,130,,Chandrakhola*,613,603,0,10,2336,1038,1298,0,79.97,mauza
26,,62,,413,130,48,Chandrakhola,521,511,0,10,2029,900,1129,0,79.72,village
26,,62,,413,130,68,Debukhali,92,92,0,0,307,138,169,0,81.66,village
26,,62,,413,140,,Chhota Gobindapur*,1028,1023,0,5,3861,1716,2144,1,80.04,mauza
26,,62,,413,140,28,Balidior,169,169,0,0,594,254,339,1,74.93,village
26,,62,,413,140,128,Gobindapur,859,854,0,5,3267,1462,1805,0,81,village
26,,62,,413,314,,Harishkul*,1423,1420,0,3,5768,2678,3090,0,86.67,mauza
26,,62,,413,314,148,Harishkul,1423,1420,0,3,5768,2678,3090,0,86.67,village
26,,62,,413,380,,Jalalchar*,408,406,0,2,1515,688,827,0,83.19,mauza
26,,62,,413,380,188,Jalalchar,408,406,0,2,1515,688,827,0,83.19,village
26,,62,,413,382,,Jantrail*,1353,1348,1,4,5166,2408,2758,0,87.31,mauza
26,,62,,413,382,28,Bhawalia,198,198,0,0,844,386,458,0,84.28,village
26,,62,,413,382,74,Azizpur,339,339,0,0,1397,645,752,0,85.77,village
26,,62,,413,382,188,Jantrail,604,601,1,2,2278,1060,1218,0,87.03,village
26,,62,,413,382,308,Purba Jantrail,212,210,0,2,647,317,330,0,96.06,village
26,,62,,413,432,,Kiranchi*,545,543,0,2,2149,1040,1109,0,93.78,mauza
26,,62,,413,432,28,Bhurakhali,100,99,0,1,404,201,203,0,99.01,village
26,,62,,413,432,208,Kiranchi,234,234,0,0,953,478,475,0,100.63,village
26,,62,,413,432,408,Uttar Kiranchi,211,210,0,1,792,361,431,0,83.76,village
26,,62,,413,515,,Moymandi*,316,316,0,0,1211,530,681,0,77.83,mauza
26,,62,,413,515,248,Moymandi,316,316,0,0,1211,530,681,0,77.83,village
26,,62,,422,,,Joykrishnapur Union,5259,5188,3,68,18874,8814,10060,0,87.61,union_ward
26,,62,,422,,,Rural,5259,5188,3,68,18874,8814,10060,0,87.61,union_ward
26,,62,,422,,,Urban,0,0,0,0,0,0,0,0,0,union_ward
26,,62,,422,37,,Ashaypur*,204,202,0,2,683,331,352,0,94.03,mauza
26,,62,,422,37,64,Ashaypur,204,202,0,2,683,331,352,0,94.03,village
26,,62,,422,69,,Bahadurpur*,173,173,0,0,617,270,347,0,77.81,mauza
26,,62,,422,69,28,Bahadurpur,173,173,0,0,617,270,347,0,77.81,village
26,,62,,422,72,,Bamuahati*,101,99,0,2,369,155,214,0,72.43,mauza
26,,62,,422,72,28,Bamuahati,101,99,0,2,369,155,214,0,72.43,village
26,,62,,422,88,,Bataijuri*,51,44,0,7,149,77,72,0,106.94,mauza
26,,62,,422,88,28,Bataijuri,51,44,0,7,149,77,72,0,106.94,village
26,,62,,422,89,,Bataimuri*,30,25,0,5,88,50,38,0,131.58,mauza
26,,62,,422,89,208,Bataimuri,30,25,0,5,88,50,38,0,131.58,village
26,,62,,422,96,,Bilchari*,30,30,0,0,82,50,32,0,156.25,mauza
26,,62,,422,96,28,Bilchari,30,30,0,0,82,50,32,0,156.25,village
26,,62,,422,99,,Brahmangram*,90,90,0,0,324,149,175,0,85.14,mauza
26,,62,,422,99,28,Brahmangram,90,90,0,0,324,149,175,0,85.14,village
26,,62,,422,134,,Charakhali*,43,34,0,9,170,94,76,0,123.68,mauza
26,,62,,422,134,123,Chara Khali,43,34,0,9,170,94,76,0,123.68,village
26,,62,,422,278,,Ghoshail*,480,478,0,2,1782,814,968,0,84.09,mauza
26,,62,,422,278,63,Ar Ghoshail,166,166,0,0,594,270,324,0,83.33,village
26,,62,,422,278,128,Ghoshail,314,312,0,2,1188,544,644,0,84.47,village
26,,62,,422,383,,Joykrishnapur*,162,156,0,6,483,199,284,0,70.07,mauza
26,,62,,422,383,188,Joykrishnapur,162,156,0,6,483,199,284,0,70.07,village
26,,62,,422,426,,Kedarpur*,103,103,0,0,395,192,203,0,94.58,mauza
26,,62,,422,426,208,Kedarpur,103,103,0,0,395,192,203,0,94.58,village
26,,62,,422,435,,Kothari*,421,420,0,1,1648,742,906,0,81.9,mauza
26,,62,,422,435,208,Kothari,421,420,0,1,1648,742,906,0,81.9,village
26,,62,,422,612,,Panikaur*,211,210,0,1,735,342,393,0,87.02,mauza
26,,62,,422,612,308,Panikaur,211,210,0,1,735,342,393,0,87.02,village
26,,62,,422,686,,Rajapur*,1007,990,2,15,3593,1676,1917,0,87.43,mauza
26,,62,,422,686,28,Balenga,397,384,1,12,1370,678,692,0,97.98,village
26,,62,,422,686,68,Doair,88,87,1,0,302,163,139,0,117.27,village
26,,62,,422,686,208,Kantartek,118,117,0,1,487,230,257,0,89.49,village
26,,62,,422,686,268,Nayadangi,99,99,0,0,318,134,184,0,72.83,village
26,,62,,422,686,348,Rajapur,305,303,0,2,1116,471,645,0,73.02,village
26,,62,,422,689,,Raypur*,208,207,0,1,787,343,444,0,77.25,mauza
26,,62,,422,689,208,Khat Bazar,33,32,0,1,143,65,78,0,83.33,village
26,,62,,422,689,348,Raypur,175,175,0,0,644,278,366,0,75.96,village
26,,62,,422,724,,Shankardia*,401,396,0,5,1251,644,607,0,106.1,mauza
26,,62,,422,724,128,Gazaria,140,140,0,0,415,228,187,0,121.93,village
26,,62,,422,724,368,Shankardia,173,169,0,4,596,301,295,0,102.03,village
26,,62,,422,724,376,Shyampur,88,87,0,1,240,115,125,0,92,village
26,,62,,422,734,,Sonabaju*,1360,1348,1,11,5136,2443,2693,0,90.72,mauza
26,,62,,422,734,208,Kalyansree,212,212,0,0,756,331,425,0,77.88,village
26,,62,,422,734,368,Sonabaju,1148,1136,1,11,4380,2112,2268,0,93.12,village
26,,62,,422,771,,Titpaldia*,184,183,0,1,582,243,339,0,71.68,mauza
26,,62,,422,771,388,Titpaldia,184,183,0,1,582,243,339,0,71.68,village
26,,62,,448,,,Kailail Union,7494,7454,9,31,28863,13420,15438,5,86.93,union_ward
26,,62,,448,,,Rural,6543,6510,6,27,25277,11744,13532,1,86.79,union_ward
26,,62,,448,,,Urban,951,944,3,4,3586,1676,1906,4,87.93,union_ward
26,,62,,448,179,,Daulatpur*,1552,1538,2,12,5989,2867,3121,1,91.86,mauza
26,,62,,448,179,28,Bhangabhita,657,657,0,0,2504,1227,1277,0,96.08,village
26,,62,,448,179,68,Daulatpur,895,881,2,12,3485,1640,1844,1,88.94,village
26,,62,,448,181,,Dignara*,682,682,0,0,2663,1268,1395,0,90.9,mauza
26,,62,,448,181,68,Dignara,377,377,0,0,1511,753,758,0,99.34,village
26,,62,,448,181,248,Mollakanda,130,130,0,0,449,193,256,0,75.39,village
26,,62,,448,181,348,Raypur,175,175,0,0,703,322,381,0,84.51,village
26,,62,,448,415,,Kailail*,1381,1379,0,2,5482,2515,2967,0,84.77,mauza
26,,62,,448,415,208,Kailail,893,892,0,1,3504,1603,1901,0,84.32,village
26,,62,,448,415,368,Sonargaon,176,176,0,0,716,327,389,0,84.06,village
26,,62,,448,415,388,Telenga,312,311,0,1,1262,585,677,0,86.41,village
26,,62,,448,438,,Kundura*,55,55,0,0,211,94,117,0,80.34,mauza
26,,62,,448,438,208,Kundura,55,55,0,0,211,94,117,0,80.34,village
26,,62,,448,510,,Mashail*,2016,2008,1,7,7788,3576,4212,0,84.9,mauza
26,,62,,448,510,68,Darikanda,753,752,0,1,2919,1308,1611,0,81.19,village
26,,62,,448,510,248,Madhupur,162,162,0,0,631,269,362,0,74.31,village
26,,62,,448,510,256,Malikanda,525,519,0,6,1900,850,1050,0,80.95,village
26,,62,,448,510,264,Mashail,129,129,0,0,551,275,276,0,99.64,village
26,,62,,448,510,268,Nayakanda,447,446,1,0,1787,874,913,0,95.73,village
26,,62,,448,512,,Meleng*,857,848,3,6,3144,1424,1720,0,82.79,mauza
26,,62,,448,512,68,Dakkhin Meleng,335,331,2,2,1209,538,671,0,80.18,village
26,,62,,448,512,208,Khalpar,111,108,1,2,457,242,215,0,112.56,village
26,,62,,448,512,248,Meleng,411,409,0,2,1478,644,834,0,77.22,village
26,,62,,448,614,,Paragaon*,951,944,3,4,3586,1676,1906,4,87.93,mauza
26,,62,,448,614,248,Matabpur,560,558,0,2,2027,934,1089,4,85.77,village
26,,62,,448,614,308,Paragram,391,386,3,2,1559,742,817,0,90.82,village
26,,62,,457,,,Kalakopa Union,6495,6408,7,80,24178,11621,12556,1,92.55,union_ward
26,,62,,457,,,Rural,6495,6408,7,80,24178,11621,12556,1,92.55,union_ward
26,,62,,457,,,Urban,0,0,0,0,0,0,0,0,0,union_ward
26,,62,,457,68,,Bagmara*,465,456,0,9,1778,849,928,1,91.49,mauza
26,,62,,457,68,28,Bagmara,288,282,0,6,1124,531,592,1,89.7,village
26,,62,,457,68,368,Shurganj,177,174,0,3,654,318,336,0,94.64,village
26,,62,,457,80,,Bara Jafarpur*,1069,1060,0,9,3928,1816,2112,0,85.98,mauza
26,,62,,457,80,28,Bara Rajpara,308,308,0,0,1177,533,644,0,82.76,village
26,,62,,457,80,56,Amirpur,285,285,0,0,1008,490,518,0,94.59,village
26,,62,,457,80,188,Jalalpur,476,467,0,9,1743,793,950,0,83.47,village
26,,62,,457,417,,Kalakopa*,982,977,1,4,3471,1673,1798,0,93.05,mauza
26,,62,,457,417,28,Bag Bibirchar,96,96,0,0,369,171,198,0,86.36,village
26,,62,,457,417,36,Baghati,5,5,0,0,15,5,10,0,50,village
26,,62,,457,417,44,Bara Nagar,81,81,0,0,294,137,157,0,87.26,village
26,,62,,457,417,52,Bourahati,100,100,0,0,380,186,194,0,95.88,village
26,,62,,457,417,60,Bhuiyanhati,171,171,0,0,544,264,280,0,94.29,village
26,,62,,457,417,148,Goalnagar,81,81,0,0,252,132,120,0,110,village
26,,62,,457,417,156,Gopalpur,164,161,1,2,659,338,321,0,105.3,village
26,,62,,457,417,164,Gopikantapur,86,86,0,0,270,131,139,0,94.24,village
26,,62,,457,417,228,Khandakar Noadda,26,26,0,0,81,36,45,0,80,village
26,,62,,457,417,268,Madhyanagar,69,67,0,2,239,115,124,0,92.74,village
26,,62,,457,417,276,Mahajanpur,15,15,0,0,51,27,24,0,112.5,village
26,,62,,457,417,328,Pukurpar,52,52,0,0,190,79,111,0,71.17,village
26,,62,,457,417,368,Rayhati,36,36,0,0,127,52,75,0,69.33,village
26,,62,,457,425,,Kashimpur*,1482,1454,3,25,5556,2778,2778,0,100,mauza
26,,62,,457,425,208,Kashimpur,1372,1348,1,23,5036,2438,2598,0,93.84,village
26,,62,,457,425,268,Nawabganj,110,106,2,2,520,340,180,0,188.89,village
26,,62,,457,501,,Madhabpur*,597,596,0,1,2330,1038,1292,0,80.34,mauza
26,,62,,457,501,208,Khandakarhati,292,291,0,1,1170,521,649,0,80.28,village
26,,62,,457,501,248,Madhabpur,305,305,0,0,1160,517,643,0,80.4,village
26,,62,,457,618,,Pir Mamudia*,229,229,0,0,913,411,502,0,81.87,mauza
26,,62,,457,618,308,Pir Mamudia (Bara Rajapurpara),229,229,0,0,913,411,502,0,81.87,village
26,,62,,457,687,,Rajarampur*,581,555,0,26,2094,1046,1048,0,99.81,mauza
26,,62,,457,687,308,Panalia,409,399,0,10,1513,746,767,0,97.26,village
26,,62,,457,687,348,Rajarampur,172,156,0,16,581,300,281,0,106.76,village
26,,62,,457,721,,Samsabad*,1090,1081,3,6,4108,2010,2098,0,95.81,mauza
26,,62,,457,721,308,Pashchim Samsabad,433,427,1,5,1697,855,842,0,101.54,village
26,,62,,457,721,316,Purba Samsabad,657,654,2,1,2411,1155,1256,0,91.96,village
26,,62,,549,,,Nayansree Union,7698,7648,5,45,29832,13390,16440,2,81.45,union_ward
26,,62,,549,,,Rural,7698,7648,5,45,29832,13390,16440,2,81.45,union_ward
26,,62,,549,,,Urban,0,0,0,0,0,0,0,0,0,union_ward
26,,62,,549,82,,Bara Tasulya*,309,307,0,2,1161,534,627,0,85.17,mauza
26,,62,,549,82,28,Bara Tasulya,309,307,0,2,1161,534,627,0,85.17,village
26,,62,,549,93,,Bhawadubi*,321,321,0,0,1188,512,676,0,75.74,mauza
26,,62,,549,93,28,Bhawadubi,321,321,0,0,1188,512,676,0,75.74,village
26,,62,,549,95,,Bil Palli*,550,547,0,3,2093,950,1142,1,83.19,mauza
26,,62,,549,95,28,Bil Palli,550,547,0,3,2093,950,1142,1,83.19,village
26,,62,,549,97,,Bipra Tasulya*,268,268,0,0,1179,552,627,0,88.04,mauza
26,,62,,549,97,28,Bipra Tasulya,198,198,0,0,927,446,481,0,92.72,village
26,,62,,549,97,48,Char Baguri,70,70,0,0,252,106,146,0,72.6,village
26,,62,,549,112,,Kagsur*,165,165,0,0,744,343,401,0,85.54,mauza
26,,62,,549,112,123,Chhota Tasulya,165,165,0,0,744,343,401,0,85.54,village
26,,62,,549,133,,Char Shailya*,128,128,0,0,493,211,281,1,75.09,mauza
26,,62,,549,133,48,Char Shailya,128,128,0,0,493,211,281,1,75.09,village
26,,62,,549,144,,Chhota Tasulya*,355,354,0,1,1406,669,737,0,90.77,mauza
26,,62,,549,144,48,Chhota Tasulya,355,354,0,1,1406,669,737,0,90.77,village
26,,62,,549,145,,Chuna Kathibil*,178,178,0,0,677,291,386,0,75.39,mauza
26,,62,,549,145,368,Sahebganj,178,178,0,0,677,291,386,0,75.39,village
26,,62,,549,180,,Deotala*,469,469,0,0,1689,731,958,0,76.3,mauza
26,,62,,549,180,68,Dari Deotala,114,114,0,0,409,174,235,0,74.04,village
26,,62,,549,180,76,Deotala,267,267,0,0,1023,450,573,0,78.53,village
26,,62,,549,180,308,Padrikanda,88,88,0,0,257,107,150,0,71.33,village
26,,62,,549,279,,Ghoshpara*,276,270,0,6,1289,659,630,0,104.6,mauza
26,,62,,549,279,128,Ghoshpara,276,270,0,6,1289,659,630,0,104.6,village
26,,62,,549,281,,Golla*,571,561,1,9,2034,872,1162,0,75.04,mauza
26,,62,,549,281,28,Bara Golla,110,108,1,1,421,186,235,0,79.15,village
26,,62,,549,281,48,Chhota Golla,135,133,0,2,387,160,227,0,70.48,village
26,,62,,549,281,208,Krishnanagar,101,96,0,5,393,162,231,0,70.13,village
26,,62,,549,281,216,Kumar Golla,117,117,0,0,413,184,229,0,80.35,village
26,,62,,549,281,248,Matabbartek,108,107,0,1,420,180,240,0,75,village
26,,62,,549,381,,Jamsha*,121,120,0,1,366,171,195,0,87.69,mauza
26,,62,,549,381,28,Bhurakhali,121,120,0,1,366,171,195,0,87.69,village
26,,62,,549,427,,Khagail*,102,100,0,2,417,185,232,0,79.74,mauza
26,,62,,549,427,308,Pashchim Shantinagar,102,100,0,2,417,185,232,0,79.74,village
26,,62,,549,429,,Khanepur*,453,453,0,0,1773,783,990,0,79.09,mauza
26,,62,,549,429,48,Chak Khanepur,151,151,0,0,623,277,346,0,80.06,village
26,,62,,549,429,208,Khanepur,302,302,0,0,1150,506,644,0,78.57,village
26,,62,,549,430,,Khanepur Kandi*,152,151,0,1,660,301,359,0,83.84,mauza
26,,62,,549,430,208,Kanda Khanepur,152,151,0,1,660,301,359,0,83.84,village
26,,62,,549,469,,Lalsree*,175,175,0,0,634,274,360,0,76.11,mauza
26,,62,,549,469,208,Kashinagar,91,91,0,0,304,124,180,0,68.89,village
26,,62,,549,469,368,Shahajadpur,84,84,0,0,330,150,180,0,83.33,village
26,,62,,549,550,,Nayansree*,484,481,1,2,1886,850,1036,0,82.05,mauza
26,,62,,549,550,268,Nayansree,484,481,1,2,1886,850,1036,0,82.05,village
26,,62,,549,616,,Pashchim Shaytankathi*,113,113,0,0,400,160,240,0,66.67,mauza
26,,62,,549,616,308,Purba Shantinagar,113,113,0,0,400,160,240,0,66.67,village
26,,62,,549,621,,Purba Shaytankathi (Part)*,139,139,0,0,539,262,277,0,94.58,mauza
26,,62,,549,621,308,Purba Shantinagar,139,139,0,0,539,262,277,0,94.58,village
26,,62,,549,684,,Radhakantapur*,372,369,0,3,1423,626,797,0,78.54,mauza
26,,62,,549,684,348,Radhakantapur,372,369,0,3,1423,626,797,0,78.54,village
26,,62,,549,685,,Rahuthati*,171,169,0,2,648,277,371,0,74.66,mauza
26,,62,,549,685,348,Rahuthati,171,169,0,2,648,277,371,0,74.66,village
26,,62,,549,722,,Sapleja*,92,92,0,0,383,188,195,0,96.41,mauza
26,,62,,549,722,368,Sapleja,92,92,0,0,383,188,195,0,96.41,village
26,,62,,549,723,,Shailya*,288,288,0,0,1023,421,602,0,69.93,mauza
26,,62,,549,723,368,Shailya,288,288,0,0,1023,421,602,0,69.93,village
26,,62,,549,726,,Sherpur (Part)*,217,217,0,0,849,367,482,0,76.14,mauza
26,,62,,549,726,28,Bakchar,217,217,0,0,849,367,482,0,76.14,village
26,,62,,549,773,,Tuintal*,845,832,2,11,3272,1445,1827,0,79.09,mauza
26,,62,,549,773,46,Afjalnagar,81,78,0,3,317,144,173,0,83.24,village
26,,62,,549,773,48,Char Tuintal,144,143,1,0,561,248,313,0,79.23,village
26,,62,,549,773,268,Natun Tuintal,88,84,1,3,401,193,208,0,92.79,village
26,,62,,549,773,388,Tuintal,532,527,0,5,1993,860,1133,0,75.9,village
26,,62,,549,807,,Uttar Bahra*,384,381,1,2,1606,756,850,0,88.94,mauza
26,,62,,549,807,268,Nabinagar,99,98,0,1,337,144,193,0,74.61,village
26,,62,,549,807,408,Uttar Bahra,285,283,1,1,1269,612,657,0,93.15,village
26,,62,,715,,,Shikaripara Union,5068,4987,0,81,18974,8658,10316,0,83.93,union_ward
26,,62,,715,,,Rural,5068,4987,0,81,18974,8658,10316,0,83.93,union_ward
26,,62,,715,,,Urban,0,0,0,0,0,0,0,0,0,union_ward
26,,62,,715,98,,Bishampur*,292,287,0,5,1011,469,542,0,86.53,mauza
26,,62,,715,98,28,Bishampur,292,287,0,5,1011,469,542,0,86.53,village
26,,62,,715,131,,Char Baguri*,25,25,0,0,84,40,44,0,90.91,mauza
26,,62,,715,131,48,Char Baguri,25,25,0,0,84,40,44,0,90.91,village
26,,62,,715,276,,Gangadia*,185,184,0,1,713,325,388,0,83.76,mauza
26,,62,,715,276,128,Gangadia,185,184,0,1,713,325,388,0,83.76,village
26,,62,,715,312,,Hagradi*,443,440,0,3,1801,838,963,0,87.02,mauza
26,,62,,715,312,148,Hagradi,385,383,0,2,1567,717,850,0,84.35,village
26,,62,,715,312,268,Narasinghapur,58,57,0,1,234,121,113,0,107.08,village
26,,62,,715,503,,Maheshpur*,125,123,0,2,476,209,267,0,78.28,mauza
26,,62,,715,503,248,Maheshpur,125,123,0,2,476,209,267,0,78.28,village
26,,62,,715,509,,Manikanda*,523,518,0,5,1915,902,1013,0,89.04,mauza
26,,62,,715,509,57,Anandanagar,165,165,0,0,606,275,331,0,83.08,village
26,,62,,715,509,248,Manikanda,358,353,0,5,1309,627,682,0,91.94,village
26,,62,,715,551,,Nurpurpatti*,290,283,0,7,997,454,543,0,83.61,mauza
26,,62,,715,551,28,Bhadrakanda,90,84,0,6,305,151,154,0,98.05,village
26,,62,,715,551,268,Natti,93,93,0,0,298,140,158,0,88.61,village
26,,62,,715,551,276,Nurpur,82,81,0,1,292,121,171,0,70.76,village
26,,62,,715,551,368,Sonargaon,25,25,0,0,102,42,60,0,70,village
26,,62,,715,613,,Panjiprahari*,960,956,0,4,3779,1711,2068,0,82.74,mauza
26,,62,,715,613,28,Baktarnagar,396,396,0,0,1590,734,856,0,85.75,village
26,,62,,715,613,128,Garibpur,254,250,0,4,1002,459,543,0,84.53,village
26,,62,,715,613,308,Panjiprahari,310,310,0,0,1187,518,669,0,77.43,village
26,,62,,715,726,,Sherpur (Part)*,256,253,0,3,895,383,512,0,74.8,mauza
26,,62,,715,726,268,Nayadangi,81,80,0,1,277,115,162,0,70.99,village
26,,62,,715,726,368,Sherpur,175,173,0,2,618,268,350,0,76.57,village
26,,62,,715,727,,Shibpur*,135,132,0,3,511,237,274,0,86.5,mauza
26,,62,,715,727,368,Shibpur,135,132,0,3,511,237,274,0,86.5,village
26,,62,,715,728,,Shikaripara*,922,889,0,33,3312,1509,1803,0,83.69,mauza
26,,62,,715,728,208,Kandarpapur,167,167,0,0,526,231,295,0,78.31,village
26,,62,,715,728,228,Laskarkanda,189,185,0,4,778,376,402,0,93.53,village
26,,62,,715,728,368,Shikaripara,566,537,0,29,2008,902,1106,0,81.56,village
26,,62,,715,735,,Sonatala*,220,218,0,2,808,375,433,0,86.61,mauza
26,,62,,715,735,48,Char Sonatala,110,108,0,2,409,186,223,0,83.41,village
26,,62,,715,735,368,Sonatala,110,110,0,0,399,189,210,0,90,village
26,,62,,715,736,,Sujapur*,692,679,0,13,2672,1206,1466,0,82.26,mauza
26,,62,,715,736,68,Daudpur,248,238,0,10,1011,471,540,0,87.22,village
26,,62,,715,736,268,Narayanpur,198,198,0,0,750,328,422,0,77.73,village
26,,62,,715,736,368,Sujapur,246,243,0,3,911,407,504,0,80.75,village
26,,62,,724,,,Sholla Union,10895,10849,5,41,42719,20100,22613,6,88.89,union_ward
26,,62,,724,,,Rural,10895,10849,5,41,42719,20100,22613,6,88.89,union_ward
26,,62,,724,,,Urban,0,0,0,0,0,0,0,0,0,union_ward
26,,62,,724,33,,Ajgara*,123,123,0,0,506,253,253,0,100,mauza
26,,62,,724,33,52,Ajgara,123,123,0,0,506,253,253,0,100,village
26,,62,,724,36,,Aona*,804,801,0,3,2941,1361,1580,0,86.14,mauza
26,,62,,724,36,48,Chak Aona,158,156,0,2,566,263,303,0,86.8,village
26,,62,,724,36,56,Chak Matabpur,221,221,0,0,738,385,353,0,109.07,village
26,,62,,724,36,58,Aona,264,264,0,0,996,433,563,0,76.91,village
26,,62,,724,36,148,Hayatkanda,161,160,0,1,641,280,361,0,77.56,village
26,,62,,724,71,,Balukhanda*,1745,1741,2,2,7136,3361,3775,0,89.03,mauza
26,,62,,724,71,65,Atkahania,332,331,1,0,1417,701,716,0,97.91,village
26,,62,,724,71,68,Dakkhin Balukhanda,655,654,1,0,2614,1196,1418,0,84.34,village
26,,62,,724,71,76,Dudhghata,248,248,0,0,1011,471,540,0,87.22,village
26,,62,,724,71,408,Uttar Balukhanda,510,508,0,2,2094,993,1101,0,90.19,village
26,,62,,724,178,,Dattakhanda*,706,703,0,3,2718,1272,1446,0,87.97,mauza
26,,62,,724,178,68,Dattakhanda,706,703,0,3,2718,1272,1446,0,87.97,village
26,,62,,724,431,,Khatia*,1056,1040,1,15,3932,1929,2001,2,96.4,mauza
26,,62,,724,431,208,Khatia,607,600,0,7,2305,1071,1234,0,86.79,village
26,,62,,724,431,216,Khatia Majhpara,259,250,1,8,1004,545,457,2,119.26,village
26,,62,,724,431,348,Ruparchar,190,190,0,0,623,313,310,0,100.97,village
26,,62,,724,434,,Konda*,258,257,0,1,1015,474,541,0,87.62,mauza
26,,62,,724,434,208,Kartikpur,103,103,0,0,395,190,205,0,92.68,village
26,,62,,724,434,216,Konda,155,154,0,1,620,284,336,0,84.52,village
26,,62,,724,437,,Kumulli*,229,228,0,1,986,527,459,0,114.81,mauza
26,,62,,724,437,208,Kumulli,229,228,0,1,986,527,459,0,114.81,village
26,,62,,724,504,,Mahishdia*,285,285,0,0,1153,524,629,0,83.31,mauza
26,,62,,724,504,248,Mahishdia,285,285,0,0,1153,524,629,0,83.31,village
26,,62,,724,617,,Patiljhap*,922,920,0,2,3556,1627,1929,0,84.34,mauza
26,,62,,724,617,28,Baishnal,203,202,0,1,769,370,399,0,92.73,village
26,,62,,724,617,308,Patiljhap,403,402,0,1,1538,693,845,0,82.01,village
26,,62,,724,617,368,Sholanagar,316,316,0,0,1249,564,685,0,82.34,village
26,,62,,724,729,,Sholla*,976,975,0,1,4086,1991,2095,0,95.04,mauza
26,,62,,724,729,28,Boali,165,165,0,0,798,425,373,0,113.94,village
26,,62,,724,729,68,Dakkhin Sholla,226,225,0,1,994,488,506,0,96.44,village
26,,62,,724,729,368,Sholla,585,585,0,0,2294,1078,1216,0,88.65,village
26,,62,,724,731,,Singhara*,1879,1873,0,6,7428,3438,3990,0,86.17,mauza
26,,62,,724,731,41,Abdani,123,121,0,2,462,209,253,0,82.61,village
26,,62,,724,731,48,Chak Singhara,303,301,0,2,1199,552,647,0,85.32,village
26,,62,,724,731,56,Chakoria,300,299,0,1,1206,545,661,0,82.45,village
26,,62,,724,731,64,Chandrakhola Nayahati,238,238,0,0,848,351,497,0,70.62,village
26,,62,,724,731,188,Jhanjhania,163,163,0,0,716,346,370,0,93.51,village
26,,62,,724,731,308,Parashura,227,226,0,1,901,420,481,0,87.32,village
26,,62,,724,731,368,Singhara,525,525,0,0,2096,1015,1081,0,93.89,village
26,,62,,724,732,,Singjor*,1066,1062,0,4,3936,1825,2107,4,86.62,mauza
26,,62,,724,732,48,Chak Singjor,123,123,0,0,453,211,242,0,87.19,village
26,,62,,724,732,368,Singjor,703,702,0,1,2557,1192,1365,0,87.33,village
26,,62,,724,732,376,Sonapur,240,237,0,3,926,422,500,4,84.4,village
26,,62,,724,804,,Ulail*,846,841,2,3,3326,1518,1808,0,83.96,mauza
26,,62,,724,804,248,Madanmohanpur,412,411,0,1,1571,729,842,0,86.58,village
26,,62,,724,804,368,Sultanpur,141,141,0,0,574,261,313,0,83.39,village
26,,62,,724,804,408,Ulail,293,289,2,2,1181,528,653,0,80.86,village
26,,72,,,,,Savar Upazila,742699,710931,599,31169,2311796,1215525,1096087,184,110.9,upazila_thana
26,,72,,,,,Rural,550814,527112,372,23330,1695279,892219,802889,171,111.13,upazila_thana
26,,72,,,,,Urban,191885,183819,227,7839,616517,323306,293198,13,110.27,upazila_thana
26,,72,80,,,,Savar Paurashava,113484,108832,122,4530,384105,198719,185374,12,107.2,paurashava
26,,72,80,1,,,Ward No. 01,13289,13151,9,129,46144,23272,22872,0,101.75,union_ward
26,,72,80,1,33,,Amarpur*,620,620,0,0,2757,1334,1423,0,93.75,mauza
26,,72,80,1,33,56,Amarpur,404,404,0,0,1625,781,844,0,92.54,village
26,,72,80,1,33,308,Porabari,216,216,0,0,1132,553,579,0,95.51,village
26,,72,80,1,66,,Badda (Part)*,4453,4414,1,38,14079,7098,6981,0,101.68,mauza
26,,72,80,1,66,28,Badda Bhatpara,2042,2030,0,12,6576,3287,3289,0,99.94,village
26,,72,80,1,66,30,Badda Uttar-C,2289,2262,1,26,7112,3625,3487,0,103.96,village
26,,72,80,1,66,208,Kazir Chanda -A,122,122,0,0,391,186,205,0,90.73,village
26,,72,80,1,97,,Bhatpara*,3154,3098,4,52,11014,5644,5370,0,105.1,mauza
26,,72,80,1,97,36,Bhatpara,3154,3098,4,52,11014,5644,5370,0,105.1,village
26,,72,80,1,183,,Dakkhin Baktarpur (Part)*,351,347,0,4,1367,700,667,0,104.95,mauza
26,,72,80,1,183,28,Baktarpur Uttar-B,351,347,0,4,1367,700,667,0,104.95,village
26,,72,80,1,400,,Jamsing*,2737,2711,2,24,10221,5040,5181,0,97.28,mauza
26,,72,80,1,400,188,Jamsing,2635,2609,2,24,9852,4868,4984,0,97.67,village
26,,72,80,1,400,388,Teuty,102,102,0,0,369,172,197,0,87.31,village
26,,72,80,1,441,,Dakkhin Kanchanpur*,350,349,0,1,1381,681,700,0,97.29,mauza
26,,72,80,1,441,208,Kanchanpur,350,349,0,1,1381,681,700,0,97.29,village
26,,72,80,1,558,,Nayabari*,1119,1114,0,5,3377,1748,1629,0,107.31,mauza
26,,72,80,1,558,268,Nayabari,1119,1114,0,5,3377,1748,1629,0,107.31,village
26,,72,80,1,693,,Raribari (Part)*,505,498,2,5,1948,1027,921,0,111.51,mauza
26,,72,80,1,693,348,Raribari -A,505,498,2,5,1948,1027,921,0,111.51,village
26,,72,80,2,,,Ward No. 02,6211,5939,4,268,22363,11278,11084,1,101.75,union_ward
26,,72,80,2,35,,Arapara*,2873,2816,2,55,10088,4972,5115,1,97.2,mauza
26,,72,80,2,35,63,Arapara,653,632,0,21,2167,1086,1081,0,100.46,village
26,,72,80,2,35,208,Kazir Chandra-B,1710,1681,2,27,5903,2901,3001,1,96.67,village
26,,72,80,2,35,368,Sutar Noadda,510,503,0,7,2018,985,1033,0,95.35,village
26,,72,80,2,183,,Dakkhin Baktarpur (Part)*,1628,1532,0,96,5872,2943,2929,0,100.48,mauza
26,,72,80,2,183,68,Dakkhin Baktarpur,1628,1532,0,96,5872,2943,2929,0,100.48,village
26,,72,80,2,732,,Savar (Part)*,1710,1591,2,117,6403,3363,3040,0,110.63,mauza
26,,72,80,2,732,392,Savar Uttar Bazar-C,472,395,0,77,1633,911,722,0,126.18,village
26,,72,80,2,732,400,Savar Uttarpara,1238,1196,2,40,4770,2452,2318,0,105.78,village
26,,72,80,3,,,Ward No. 03,11231,10713,12,506,38830,20226,18602,2,108.73,union_ward
26,,72,80,3,67,,Badda (Part)*,7282,6897,6,379,24670,12857,11811,2,108.86,mauza
26,,72,80,3,67,28,Binodbaid,2796,2666,2,128,9507,4957,4548,2,108.99,village
26,,72,80,3,67,68,Dakkhin Badda,3686,3501,3,182,12230,6294,5936,0,106.03,village
26,,72,80,3,67,348,Rajar Noadda (Malancha),800,730,1,69,2933,1606,1327,0,121.02,village
26,,72,80,3,399,,Jaleshwar*,3949,3816,6,127,14160,7369,6791,0,108.51,mauza
26,,72,80,3,399,188,Jaleshwar,3949,3816,6,127,14160,7369,6791,0,108.51,village
26,,72,80,4,,,Ward No. 04,4181,4122,1,58,16312,8135,8177,0,99.49,union_ward
26,,72,80,4,732,,Savar (Part)*,4181,4122,1,58,16312,8135,8177,0,99.49,mauza
26,,72,80,4,732,128,Goshpara,308,302,0,6,1287,633,654,0,96.79,village
26,,72,80,4,732,208,Kazi Mokmapara,1473,1455,0,18,5588,2762,2826,0,97.74,village
26,,72,80,4,732,368,Savar Bazar - Def,970,952,0,18,3588,1809,1779,0,101.69,village
26,,72,80,4,732,376,Savar Dakkhinpara,1016,1004,1,11,4275,2127,2148,0,99.02,village
26,,72,80,4,732,384,Savar Madhyapara,201,198,0,3,734,376,358,0,105.03,village
26,,72,80,4,732,409,Kabirajpara,213,211,0,2,840,428,412,0,103.88,village
26,,72,80,5,,,Ward No. 05,9349,8992,12,345,35377,18329,17048,0,107.51,union_ward
26,,72,80,5,78,,Bara Balimehar (Part)*,1860,1782,1,77,6391,3220,3171,0,101.55,mauza
26,,72,80,5,78,408,Uttar Talbag,1860,1782,1,77,6391,3220,3171,0,101.55,village
26,,72,80,5,145,,Chhota Balimeher*,7489,7210,11,268,28986,15109,13877,0,108.88,mauza
26,,72,80,5,145,28,Bank Colony,6742,6559,10,173,26164,13773,12391,0,111.15,village
26,,72,80,5,145,308,Palpara,201,199,0,2,772,374,398,0,93.97,village
26,,72,80,5,145,316,Parbatinagar,546,452,1,93,2050,962,1088,0,88.42,village
26,,72,80,6,,,Ward No. 06,23092,21531,10,1551,70257,37272,32984,1,113,union_ward
26,,72,80,6,79,,Bara Balimeher (Part)*,2625,2486,0,139,8652,4429,4222,1,104.9,mauza
26,,72,80,6,79,68,Dakkhin Talbag,2625,2486,0,139,8652,4429,4222,1,104.9,village
26,,72,80,6,85,,Baraigram (Part)*,1110,988,1,121,3066,1654,1412,0,117.14,mauza
26,,72,80,6,85,28,Baraigram,1110,988,1,121,3066,1654,1412,0,117.14,village
26,,72,80,6,185,,Dakkhin Dariapur*,7869,7350,3,516,25412,13503,11909,0,113.38,mauza
26,,72,80,6,185,36,Bhagalpur,1896,1865,1,30,6332,3201,3131,0,102.24,village
26,,72,80,6,185,68,Dakkhin Dariapur,2437,2361,1,75,7606,3979,3627,0,109.7,village
26,,72,80,6,185,348,Rajabari,3190,2805,1,384,10342,5725,4617,0,124,village
26,,72,80,6,185,388,Tarapur Saopara,346,319,0,27,1132,598,534,0,111.99,village
26,,72,80,6,444,,Karnapara*,6551,6067,2,482,18057,9721,8336,0,116.61,mauza
26,,72,80,6,444,208,Karnapara,6037,5768,2,267,16722,8814,7908,0,111.46,village
26,,72,80,6,444,408,Ulail,514,299,0,215,1335,907,428,0,211.92,village
26,,72,80,6,445,,Katlapur*,4317,4060,4,253,13162,6954,6208,0,112.02,mauza
26,,72,80,6,445,208,Katlapur,4317,4060,4,253,13162,6954,6208,0,112.02,village
26,,72,80,6,736,,Sherpur*,620,580,0,40,1908,1011,897,0,112.71,mauza
26,,72,80,6,736,208,Khalitakhali,187,155,0,32,605,347,258,0,134.5,village
26,,72,80,6,736,368,Sherpur,433,425,0,8,1303,664,639,0,103.91,village
26,,72,80,7,,,Ward No. 07,19820,18809,44,967,69213,36092,33113,8,109,union_ward
26,,72,80,7,30,,Aich Noadda*,3661,3498,13,150,14360,7484,6876,0,108.84,mauza
26,,72,80,7,30,50,Aich Noadda Shahibag,3661,3498,13,150,14360,7484,6876,0,108.84,village
26,,72,80,7,182,,Dagarmora*,5616,5242,11,363,19937,10100,9829,8,102.76,mauza
26,,72,80,7,182,68,Dagarmora,4881,4620,3,258,17253,8889,8356,8,106.38,village
26,,72,80,7,182,348,Radio Colony,735,622,8,105,2684,1211,1473,0,82.21,village
26,,72,80,7,369,,Imandipur*,4327,4183,4,140,14739,7622,7117,0,107.1,mauza
26,,72,80,7,369,168,Imandipur,4327,4183,4,140,14739,7622,7117,0,107.1,village
26,,72,80,7,516,,Majidpur*,5388,5136,12,240,17263,9348,7915,0,118.1,mauza
26,,72,80,7,516,248,Majidpur,5388,5136,12,240,17263,9348,7915,0,118.1,village
26,,72,80,7,775,,Tatti*,828,750,4,74,2914,1538,1376,0,111.77,mauza
26,,72,80,7,775,388,Tatti Dilkhoshabag,828,750,4,74,2914,1538,1376,0,111.77,village
26,,72,80,8,,,Ward No. 08,11308,11142,16,150,38771,19579,19192,0,102.02,union_ward
26,,72,80,8,691,,Rajasan*,11308,11142,16,150,38771,19579,19192,0,102.02,mauza
26,,72,80,8,691,128,Ghasmahal,627,626,0,1,2101,1063,1038,0,102.41,village
26,,72,80,8,691,248,Mollapara,115,114,0,1,359,174,185,0,94.05,village
26,,72,80,8,691,348,Rajasan,10566,10402,16,148,36311,18342,17969,0,102.08,village
26,,72,80,9,,,Ward No. 09,15003,14433,14,556,46838,24536,22302,0,110.02,union_ward
26,,72,80,9,34,,Anandapur*,3664,3506,3,155,12070,6300,5770,0,109.19,mauza
26,,72,80,9,34,57,Anandapur,2880,2739,2,139,9532,5027,4505,0,111.59,village
26,,72,80,9,34,368,Sarkarbari,194,194,0,0,701,352,349,0,100.86,village
26,,72,80,9,34,388,Tiabari,590,573,1,16,1837,921,916,0,100.55,village
26,,72,80,9,190,,Dakkhin Ramchandrapur (Part)*,1922,1812,3,107,6903,3594,3309,0,108.61,mauza
26,,72,80,9,190,28,Bank Town,1922,1812,3,107,6903,3594,3309,0,108.61,village
26,,72,80,9,301,,Genda (Part)*,9130,8850,7,273,26904,14135,12769,0,110.7,mauza
26,,72,80,9,301,128,Genda,9130,8850,7,273,26904,14135,12769,0,110.7,village
26,,72,80,9,302,,Gerda*,19,16,1,2,72,44,28,0,157.14,mauza
26,,72,80,9,302,128,Gerda,19,16,1,2,72,44,28,0,157.14,village
26,,72,80,9,628,,Purba Bhabanipur*,268,249,0,19,889,463,426,0,108.69,mauza
26,,72,80,9,628,308,Purba Bhabanipur,268,249,0,19,889,463,426,0,108.69,village
26,,72,,109,,,Amin Bazar Union,12954,12344,22,588,47588,25487,22096,5,115.35,union_ward
26,,72,,109,,,Rural,12954,12344,22,588,47588,25487,22096,5,115.35,union_ward
26,,72,,109,,,Urban,0,0,0,0,0,0,0,0,0,union_ward
26,,72,,109,80,,Bara Baradeshi*,4870,4662,7,201,16191,8490,7698,3,110.29,mauza
26,,72,,109,80,308,Pashchim Baradeshi,1793,1693,3,97,6298,3318,2979,1,111.38,village
26,,72,,109,80,316,Purba Baradeshi,3077,2969,4,104,9893,5172,4719,2,109.6,village
26,,72,,109,92,,Begunbari*,6706,6385,10,311,25084,13102,11980,2,109.37,mauza
26,,72,,109,92,28,Binodbari,454,449,1,4,1698,859,839,0,102.38,village
26,,72,,109,92,48,Chandranarayanpur,132,121,0,11,507,253,254,0,99.61,village
26,,72,,109,92,68,Dewanbari,180,174,0,6,644,321,323,0,99.38,village
26,,72,,109,92,76,Dhobarai,589,582,1,6,2215,1105,1110,0,99.55,village
26,,72,,109,92,128,Gopalpur,117,112,0,5,451,229,222,0,103.15,village
26,,72,,109,92,148,Hijla,1298,1244,0,54,4888,2562,2326,0,110.15,village
26,,72,,109,92,248,Mamdhi Mridhartek,197,191,0,6,627,350,277,0,126.35,village
26,,72,,109,92,256,Maniknagar,350,327,1,22,1265,680,584,1,116.44,village
26,,72,,109,92,264,Marichartek,224,222,0,2,904,449,455,0,98.68,village
26,,72,,109,92,268,Narasinghapur,219,217,0,2,861,411,450,0,91.33,village
26,,72,,109,92,308,Panchgachhia,264,261,1,2,1161,670,490,1,136.73,village
26,,72,,109,92,316,Pashchim Begunbari,1215,1125,2,88,4476,2427,2049,0,118.45,village
26,,72,,109,92,324,Purba Begunbari,882,832,1,49,3177,1635,1542,0,106.03,village
26,,72,,109,92,368,Shibpur,273,259,2,12,1083,508,575,0,88.35,village
26,,72,,109,92,376,Sujanagar,312,269,1,42,1127,643,484,0,132.85,village
26,,72,,109,728,,Salepur*,1378,1297,5,76,6313,3895,2418,0,161.08,mauza
26,,72,,109,728,48,Chanpur,369,356,4,9,2733,1997,736,0,271.33,village
26,,72,,109,728,368,Salepur,1009,941,1,67,3580,1898,1682,0,112.84,village
26,,72,,118,,,Ashulia Union,109253,102435,68,6750,317117,169412,147685,20,114.71,union_ward
26,,72,,118,,,Rural,84727,79934,50,4743,245509,131153,114336,20,114.71,union_ward
26,,72,,118,,,Urban,24526,22501,18,2007,71608,38259,33349,0,114.72,union_ward
26,,72,,118,37,,Aukpara*,6082,5819,6,257,18315,9700,8615,0,112.59,mauza
26,,72,,118,37,16,Aukpara Adarshagram,1470,1454,0,16,4456,2314,2142,0,108.03,village
26,,72,,118,37,67,Aukpara,4612,4365,6,241,13859,7386,6473,0,114.1,village
26,,72,,118,77,,Bara Ashulia*,24526,22501,18,2007,71608,38259,33349,0,114.72,mauza
26,,72,,118,77,8,Ashulia,16160,15020,13,1127,48519,25633,22886,0,112,village
26,,72,,118,77,388,Tangabari (Part-4),8366,7481,5,880,23089,12626,10463,0,120.67,village
26,,72,,118,82,,Bara Paragaon*,3540,3299,2,239,11565,6206,5359,0,115.81,mauza
26,,72,,118,82,268,Nayapara,347,346,0,1,1164,561,603,0,93.03,village
26,,72,,118,82,308,Paragram,2895,2680,2,213,9335,5126,4209,0,121.79,village
26,,72,,118,82,368,Sheolateki,298,273,0,25,1066,519,547,0,94.88,village
26,,72,,118,83,,Bara Rangamatia*,15806,15304,11,491,41899,22616,19283,0,117.28,mauza
26,,72,,118,83,68,Durgapur (Part),13954,13570,10,374,36808,19948,16860,0,118.32,village
26,,72,,118,83,348,Rangamatia,1852,1734,1,117,5091,2668,2423,0,110.11,village
26,,72,,118,90,,Basaid*,10533,10102,8,423,32139,17363,14772,4,117.54,mauza
26,,72,,118,90,28,Basaid,2009,1957,2,50,5678,3046,2632,0,115.73,village
26,,72,,118,90,48,Charabag,3491,3197,4,290,10954,6253,4697,4,133.13,village
26,,72,,118,90,63,Aragaon,747,744,2,1,2671,1416,1255,0,112.83,village
26,,72,,118,90,68,Dosaid,1759,1721,0,38,5733,2999,2734,0,109.69,village
26,,72,,118,90,208,Kumkumari,2527,2483,0,44,7103,3649,3454,0,105.65,village
26,,72,,118,93,,Belma*,1478,1440,0,38,3986,2147,1834,5,117.07,mauza
26,,72,,118,93,28,Belma,852,829,0,23,2326,1267,1057,2,119.87,village
26,,72,,118,93,188,Jaharchhanda,626,611,0,15,1660,880,777,3,113.26,village
26,,72,,118,140,,Changaon*,3487,3258,0,229,9619,5300,4319,0,122.71,mauza
26,,72,,118,140,48,Changaon,3487,3258,0,229,9619,5300,4319,0,122.71,village
26,,72,,118,202,,Dhalpur (Part)*,3689,3661,4,24,11069,5758,5311,0,108.42,mauza
26,,72,,118,202,68,Dhalpur,3689,3661,4,24,11069,5758,5311,0,108.42,village
26,,72,,118,205,,Dhananjoypur*,19755,18211,5,1539,57087,29596,27491,0,107.66,mauza
26,,72,,118,205,208,Kandail,3951,3932,3,16,11609,5990,5619,0,106.6,village
26,,72,,118,205,216,Kathgara,14382,12866,2,1514,40963,21318,19645,0,108.52,village
26,,72,,118,205,268,Nayapara,1422,1413,0,9,4515,2288,2227,0,102.74,village
26,,72,,118,308,,Gouripur*,9573,8536,7,1030,27611,14976,12631,4,118.57,mauza
26,,72,,118,308,128,Gouripur,9573,8536,7,1030,27611,14976,12631,4,118.57,village
26,,72,,118,456,,Kuturia (Part)*,4457,4300,1,156,12746,6670,6076,0,109.78,mauza
26,,72,,118,456,208,Kuturia,4457,4300,1,156,12746,6670,6076,0,109.78,village
26,,72,,118,519,,Mirer Changaon*,889,753,4,132,3696,2520,1176,0,214.29,mauza
26,,72,,118,519,248,Mirer Changaon,889,753,4,132,3696,2520,1176,0,214.29,village
26,,72,,118,631,,Purba Sadarpur*,358,324,0,34,1194,660,534,0,123.6,mauza
26,,72,,118,631,308,Purba Sadarpur,358,324,0,34,1194,660,534,0,123.6,village
26,,72,,118,695,,Rustampur*,596,588,1,7,2003,1050,953,0,110.18,mauza
26,,72,,118,695,28,Binodpur,418,411,1,6,1393,747,646,0,115.63,village
26,,72,,118,695,348,Rustampur,178,177,0,1,610,303,307,0,98.7,village
26,,72,,118,725,,Sadhupara*,1102,1061,0,41,3037,1579,1458,0,108.3,mauza
26,,72,,118,725,368,Sadhupara,1102,1061,0,41,3037,1579,1458,0,108.3,village
26,,72,,118,740,,Sreekhandia*,2149,2115,1,33,6175,3240,2935,0,110.39,mauza
26,,72,,118,740,368,Sreekhandia,2149,2115,1,33,6175,3240,2935,0,110.39,village
26,,72,,118,742,,Sujabad*,1233,1163,0,70,3368,1772,1589,7,111.52,mauza
26,,72,,118,742,368,Sujabad,1233,1163,0,70,3368,1772,1589,7,111.52,village
26,,72,,144,,,Bangaon Union,11320,11206,10,104,40136,20787,19349,0,107.43,union_ward
26,,72,,144,,,Rural,11320,11206,10,104,40136,20787,19349,0,107.43,union_ward
26,,72,,144,,,Urban,0,0,0,0,0,0,0,0,0,union_ward
26,,72,,144,74,,Baliarpur*,867,839,6,22,2995,1672,1323,0,126.38,mauza
26,,72,,144,74,28,Baliarpur,867,839,6,22,2995,1672,1323,0,126.38,village
26,,72,,144,75,,Banagram*,1043,1041,0,2,4243,2176,2067,0,105.27,mauza
26,,72,,144,75,28,Banagram,373,373,0,0,1512,754,758,0,99.47,village
26,,72,,144,75,308,Panch Banagram,599,598,0,1,2428,1256,1172,0,107.17,village
26,,72,,144,75,348,Raingertek,71,70,0,1,303,166,137,0,121.17,village
26,,72,,144,100,,Bil Baghil*,37,37,0,0,152,75,77,0,97.4,mauza
26,,72,,144,100,28,Bil Baghil,37,37,0,0,152,75,77,0,97.4,village
26,,72,,144,136,,Chakulia*,573,564,0,9,2079,1056,1023,0,103.23,mauza
26,,72,,144,136,48,Chakulia,573,564,0,9,2079,1056,1023,0,103.23,village
26,,72,,144,137,,Chandpara*,9,9,0,0,40,23,17,0,135.29,mauza
26,,72,,144,137,48,Chandpara,9,9,0,0,40,23,17,0,135.29,village
26,,72,,144,299,,Gandharia*,767,760,0,7,2455,1271,1184,0,107.35,mauza
26,,72,,144,299,128,Gandharia,767,760,0,7,2455,1271,1184,0,107.35,village
26,,72,,144,442,,Kandi Baliarpur*,964,951,0,13,3160,1617,1543,0,104.8,mauza
26,,72,,144,442,208,Kandi Baliarpur,964,951,0,13,3160,1617,1543,0,104.8,village
26,,72,,144,450,,Konda*,5010,4968,3,39,17583,9115,8468,0,107.64,mauza
26,,72,,144,450,28,Beraid,762,757,1,4,2429,1257,1172,0,107.25,village
26,,72,,144,450,70,Baliaghata,105,105,0,0,302,171,131,0,130.53,village
26,,72,,144,450,236,Khatrapara(Part),321,320,1,0,1039,542,497,0,109.05,village
26,,72,,144,450,268,Nagar Konda,3822,3786,1,35,13813,7145,6668,0,107.15,village
26,,72,,144,559,,Nikrail*,424,424,0,0,1477,749,728,0,102.88,mauza
26,,72,,144,559,268,Nikrail,424,424,0,0,1477,749,728,0,102.88,village
26,,72,,144,724,,Sadhapur*,1626,1613,1,12,5952,3033,2919,0,103.91,mauza
26,,72,,144,724,368,Sadhapur,1626,1613,1,12,5952,3033,2919,0,103.91,village
26,,72,,153,,,Bhakurta Union,14456,14205,35,216,58298,29983,28314,1,105.89,union_ward
26,,72,,153,,,Rural,14456,14205,35,216,58298,29983,28314,1,105.89,union_ward
26,,72,,153,,,Urban,0,0,0,0,0,0,0,0,0,union_ward
26,,72,,153,89,,Bartail*,337,336,0,1,1218,633,585,0,108.21,mauza
26,,72,,153,89,68,Dakkhin Jhauchar,337,336,0,1,1218,633,585,0,108.21,village
26,,72,,153,94,,Bhakurta*,2221,2195,4,22,9094,4623,4471,0,103.4,mauza
26,,72,,153,94,28,Bhakurta,491,488,0,3,1970,949,1021,0,92.95,village
26,,72,,153,94,148,Hindu Bhakurta,901,886,3,12,3840,1997,1843,0,108.36,village
26,,72,,153,94,208,Kandi Bhakurta,829,821,1,7,3284,1677,1607,0,104.36,village
26,,72,,153,133,,Chaira*,1528,1508,2,18,5804,2959,2845,0,104.01,mauza
26,,72,,153,133,48,Chaira,802,789,1,12,3171,1652,1519,0,108.76,village
26,,72,,153,133,208,Khaguria,726,719,1,6,2633,1307,1326,0,98.57,village
26,,72,,153,153,,Chunarchar*,1441,1430,6,5,5838,3064,2774,0,110.45,mauza
26,,72,,153,153,48,Chunarchar,559,553,3,3,2373,1247,1126,0,110.75,village
26,,72,,153,153,68,Domrakanda,246,244,1,1,948,469,479,0,97.91,village
26,,72,,153,153,208,Kaisharchar,256,254,1,1,1084,611,473,0,129.18,village
26,,72,,153,153,268,Nalagaria,380,379,1,0,1433,737,696,0,105.89,village
26,,72,,153,338,,Haruria*,580,574,1,5,2168,1096,1072,0,102.24,mauza
26,,72,,153,338,148,Haruria,352,351,1,0,1336,676,660,0,102.42,village
26,,72,,153,338,268,Naliasur,228,223,0,5,832,420,412,0,101.94,village
26,,72,,153,522,,Mushurikhola*,2368,2350,3,15,8595,4406,4189,0,105.18,mauza
26,,72,,153,522,28,Baherchar,458,458,0,0,1734,903,831,0,108.66,village
26,,72,,153,522,48,Char Tulatali,224,223,0,1,733,390,343,0,113.7,village
26,,72,,153,522,56,Chhaglakandi,142,140,1,1,560,273,287,0,95.12,village
26,,72,,153,522,108,Firingikanda,881,876,0,5,3158,1582,1576,0,100.38,village
26,,72,,153,522,248,Mushurikhola,329,323,2,4,1183,635,548,0,115.88,village
26,,72,,153,522,268,Nander Khamar,87,87,0,0,318,162,156,0,103.85,village
26,,72,,153,522,368,Shollapara,21,21,0,0,69,32,37,0,86.49,village
26,,72,,153,522,388,Tulatali,226,222,0,4,840,429,411,0,104.38,village
26,,72,,153,618,,Pachuli*,644,633,0,11,2627,1362,1265,0,107.67,mauza
26,,72,,153,618,48,Chapra,276,274,0,2,1123,587,536,0,109.51,village
26,,72,,153,618,308,Purba Mograkanda,368,359,0,9,1504,775,729,0,106.31,village
26,,72,,153,738,,Shyamlapur*,4193,4081,14,98,17824,9296,8528,0,109.01,mauza
26,,72,,153,738,228,Luterchar,1006,980,7,19,4333,2281,2052,0,111.16,village
26,,72,,153,738,368,Shamlashi Totaliapara,253,242,1,10,1056,574,482,0,119.09,village
26,,72,,153,738,376,Shyamlashi Baherchar,1688,1628,4,56,7210,3762,3448,0,109.11,village
26,,72,,153,738,384,Shyamlashi Bharaliapara,455,445,1,9,1788,974,814,0,119.66,village
26,,72,,153,738,392,Shyamlashi Kalatiapara,791,786,1,4,3437,1705,1732,0,98.44,village
26,,72,,153,779,,Turag*,1144,1098,5,41,5130,2544,2585,1,98.41,mauza
26,,72,,153,779,308,Pashchim Mograkanda,1144,1098,5,41,5130,2544,2585,1,98.41,village
26,,72,,162,,,Birulia Union,18344,17451,43,850,69330,38110,31219,1,122.07,union_ward
26,,72,,162,,,Rural,18344,17451,43,850,69330,38110,31219,1,122.07,union_ward
26,,72,,162,,,Urban,0,0,0,0,0,0,0,0,0,union_ward
26,,72,,162,32,,Akran*,2139,2066,3,70,7459,3927,3532,0,111.18,mauza
26,,72,,162,32,53,Akran,2139,2066,3,70,7459,3927,3532,0,111.18,village
26,,72,,162,70,,Bagnibari*,1082,1072,2,8,4244,2274,1970,0,115.43,mauza
26,,72,,162,70,28,Bagnibari,1082,1072,2,8,4244,2274,1970,0,115.43,village
26,,72,,162,81,,Bara Kakar*,729,721,2,6,2991,1602,1389,0,115.33,mauza
26,,72,,162,81,208,Kakar,516,514,2,0,2176,1154,1022,0,112.92,village
26,,72,,162,81,216,Khewaghat,160,154,0,6,570,310,260,0,119.23,village
26,,72,,162,81,268,Nairadi,53,53,0,0,245,138,107,0,128.97,village
26,,72,,162,85,,Basutia*,84,81,0,3,293,152,141,0,107.8,mauza
26,,72,,162,85,29,Basutia,84,81,0,3,293,152,141,0,107.8,village
26,,72,,162,98,,Bhomka*,167,165,1,1,596,288,308,0,93.51,mauza
26,,72,,162,98,28,Bhomka,167,165,1,1,596,288,308,0,93.51,village
26,,72,,162,103,,Birulia*,423,419,0,4,1851,909,942,0,96.5,mauza
26,,72,,162,103,28,Birulia,423,419,0,4,1851,909,942,0,96.5,village
26,,72,,162,147,,Chhota Kaliakair*,886,861,1,24,2998,1566,1432,0,109.36,mauza
26,,72,,162,147,208,Kaliakair,771,746,1,24,2555,1342,1213,0,110.63,village
26,,72,,162,147,216,Kazipara,33,33,0,0,119,62,57,0,108.77,village
26,,72,,162,147,224,Khanijnagar,82,82,0,0,324,162,162,0,100,village
26,,72,,162,150,,Chhota Walia*,113,113,0,0,449,220,229,0,96.07,mauza
26,,72,,162,150,48,Chhota Walia,113,113,0,0,449,220,229,0,96.07,village
26,,72,,162,152,,Choubaria*,6,0,6,0,4112,3015,1097,0,274.84,mauza
26,,72,,162,152,58,Choubaria,6,0,6,0,4112,3015,1097,0,274.84,village
26,,72,,162,195,,Dampara*,35,33,0,2,147,81,66,0,122.73,mauza
26,,72,,162,195,68,Dampara,35,33,0,2,147,81,66,0,122.73,village
26,,72,,162,200,,Deul*,257,256,0,1,1040,533,507,0,105.13,mauza
26,,72,,162,200,68,Deul,257,256,0,1,1040,533,507,0,105.13,village
26,,72,,162,201,,Dewanbari*,65,65,0,0,207,95,112,0,84.82,mauza
26,,72,,162,201,68,Dewanbari,65,65,0,0,207,95,112,0,84.82,village
26,,72,,162,405,,Jinjira*,2525,2469,3,53,7428,3913,3515,0,111.32,mauza
26,,72,,162,405,188,Jinjira,2525,2469,3,53,7428,3913,3515,0,111.32,village
26,,72,,162,439,,Kamalapur*,859,772,7,80,3707,2001,1706,0,117.29,mauza
26,,72,,162,439,208,Kamalapur,859,772,7,80,3707,2001,1706,0,117.29,village
26,,72,,162,446,,Khagan*,4136,3797,11,328,14429,8315,6113,1,136.02,mauza
26,,72,,162,446,208,Khagan,4136,3797,11,328,14429,8315,6113,1,136.02,village
26,,72,,162,452,,Kumar Khoda*,836,835,1,0,3187,1592,1595,0,99.81,mauza
26,,72,,162,452,208,Konda,43,43,0,0,188,98,90,0,108.89,village
26,,72,,162,452,216,Kumar Khoda,180,180,0,0,658,306,352,0,86.93,village
26,,72,,162,452,368,Shyampur,613,612,1,0,2341,1188,1153,0,103.04,village
26,,72,,162,453,,Kumaran*,515,513,1,1,1936,953,983,0,96.95,mauza
26,,72,,162,453,28,Bhabanipur,515,513,1,1,1936,953,983,0,96.95,village
26,,72,,162,515,,Maistapara*,549,519,0,30,2007,1004,1003,0,100.1,mauza
26,,72,,162,515,248,Maistapara,549,519,0,30,2007,1004,1003,0,100.1,village
26,,72,,162,627,,Pipulia*,10,10,0,0,28,16,12,0,133.33,mauza
26,,72,,162,627,383,Pipulia,10,10,0,0,28,16,12,0,133.33,village
26,,72,,162,690,,Rajarbag*,563,534,0,29,1716,858,858,0,100,mauza
26,,72,,162,690,348,Rajarbag,563,534,0,29,1716,858,858,0,100,village
26,,72,,162,726,,Sadulyapur*,89,88,1,0,365,206,159,0,129.56,mauza
26,,72,,162,726,368,Sadulyapur,89,88,1,0,365,206,159,0,129.56,village
26,,72,,162,727,,Saipara*,79,78,0,1,332,172,160,0,107.5,mauza
26,,72,,162,727,368,Saipara,79,78,0,1,332,172,160,0,107.5,village
26,,72,,162,729,,Samair*,1594,1530,0,64,5208,2756,2452,0,112.4,mauza
26,,72,,162,729,368,Samair,1594,1530,0,64,5208,2756,2452,0,112.4,village
26,,72,,162,730,,Sarulia*,14,13,0,1,47,21,26,0,80.77,mauza
26,,72,,162,730,368,Sarulia,14,13,0,1,47,21,26,0,80.77,village
26,,72,,162,809,,Uttar Dattapara*,443,295,4,144,2043,1391,652,0,213.34,mauza
26,,72,,162,809,408,Uttar Dattapara,443,295,4,144,2043,1391,652,0,213.34,village
26,,72,,162,815,,Uttar Ulumora*,146,146,0,0,510,250,260,0,96.15,mauza
26,,72,,162,815,28,Batulia,146,146,0,0,510,250,260,0,96.15,village
26,,72,,213,,,Dhamsona Union,155816,150485,100,5231,456982,237278,219664,40,108.02,union_ward
26,,72,,213,,,Rural,107707,103595,66,4046,323706,168350,155317,39,108.39,union_ward
26,,72,,213,,,Urban,48109,46890,34,1185,133276,68928,64347,1,107.12,union_ward
26,,72,,213,73,,Baipail (Part)*,51630,50225,28,1377,149399,78354,71027,18,110.32,mauza
26,,72,,213,73,28,Baipail-1,6208,6059,4,145,17109,8922,8186,1,108.99,village
26,,72,,213,73,68,Dakkhin Gazirchat,20000,19554,17,429,62195,31936,30251,8,105.57,village
26,,72,,213,73,150,Dakkhin Baipail,5379,5182,2,195,15730,8363,7367,0,113.52,village
26,,72,,213,73,408,Uttar Gazirchat,20043,19430,5,608,54365,29133,25223,9,115.5,village
26,,72,,213,76,,Banshbari*,7447,6917,7,523,22174,11326,10848,0,104.41,mauza
26,,72,,213,76,28,Banshbari,800,798,1,1,2837,1478,1359,0,108.76,village
26,,72,,213,76,68,Dagartali,116,116,0,0,389,190,199,0,95.48,village
26,,72,,213,76,208,Kaichhabari,6419,5894,6,519,18550,9456,9094,0,103.98,village
26,,72,,213,76,276,Nayanagar,112,109,0,3,398,202,196,0,103.06,village
26,,72,,213,149,,Chhota Paichhail*,220,218,0,2,938,497,441,0,112.7,mauza
26,,72,,213,149,308,Paichhail,220,218,0,2,938,497,441,0,112.7,village
26,,72,,213,197,,Dehara*,8386,8288,10,88,24852,12774,12074,4,105.8,mauza
26,,72,,213,197,48,Chhanteki,1059,1049,3,7,3369,1684,1685,0,99.94,village
26,,72,,213,197,54,Alobdi,42,40,1,1,211,133,78,0,170.51,village
26,,72,,213,197,208,Kanda,325,323,0,2,1413,727,686,0,105.98,village
26,,72,,213,197,248,Madhupur (Part),2694,2673,3,18,7517,3782,3735,0,101.26,village
26,,72,,213,197,268,Nayatek,219,218,0,1,938,484,454,0,106.61,village
26,,72,,213,197,276,Sitbari,4047,3985,3,59,11404,5964,5436,4,109.71,village
26,,72,,213,198,,Deodasha*,74,73,0,1,264,137,127,0,107.87,mauza
26,,72,,213,198,68,Debdasha,74,73,0,1,264,137,127,0,107.87,village
26,,72,,213,203,,Dhamsona*,531,530,0,1,2374,1234,1140,0,108.25,mauza
26,,72,,213,203,68,Dhamsona,531,530,0,1,2374,1234,1140,0,108.25,village
26,,72,,213,239,,Enayetpur (Part)*,2460,2276,2,182,7783,4172,3609,2,115.6,mauza
26,,72,,213,239,88,Enayetpur,2460,2276,2,182,7783,4172,3609,2,115.6,village
26,,72,,213,297,,Ganakbari*,48109,46890,34,1185,133276,68928,64347,1,107.12,mauza
26,,72,,213,297,28,Bhadail,22600,22451,14,135,59963,30749,29214,0,105.25,village
26,,72,,213,297,248,Madhupur (Part),5470,5189,5,276,15349,7931,7418,0,106.92,village
26,,72,,213,297,268,Natunnagar,2612,2528,10,74,7957,4497,3460,0,129.97,village
26,,72,,213,297,308,Pabnartek,5326,5233,1,92,15663,7790,7873,0,98.95,village
26,,72,,213,297,368,Sreepur,12101,11489,4,608,34344,17961,16382,1,109.64,village
26,,72,,213,514,,Maijhail*,255,250,0,5,1060,545,515,0,105.83,mauza
26,,72,,213,514,248,Maijhail,255,250,0,5,1060,545,515,0,105.83,village
26,,72,,213,553,,Nalam*,1083,1073,0,10,3772,1872,1900,0,98.53,mauza
26,,72,,213,553,268,Nalam,1083,1073,0,10,3772,1872,1900,0,98.53,village
26,,72,,213,554,,Nalam Bagbari*,649,634,0,15,2140,1115,1025,0,108.78,mauza
26,,72,,213,554,268,Nalam Bagbari,649,634,0,15,2140,1115,1025,0,108.78,village
26,,72,,213,619,,Palashbari*,33593,31742,15,1836,103088,53473,49601,14,107.81,mauza
26,,72,,213,619,68,Dendabar,17413,16228,5,1180,54676,28358,26314,4,107.77,village
26,,72,,213,619,308,Palashbari,16180,15514,10,656,48412,25115,23287,10,107.85,village
26,,72,,213,741,,Subandi*,811,807,2,2,3523,1593,1929,1,82.58,mauza
26,,72,,213,741,368,Subandi,811,807,2,2,3523,1593,1929,1,82.58,village
26,,72,,213,808,,Unail*,568,562,2,4,2339,1258,1081,0,116.37,mauza
26,,72,,213,808,128,Gopalbari,353,350,1,2,1513,791,722,0,109.56,village
26,,72,,213,808,408,Unail,215,212,1,2,826,467,359,0,130.08,village
26,,72,,445,,,Kaundia Union,9111,9007,7,97,35596,17969,17627,0,101.94,union_ward
26,,72,,445,,,Rural,9111,9007,7,97,35596,17969,17627,0,101.94,union_ward
26,,72,,445,,,Urban,0,0,0,0,0,0,0,0,0,union_ward
26,,72,,445,69,,Baghsatra*,1512,1482,1,29,5707,2898,2809,0,103.17,mauza
26,,72,,445,69,28,Baghsatra,1512,1482,1,29,5707,2898,2809,0,103.17,village
26,,72,,445,370,,Isakabad*,5248,5192,6,50,20478,10313,10165,0,101.46,mauza
26,,72,,445,370,28,Bairagibari,139,138,0,1,648,329,319,0,103.13,village
26,,72,,445,370,36,Beltali,154,153,0,1,605,309,296,0,104.39,village
26,,72,,445,370,48,Chhota Dampara,304,298,0,6,1201,598,603,0,99.17,village
26,,72,,445,370,68,Dakkhin Kaundia,584,571,1,12,2195,1115,1080,0,103.24,village
26,,72,,445,370,76,Manikartek,75,75,0,0,290,143,147,0,97.28,village
26,,72,,445,370,128,Ganganathpur,247,245,0,2,903,435,468,0,92.95,village
26,,72,,445,370,136,Ghasirdia,123,123,0,0,503,248,255,0,97.25,village
26,,72,,445,370,144,Goalbari,328,326,0,2,1267,627,640,0,97.97,village
26,,72,,445,370,168,Isakabad,262,259,0,3,1018,509,509,0,100,village
26,,72,,445,370,188,Jadugopertek,76,74,0,2,271,129,142,0,90.85,village
26,,72,,445,370,196,Sankorpur,184,182,0,2,734,364,370,0,98.38,village
26,,72,,445,370,208,Kumarbari,234,234,0,0,901,442,459,0,96.3,village
26,,72,,445,370,248,Majhirdia,397,397,0,0,1589,806,783,0,102.94,village
26,,72,,445,370,256,Melartek,525,522,1,2,1944,1002,942,0,106.37,village
26,,72,,445,370,308,Panchkani,347,345,2,0,1347,644,703,0,91.61,village
26,,72,,445,370,368,Sadarbari,173,173,0,0,650,326,324,0,100.62,village
26,,72,,445,370,376,Sadurbari,264,255,0,9,1010,483,527,0,91.65,village
26,,72,,445,370,384,Singasar,330,328,0,2,1304,643,661,0,97.28,village
26,,72,,445,370,388,Tikalartek,166,162,0,4,673,353,320,0,110.31,village
26,,72,,445,370,502,Mohonpur,113,112,1,0,444,246,198,0,124.24,village
26,,72,,445,370,526,Nekibari,101,99,1,1,515,341,174,0,195.98,village
26,,72,,445,370,594,Paharia Bari,122,121,0,1,466,221,245,0,90.2,village
26,,72,,445,810,,Uttar Kaundia*,2351,2333,0,18,9411,4758,4653,0,102.26,mauza
26,,72,,445,810,208,Kaundia Bazarpara,632,619,0,13,2508,1293,1215,0,106.42,village
26,,72,,445,810,308,Pashchim Kaundia,957,953,0,4,3835,1916,1919,0,99.84,village
26,,72,,445,810,408,Uttar Kaundia,762,761,0,1,3068,1549,1519,0,101.97,village
26,,72,,611,,,Pathalia Union,39028,37347,37,1644,132599,68531,64061,7,106.98,union_ward
26,,72,,611,,,Rural,36761,35157,37,1567,125472,64710,60755,7,106.51,union_ward
26,,72,,611,,,Urban,2267,2190,0,77,7127,3821,3306,0,115.58,union_ward
26,,72,,611,29,,Agla (Part)*,30,17,0,13,65,43,22,0,195.45,mauza
26,,72,,611,29,108,Fakirchan Mill,30,17,0,13,65,43,22,0,195.45,village
26,,72,,611,68,,Bagdhania*,682,674,1,7,2034,1055,979,0,107.76,mauza
26,,72,,611,68,28,Bagdhania,402,400,1,1,1128,600,528,0,113.64,village
26,,72,,611,68,56,Amgachhia,280,274,0,6,906,455,451,0,100.89,village
26,,72,,611,84,,Bara Walia*,5236,4910,0,326,18589,9416,9173,0,102.65,mauza
26,,72,,611,84,56,Ambagan,373,354,0,19,1442,725,717,0,101.12,village
26,,72,,611,84,68,Dakkhin Gokulnagar,288,288,0,0,1163,579,584,0,99.14,village
26,,72,,611,84,148,Huirartek,144,144,0,0,596,305,291,0,104.81,village
26,,72,,611,84,168,Islamnagar,2249,1959,0,290,7163,3677,3486,0,105.48,village
26,,72,,611,84,208,Kanthalbagan,203,203,0,0,760,397,363,0,109.37,village
26,,72,,611,84,216,Kashipur,105,105,0,0,390,192,198,0,96.97,village
26,,72,,611,84,248,Madhabchala,100,100,0,0,413,201,212,0,94.81,village
26,,72,,611,84,256,Mollartek,92,92,0,0,392,184,208,0,88.46,village
26,,72,,611,84,308,Pandhoa,1320,1305,0,15,4864,2459,2405,0,102.25,village
26,,72,,611,84,448,Walia,362,360,0,2,1406,697,709,0,98.31,village
26,,72,,611,101,,Bil Baril*,428,428,0,0,1659,771,888,0,86.82,mauza
26,,72,,611,101,28,Boaliapara,342,342,0,0,1295,600,695,0,86.33,village
26,,72,,611,101,248,Manohar,86,86,0,0,364,171,193,0,88.6,village
26,,72,,611,135,,Chakalgaon*,2155,2145,0,10,8185,4096,4089,0,100.17,mauza
26,,72,,611,135,48,Chakalgram,1222,1214,0,8,4619,2327,2292,0,101.53,village
26,,72,,611,135,56,Chourabari,34,34,0,0,137,68,69,0,98.55,village
26,,72,,611,135,128,Gopinathpur,672,670,0,2,2584,1292,1292,0,100,village
26,,72,,611,135,248,Mokamteki,227,227,0,0,845,409,436,0,93.81,village
26,,72,,611,142,,Charigaon*,1906,1866,3,37,6444,3378,3066,0,110.18,mauza
26,,72,,611,142,48,Charigram,1804,1765,2,37,6070,3181,2889,0,110.11,village
26,,72,,611,142,248,Munudia,102,101,1,0,374,197,177,0,111.3,village
26,,72,,611,188,,Dakkhin Krok*,1672,1454,20,198,11512,6114,5398,0,113.26,mauza
26,,72,,611,188,188,Jahangirnagar University,465,339,20,106,8169,4245,3924,0,108.18,village
26,,72,,611,188,208,Kalabagan,326,322,0,4,919,491,428,0,114.72,village
26,,72,,611,188,308,Pahartali,540,453,0,87,1218,789,429,0,183.92,village
26,,72,,611,188,348,Rangamati,341,340,0,1,1206,589,617,0,95.46,village
26,,72,,611,194,,Dakkhin Sinduria*,237,234,1,2,688,351,337,0,104.15,mauza
26,,72,,611,194,68,Dakkhin Sinduria,237,234,1,2,688,351,337,0,104.15,village
26,,72,,611,196,,Decreertek*,130,128,0,2,399,210,189,0,111.11,mauza
26,,72,,611,196,68,Decreertek,84,83,0,1,264,136,128,0,106.25,village
26,,72,,611,196,248,Madartek,16,16,0,0,36,18,18,0,100,village
26,,72,,611,196,256,Mollapara,30,29,0,1,99,56,43,0,130.23,village
26,,72,,611,206,,Dhania*,2267,2190,0,77,7127,3821,3306,0,115.58,mauza
26,,72,,611,206,28,Beltala,24,24,0,0,89,43,46,0,93.48,village
26,,72,,611,206,308,Pashchim Dhania,595,595,0,0,1953,996,957,0,104.08,village
26,,72,,611,206,316,Purba Dhania,1648,1571,0,77,5085,2782,2303,0,120.8,village
26,,72,,611,208,,Diabari*,356,348,1,7,1166,596,570,0,104.56,mauza
26,,72,,611,208,48,Char Sinduria,90,88,1,1,326,155,171,0,90.64,village
26,,72,,611,208,68,Diabari,101,101,0,0,293,154,139,0,110.79,village
26,,72,,611,208,208,Khasertek,55,49,0,6,197,116,81,0,143.21,village
26,,72,,611,208,248,Muktartek,110,110,0,0,350,171,179,0,95.53,village
26,,72,,611,303,,Gerua*,878,727,0,151,3173,1806,1367,0,132.11,mauza
26,,72,,611,303,128,Gerua,878,727,0,151,3173,1806,1367,0,132.11,village
26,,72,,611,305,,Ghughudia*,497,491,0,6,1981,999,982,0,101.73,mauza
26,,72,,611,305,128,Ghughudia,497,491,0,6,1981,999,982,0,101.73,village
26,,72,,611,339,,Hatubhanga*,475,456,0,19,1687,846,841,0,100.59,mauza
26,,72,,611,339,148,Hatubhanga,475,456,0,19,1687,846,841,0,100.59,village
26,,72,,611,449,,Kirti Noadda*,108,32,1,75,383,316,67,0,471.64,mauza
26,,72,,611,449,208,Kirti Noadda,58,31,1,26,269,205,64,0,320.31,village
26,,72,,611,449,268,Noadda,50,1,0,49,114,111,3,0,3700,village
26,,72,,611,454,,Kurgaon*,10253,10108,4,141,30077,15422,14652,3,105.26,mauza
26,,72,,611,454,208,Kurgaon Natunpara,5341,5243,4,94,16271,8344,7924,3,105.3,village
26,,72,,611,454,216,Kurgaon Puratanpara-2,4912,4865,0,47,13806,7078,6728,0,105.2,village
26,,72,,611,520,,Mirertek*,132,131,0,1,420,205,215,0,95.35,mauza
26,,72,,611,520,248,Mirertek,132,131,0,1,420,205,215,0,95.35,village
26,,72,,611,521,,Mohanpur*,157,156,0,1,449,226,223,0,101.35,mauza
26,,72,,611,521,248,Mohanpur,157,156,0,1,449,226,223,0,101.35,village
26,,72,,611,617,,Pachh Ghughudia*,121,120,0,1,494,243,251,0,96.81,mauza
26,,72,,611,617,368,Sakhipur,121,120,0,1,494,243,251,0,96.81,village
26,,72,,611,621,,Panchutia*,90,76,1,13,355,196,159,0,123.27,mauza
26,,72,,611,621,28,Blri,90,76,1,13,355,196,159,0,123.27,village
26,,72,,611,625,,Pashchim Sadarpur*,233,227,0,6,931,454,477,0,95.18,mauza
26,,72,,611,625,368,Sadarpur,112,109,0,3,430,217,213,0,101.88,village
26,,72,,611,625,376,Sadarpur Battala,121,118,0,3,501,237,264,0,89.77,village
26,,72,,611,626,,Pathalia*,6114,5802,3,309,18431,9453,8978,0,105.29,mauza
26,,72,,611,626,108,Falguni Housing Society,2192,2082,2,108,6143,3250,2893,0,112.34,village
26,,72,,611,626,128,Ganaswasthya Kendra,251,190,0,61,495,168,327,0,51.38,village
26,,72,,611,626,148,Hirarpara,103,103,0,0,347,175,172,0,101.74,village
26,,72,,611,626,188,Jalalabad Model Town,283,283,0,0,833,516,317,0,162.78,village
26,,72,,611,626,208,Kalartek,240,218,1,21,878,448,430,0,104.19,village
26,,72,,611,626,216,Kamalarchala,356,353,0,3,1286,630,656,0,96.04,village
26,,72,,611,626,224,Kanchirtek,92,92,0,0,389,185,204,0,90.69,village
26,,72,,611,626,232,Khejurtek,1416,1345,0,71,4322,2153,2169,0,99.26,village
26,,72,,611,626,240,Kohinur Mill,7,7,0,0,21,11,10,0,110,village
26,,72,,611,626,268,Madhabganj,195,193,0,2,605,301,304,0,99.01,village
26,,72,,611,626,328,Pathalia,375,370,0,5,1268,652,616,0,105.84,village
26,,72,,611,626,368,Rahimpur,91,91,0,0,371,179,192,0,93.23,village
26,,72,,611,626,376,Ramarbag,418,385,0,33,1218,643,575,0,111.83,village
26,,72,,611,626,388,Senertek,95,90,0,5,255,142,113,0,125.66,village
26,,72,,611,733,,Sen Walia (Part)*,1271,1256,0,15,4724,2417,2305,2,104.86,mauza
26,,72,,611,733,368,Senapalli,476,466,0,10,1821,933,888,0,105.07,village
26,,72,,611,733,408,Uttar Gokulnagar,795,790,0,5,2903,1484,1417,2,104.73,village
26,,72,,611,735,,Shakran*,271,259,0,12,911,460,451,0,102,mauza
26,,72,,611,735,368,Shakran,271,259,0,12,911,460,451,0,102,village
26,,72,,611,743,,Sundrip*,138,138,0,0,551,274,277,0,98.92,mauza
26,,72,,611,743,368,Sundrip,138,138,0,0,551,274,277,0,98.92,village
26,,72,,611,774,,Takshur*,476,472,0,4,1446,827,617,2,134.04,mauza
26,,72,,611,774,248,Mirzanagar,122,121,0,1,383,208,173,2,120.23,village
26,,72,,611,774,388,Takshur,354,351,0,3,1063,619,444,0,139.41,village
26,,72,,611,776,,Tattibari (Part)*,1851,1647,0,204,5717,3001,2716,0,110.49,mauza
26,,72,,611,776,268,Nabinagar,72,44,0,28,182,107,75,0,142.67,village
26,,72,,611,776,388,Tattibari,1779,1603,0,176,5535,2894,2641,0,109.58,village
26,,72,,611,811,,Uttar Krok*,220,218,0,2,892,460,432,0,106.48,mauza
26,,72,,611,811,68,Dairy Firm,115,115,0,0,473,240,233,0,103,village
26,,72,,611,811,188,Juba Prashikkhan Kendra,105,103,0,2,419,220,199,0,110.55,village
26,,72,,611,812,,Uttar Ramchandrapur*,461,457,0,4,1506,768,738,0,104.07,mauza
26,,72,,611,812,248,Muktadhara,251,251,0,0,732,380,352,0,107.95,village
26,,72,,611,812,268,Niribili,210,206,0,4,774,388,386,0,100.52,village
26,,72,,611,814,,Uttar Sinduria*,183,180,2,1,603,307,296,0,103.72,mauza
26,,72,,611,814,408,Uttar Sinduria,183,180,2,1,603,307,296,0,103.72,village
26,,72,,711,,,Savar Union,19613,19193,22,398,65118,34122,30993,3,110.1,union_ward
26,,72,,711,,,Rural,19613,19193,22,398,65118,34122,30993,3,110.1,union_ward
26,,72,,711,,,Urban,0,0,0,0,0,0,0,0,0,union_ward
26,,72,,711,31,,Aich Noadda (Part)*,4788,4736,5,47,16767,8584,8180,3,104.94,mauza
26,,72,,711,31,48,Chapain,3800,3755,3,42,12877,6603,6271,3,105.29,village
26,,72,,711,31,228,Laltek,988,981,2,5,3890,1981,1909,0,103.77,village
26,,72,,711,143,,Chhalia*,845,802,6,37,4432,2790,1642,0,169.91,mauza
26,,72,,711,143,28,Bpatc,348,328,6,14,2514,1835,679,0,270.25,village
26,,72,,711,143,248,Mitan,497,474,0,23,1918,955,963,0,99.17,village
26,,72,,711,187,,Dakkhin Krishnapur*,301,301,0,0,1004,520,484,0,107.44,mauza
26,,72,,711,187,208,Krishnapur,301,301,0,0,1004,520,484,0,107.44,village
26,,72,,711,199,,Deogaon*,2190,2160,2,28,6730,3398,3332,0,101.98,mauza
26,,72,,711,199,68,Deogaon,2190,2160,2,28,6730,3398,3332,0,101.98,village
26,,72,,711,207,,Dharenda*,500,497,1,2,1663,809,854,0,94.73,mauza
26,,72,,711,207,68,Dharenda,500,497,1,2,1663,809,854,0,94.73,village
26,,72,,711,301,,Genda (Part)*,3220,3136,2,82,10011,5156,4855,0,106.2,mauza
26,,72,,711,301,268,Nama Genda,3220,3136,2,82,10011,5156,4855,0,106.2,village
26,,72,,711,304,,Ghoradia*,90,88,0,2,380,180,200,0,90,mauza
26,,72,,711,304,128,Ghoradia,90,88,0,2,380,180,200,0,90,village
26,,72,,711,437,,Kalma*,7179,6980,3,196,22069,11622,10447,0,111.25,mauza
26,,72,,711,437,68,Dakkhin Kalma,5599,5418,3,178,17248,9089,8159,0,111.4,village
26,,72,,711,437,408,Uttar Kalma,1580,1562,0,18,4821,2533,2288,0,110.71,village
26,,72,,711,447,,Khanjankathi*,361,359,0,2,1428,718,710,0,101.13,mauza
26,,72,,711,447,208,Khanjankathi,361,359,0,2,1428,718,710,0,101.13,village
26,,72,,711,513,,Madanpur*,84,81,3,0,393,228,165,0,138.18,mauza
26,,72,,711,513,248,Madanpur (Army Dairy Farm),84,81,3,0,393,228,165,0,138.18,village
26,,72,,711,517,,Mallikertek*,55,53,0,2,241,117,124,0,94.35,mauza
26,,72,,711,517,248,Mallikertek,55,53,0,2,241,117,124,0,94.35,village
26,,72,,729,,,Shimulia Union,47477,44939,25,2513,154131,80334,73787,10,108.87,union_ward
26,,72,,729,,,Rural,45561,43028,25,2508,146329,76411,69908,10,109.3,union_ward
26,,72,,729,,,Urban,1916,1911,0,5,7802,3923,3879,0,101.13,union_ward
26,,72,,729,72,,Baidgaon*,1059,1027,0,32,3804,1880,1924,0,97.71,mauza
26,,72,,729,72,28,Baidgaon,1059,1027,0,32,3804,1880,1924,0,97.71,village
26,,72,,729,87,,Baraipara*,5068,4496,1,571,15698,8268,7430,0,111.28,mauza
26,,72,,729,87,28,Baraipara,5068,4496,1,571,15698,8268,7430,0,111.28,village
26,,72,,729,88,,Baral*,798,786,0,12,2814,1436,1378,0,104.21,mauza
26,,72,,729,88,28,Baral,798,786,0,12,2814,1436,1378,0,104.21,village
26,,72,,729,91,,Baunia*,227,226,0,1,931,456,475,0,96,mauza
26,,72,,729,91,28,Baunia,227,226,0,1,931,456,475,0,96,village
26,,72,,729,96,,Bhatiakandi*,219,218,0,1,793,387,406,0,95.32,mauza
26,,72,,729,96,28,Bhatiakandi,219,218,0,1,793,387,406,0,95.32,village
26,,72,,729,104,,Brahman Kareshwari*,124,124,0,0,492,250,242,0,103.31,mauza
26,,72,,729,104,28,Bramman Kareshwari,124,124,0,0,492,250,242,0,103.31,village
26,,72,,729,141,,Changirdia*,203,203,0,0,795,379,416,0,91.11,mauza
26,,72,,729,141,48,Changirdia,203,203,0,0,795,379,416,0,91.11,village
26,,72,,729,148,,Chhota Kaundia*,783,776,0,7,2366,1197,1169,0,102.4,mauza
26,,72,,729,148,48,Chhota Kaundia,783,776,0,7,2366,1197,1169,0,102.4,village
26,,72,,729,191,,Dakkhin Rangamatia*,88,87,0,1,358,177,181,0,97.79,mauza
26,,72,,729,191,57,Anailbari,53,53,0,0,221,108,113,0,95.58,village
26,,72,,729,191,68,Dakkhin Rangamati,35,34,0,1,137,69,68,0,101.47,village
26,,72,,729,192,,Dakkhin Shimulia*,1916,1911,0,5,7802,3923,3879,0,101.13,mauza
26,,72,,729,192,28,Badyakarpara,46,46,0,0,224,104,120,0,86.67,village
26,,72,,729,192,36,Bara Rishipara,153,152,0,1,709,363,346,0,104.91,village
26,,72,,729,192,44,Baranagar,81,81,0,0,287,139,148,0,93.92,village
26,,72,,729,192,52,Bhattacharjapara,48,48,0,0,177,92,85,0,108.24,village
26,,72,,729,192,56,Amudiapara,30,30,0,0,99,51,48,0,106.25,village
26,,72,,729,192,68,Chakrabartipara,44,44,0,0,183,100,83,0,120.48,village
26,,72,,729,192,76,Chalapara,43,43,0,0,173,83,90,0,92.22,village
26,,72,,729,192,84,Chhota Rishipara,46,46,0,0,163,72,91,0,79.12,village
26,,72,,729,192,88,Daspara,156,156,0,0,561,267,294,0,90.82,village
26,,72,,729,192,228,Kalikapur,259,258,0,1,1033,540,493,0,109.53,village
26,,72,,729,192,236,Kamarpara,155,155,0,0,633,307,326,0,94.17,village
26,,72,,729,192,244,Kantapara,56,56,0,0,192,94,98,0,95.92,village
26,,72,,729,192,252,Khalpara,33,32,0,1,113,52,61,0,85.25,village
26,,72,,729,192,268,Lalartek,126,125,0,1,489,251,238,0,105.46,village
26,,72,,729,192,288,Madhyapara,113,113,0,0,506,263,243,0,108.23,village
26,,72,,729,192,308,Narapara,94,94,0,0,406,214,192,0,111.46,village
26,,72,,729,192,428,Tantipara,37,37,0,0,129,62,67,0,92.54,village
26,,72,,729,192,436,Tirthaghat,55,55,0,0,248,128,120,0,106.67,village
26,,72,,729,192,548,Nutun Bandar,128,127,0,1,614,318,296,0,107.43,village
26,,72,,729,192,660,Santipara,121,121,0,0,466,226,240,0,94.17,village
26,,72,,729,192,668,Raypara,92,92,0,0,397,197,200,0,98.5,village
26,,72,,729,298,,Ganakpara*,598,593,3,2,2496,1284,1212,0,105.94,mauza
26,,72,,729,298,128,Ganakpara,493,488,3,2,2031,1054,977,0,107.88,village
26,,72,,729,298,136,Ganakpara Bandar,105,105,0,0,465,230,235,0,97.87,village
26,,72,,729,300,,Gazibari*,840,835,2,3,3353,1702,1651,0,103.09,mauza
26,,72,,729,300,128,Gazibari,840,835,2,3,3353,1702,1651,0,103.09,village
26,,72,,729,307,,Gohailbari*,4974,4780,1,193,16270,8290,7971,9,104,mauza
26,,72,,729,307,68,Dighirpar,1274,1222,1,51,4289,2185,2104,0,103.85,village
26,,72,,729,307,128,Gohailbari,962,911,0,51,3253,1682,1563,8,107.61,village
26,,72,,729,307,136,Guchchhagram,232,231,0,1,796,389,407,0,95.58,village
26,,72,,729,307,208,Konapara,2506,2416,0,90,7932,4034,3897,1,103.52,village
26,,72,,729,404,,Jatrabari*,18,18,0,0,71,39,32,0,121.88,mauza
26,,72,,729,404,188,Jatrabari,18,18,0,0,71,39,32,0,121.88,village
26,,72,,729,435,,Kabirpur*,5129,4799,0,330,15957,8433,7524,0,112.08,mauza
26,,72,,729,435,208,Kabirpur,5129,4799,0,330,15957,8433,7524,0,112.08,village
26,,72,,729,436,,Kachair*,675,674,0,1,2759,1374,1385,0,99.21,mauza
26,,72,,729,436,28,Bagbari,148,148,0,0,584,296,288,0,102.78,village
26,,72,,729,436,208,Kachair,527,526,0,1,2175,1078,1097,0,98.27,village
26,,72,,729,438,,Kaltasuti*,12310,11505,5,800,37084,19913,17171,0,115.97,mauza
26,,72,,729,438,70,Bara Bari,2194,2163,1,30,6255,3125,3130,0,99.84,village
26,,72,,729,438,140,Domna,2697,2342,1,354,7740,4318,3422,0,126.18,village
26,,72,,729,438,208,Kaltasuti,7419,7000,3,416,23089,12470,10619,0,117.43,village
26,,72,,729,448,,Khar Kareshwari*,84,84,0,0,308,153,155,0,98.71,mauza
26,,72,,729,448,208,Khar Kareshwari,84,84,0,0,308,153,155,0,98.71,village
26,,72,,729,552,,Naihati*,896,895,0,1,3355,1660,1695,0,97.94,mauza
26,,72,,729,552,48,Chhanteki,252,252,0,0,870,430,440,0,97.73,village
26,,72,,729,552,128,Gopinpur,143,143,0,0,480,243,237,0,102.53,village
26,,72,,729,552,208,Kodalteki,33,33,0,0,113,53,60,0,88.33,village
26,,72,,729,552,268,Naihati,468,467,0,1,1892,934,958,0,97.49,village
26,,72,,729,555,,Nallapolla*,849,846,1,2,3198,1592,1606,0,99.13,mauza
26,,72,,729,555,68,Dakkhin Nallapolla,349,349,0,0,1275,625,650,0,96.15,village
26,,72,,729,555,408,Uttar Nallapolla,500,497,1,2,1923,967,956,0,101.15,village
26,,72,,729,560,,Nishchintapur*,53,53,0,0,204,103,101,0,101.98,mauza
26,,72,,729,560,268,Nishchintapur,53,53,0,0,204,103,101,0,101.98,village
26,,72,,729,623,,Pantapara*,122,122,0,0,476,239,237,0,100.84,mauza
26,,72,,729,623,28,Bandertek,78,78,0,0,295,154,141,0,109.22,village
26,,72,,729,623,308,Pantapara,44,44,0,0,181,85,96,0,88.54,village
26,,72,,729,624,,Chhota Paragaon*,304,298,0,6,1180,577,603,0,95.69,mauza
26,,72,,729,624,308,Paragram,304,298,0,6,1180,577,603,0,95.69,village
26,,72,,729,692,,Ranasthal*,1325,1298,1,26,4716,2416,2300,0,105.04,mauza
26,,72,,729,692,28,Bainteki,211,208,0,3,779,380,399,0,95.24,village
26,,72,,729,692,68,Darjipara,239,238,0,1,859,440,419,0,105.01,village
26,,72,,729,692,128,Gazirtek,76,76,0,0,248,125,123,0,101.63,village
26,,72,,729,692,248,Muchirtek,101,101,0,0,320,174,146,0,119.18,village
26,,72,,729,692,348,Ranasthal,66,64,1,1,305,170,135,0,125.93,village
26,,72,,729,692,356,Ranasthal Beparipara,169,169,0,0,720,358,362,0,98.9,village
26,,72,,729,692,385,Karmokarpara,38,38,0,0,159,85,74,0,114.86,village
26,,72,,729,692,428,Vikumpur,425,404,0,21,1326,684,642,0,106.54,village
26,,72,,729,777,,Tenguri*,8815,8285,11,519,26851,14206,12644,1,112.35,mauza
26,,72,,729,777,388,Tenguri,8815,8285,11,519,26851,14206,12644,1,112.35,village
26,,72,,747,,,Tentuljhora Union,89387,83394,38,5955,268229,144874,123348,7,117.45,union_ward
26,,72,,747,,,Rural,89387,83394,38,5955,268229,144874,123348,7,117.45,union_ward
26,,72,,747,,,Urban,0,0,0,0,0,0,0,0,0,union_ward
26,,72,,747,1,,Khidrati*,131,121,0,10,432,253,179,0,141.34,mauza
26,,72,,747,1,1,Khidrati,131,121,0,10,432,253,179,0,141.34,village
26,,72,,747,71,,Bahra*,420,419,0,1,1604,794,809,1,98.15,mauza
26,,72,,747,71,148,Harannagar,420,419,0,1,1604,794,809,1,98.15,village
26,,72,,747,86,,Baraigram (Part)*,8,8,0,0,20,10,10,0,100,mauza
26,,72,,747,86,28,Baraigram,8,8,0,0,20,10,10,0,100,village
26,,72,,747,95,,Bhararia*,399,372,0,27,1193,606,587,0,103.24,mauza
26,,72,,747,95,1,Bhararia,399,372,0,27,1193,606,587,0,103.24,village
26,,72,,747,102,,Bilamalia*,15780,14894,15,871,49387,26496,22891,0,115.75,mauza
26,,72,,747,102,188,Jadurchar,7480,7090,5,385,23664,12609,11055,0,114.06,village
26,,72,,747,102,196,Joynabari,5206,4892,9,305,16132,8720,7412,0,117.65,village
26,,72,,747,102,248,Madhumati Model Town,166,130,1,35,625,434,191,0,227.23,village
26,,72,,747,102,256,Madhurchar,2928,2782,0,146,8966,4733,4233,0,111.81,village
26,,72,,747,138,,Chandranarayanpur*,1002,980,0,22,3356,1958,1398,0,140.06,mauza
26,,72,,747,138,228,Jhauchar,1002,980,0,22,3356,1958,1398,0,140.06,village
26,,72,,747,139,,Chandulia*,1718,1624,3,91,6766,3953,2813,0,140.53,mauza
26,,72,,747,139,48,Chandulia,607,563,0,44,2031,1076,955,0,112.67,village
26,,72,,747,139,368,Sugandha Housing,1111,1061,3,47,4735,2877,1858,0,154.84,village
26,,72,,747,186,,Dakkhin Dattapara*,1585,1559,2,24,5121,2613,2508,0,104.19,mauza
26,,72,,747,186,28,Bhawaliapara,1585,1559,2,24,5121,2613,2508,0,104.19,village
26,,72,,747,190,,Dakkhin Ramchandrapur (Part)*,1809,1780,0,29,5780,2977,2803,0,106.21,mauza
26,,72,,747,190,348,Ramchandrapur,1809,1780,0,29,5780,2977,2803,0,106.21,village
26,,72,,747,193,,Dakkhin Shyampur*,17977,17376,5,596,52033,27871,24161,1,115.36,mauza
26,,72,,747,193,28,Bagbari,2037,2011,0,26,5340,2795,2545,0,109.82,village
26,,72,,747,193,63,Argentpara,2542,2385,0,157,6737,3742,2995,0,124.94,village
26,,72,,747,193,68,Dakkhin Shyampur,1374,1362,0,12,4138,2100,2038,0,103.04,village
26,,72,,747,193,148,Hemayetpur,4990,4774,1,215,14804,7885,6919,0,113.96,village
26,,72,,747,193,268,Natunpara,3535,3380,0,155,10561,5927,4634,0,127.9,village
26,,72,,747,193,308,Purbahati,1681,1663,1,17,5216,2840,2376,0,119.53,village
26,,72,,747,193,368,Shyampur,1818,1801,3,14,5237,2582,2654,1,97.29,village
26,,72,,747,210,,Dighamatia*,3036,3008,2,26,9733,5410,4323,0,125.14,mauza
26,,72,,747,210,68,Dakkhin Meitka,1327,1311,1,15,4240,2259,1981,0,114.03,village
26,,72,,747,210,188,Jhauchar,282,276,1,5,1455,1013,442,0,229.19,village
26,,72,,747,210,408,Uttar Meitka,1427,1421,0,6,4038,2138,1900,0,112.53,village
26,,72,,747,268,,Fulbaria*,3123,3060,0,63,9308,4938,4370,0,113,mauza
26,,72,,747,268,1,Khidrati,0,0,0,0,3,3,0,0,0,village
26,,72,,747,268,2,Swalpa Bhararia,49,49,0,0,152,93,59,0,157.63,village
26,,72,,747,268,348,Raj Fulbaria,1429,1407,0,22,4490,2400,2090,0,114.83,village
26,,72,,747,268,368,Shovapur,1645,1604,0,41,4663,2442,2221,0,109.95,village
26,,72,,747,337,,Harindhara*,5147,4917,0,230,13660,7411,6249,0,118.59,mauza
26,,72,,747,337,1,Jhauchar,942,858,0,84,3001,1728,1273,0,135.74,village
26,,72,,747,337,152,Harindhara,4205,4059,0,146,10659,5683,4976,0,114.21,village
26,,72,,747,401,,Jamur*,4587,4240,2,345,13523,6995,6528,0,107.15,mauza
26,,72,,747,401,28,Bharari,2281,2048,1,232,6604,3487,3117,0,111.87,village
26,,72,,747,401,36,Bharari Natunpara,1056,986,0,70,3181,1599,1582,0,101.07,village
26,,72,,747,401,268,Nimertek,1250,1206,1,43,3738,1909,1829,0,104.37,village
26,,72,,747,402,,Jamur Khidraganti*,1533,1441,0,92,4321,2195,2126,0,103.25,mauza
26,,72,,747,402,208,Khidraganti,1533,1441,0,92,4321,2195,2126,0,103.25,village
26,,72,,747,403,,Jamur Muchipara*,13309,11375,2,1932,38980,21640,17340,0,124.8,mauza
26,,72,,747,403,188,Jamur Muchipara,13309,11375,2,1932,38980,21640,17340,0,124.8,village
26,,72,,747,443,,Kandi Baliapur*,4711,4273,1,437,12334,6871,5463,0,125.77,mauza
26,,72,,747,443,1,Harindhara,4338,4034,1,303,11230,6072,5158,0,117.72,village
26,,72,,747,443,228,Jhauchar,373,239,0,134,1104,799,305,0,261.97,village
26,,72,,747,551,,Nagarchar*,3427,2907,2,518,9940,5251,4689,0,111.99,mauza
26,,72,,747,551,268,Nagarchar,3427,2907,2,518,9940,5251,4689,0,111.99,village
26,,72,,747,556,,Nandakhali*,168,165,0,3,496,257,239,0,107.53,mauza
26,,72,,747,556,268,Nandakhali,168,165,0,3,496,257,239,0,107.53,village
26,,72,,747,557,,Natorpara*,1277,1165,0,112,3810,2083,1725,2,120.75,mauza
26,,72,,747,557,268,Natorpara,1277,1165,0,112,3810,2083,1725,2,120.75,village
26,,72,,747,622,,Panpara*,2978,2922,0,56,9694,4958,4733,3,104.75,mauza
26,,72,,747,622,208,Krishnanagar,815,801,0,14,2758,1385,1373,0,100.87,village
26,,72,,747,622,216,Kutibari,284,278,0,6,925,475,450,0,105.56,village
26,,72,,747,622,268,Nayapara,840,833,0,7,2865,1495,1370,0,109.12,village
26,,72,,747,622,308,Panpara,1039,1010,0,29,3146,1603,1540,3,104.09,village
26,,72,,747,629,,Purba Gopalpur*,149,149,0,0,533,277,256,0,108.2,mauza
26,,72,,747,629,208,Khatrapara (Part),149,149,0,0,533,277,256,0,108.2,village
26,,72,,747,689,,Rajaghat*,3304,3073,4,227,10637,6063,4574,0,132.55,mauza
26,,72,,747,689,348,Rajaghat,2301,2114,3,184,7658,4496,3162,0,142.19,village
26,,72,,747,689,388,Taraf Rajaghat,1003,959,1,43,2979,1567,1412,0,110.98,village
26,,72,,747,778,,Tentuljhora*,1380,1170,0,210,4188,2202,1986,0,110.88,mauza
26,,72,,747,778,388,Tentuljhora,1380,1170,0,210,4188,2202,1986,0,110.88,village
26,,72,,747,888,,Kulasur*,429,396,0,33,1380,792,588,0,134.69,mauza
26,,72,,747,888,437,Kulasur,429,396,0,33,1380,792,588,0,134.69,village
26,,72,,913,,,Yearpur Union,100873,98598,17,2258,269968,140263,129627,78,108.21,union_ward
26,,72,,913,,,Rural,100873,98598,17,2258,269968,140263,129627,78,108.21,union_ward
26,,72,,913,,,Urban,0,0,0,0,0,0,0,0,0,union_ward
26,,72,,913,151,,Chitrashail*,4589,4502,0,87,13036,6669,6366,1,104.76,mauza
26,,72,,913,151,48,Chitrashail,4589,4502,0,87,13036,6669,6366,1,104.76,village
26,,72,,913,204,,Dhanaid*,2885,2872,0,13,7173,3643,3530,0,103.2,mauza
26,,72,,913,204,68,Dhanaid,2885,2872,0,13,7173,3643,3530,0,103.2,village
26,,72,,913,209,,Diakhali*,45004,44208,11,785,121012,62364,58620,28,106.39,mauza
26,,72,,913,209,28,Beran,9370,8995,3,372,24432,12713,11701,18,108.65,village
26,,72,,913,209,36,Burirpara,3019,3000,1,18,7631,3933,3696,2,106.41,village
26,,72,,913,209,68,Diakhali,810,792,0,18,2789,1391,1398,0,99.5,village
26,,72,,913,209,128,Gomail,6005,5944,3,58,16091,8324,7767,0,107.17,village
26,,72,,913,209,136,Gorat,6881,6852,1,28,18344,9554,8790,0,108.69,village
26,,72,,913,209,188,Jamgara,18919,18625,3,291,51725,26449,25268,8,104.67,village
26,,72,,913,368,,Ichharkandi*,100,100,0,0,260,111,149,0,74.5,mauza
26,,72,,913,368,168,Ichharkandi,100,100,0,0,260,111,149,0,74.5,village
26,,72,,913,406,,Jiraba*,5977,5743,1,233,17171,9122,8049,0,113.33,mauza
26,,72,,913,406,188,Jiraba,5977,5743,1,233,17171,9122,8049,0,113.33,village
26,,72,,913,518,,Man Santosh*,14769,14505,1,263,36600,19047,17529,24,108.66,mauza
26,,72,,913,518,268,Nishchintapur,11908,11654,1,253,28560,14948,13588,24,110.01,village
26,,72,,913,518,488,Yearpur,2861,2851,0,10,8040,4099,3941,0,104.01,village
26,,72,,913,630,,Purba Narasinghapur*,7701,7225,1,475,20451,10580,9868,3,107.22,mauza
26,,72,,913,630,308,Purba Narasinghapur,7701,7225,1,475,20451,10580,9868,3,107.22,village
26,,72,,913,731,,Sataish*,100,89,0,11,224,127,97,0,130.93,mauza
26,,72,,913,731,368,Sataishkandi,100,89,0,11,224,127,97,0,130.93,village
26,,72,,913,772,,Taiyabpur*,17581,17192,3,386,48073,25500,22551,22,113.08,mauza
26,,72,,913,772,128,Ghoshbag,7294,7167,1,126,20043,10469,9572,2,109.37,village
26,,72,,913,772,208,Kundalbag,8541,8321,1,219,22826,12280,10545,1,116.45,village
26,,72,,913,772,388,Taiyabpur,1746,1704,1,41,5204,2751,2434,19,113.02,village
26,,72,,913,773,,Tajpur*,2167,2162,0,5,5968,3100,2868,0,108.09,mauza
26,,72,,913,773,388,Tajpur,2167,2162,0,5,5968,3100,2868,0,108.09,village
26,,72,,998,,,Savar Cantonment,1583,1495,53,35,12599,9656,2943,0,328.1,union_ward
26,,72,,998,190,,Dakkhin Ramchandrapur (Part)*,1583,1495,53,35,12599,9656,2943,0,328.1,mauza
26,,72,,998,190,705,Savar Canton Ment,1583,1495,53,35,12599,9656,2943,0,328.1,village
