key,TOTAL_POP,TOTAL_MALE,TOTAL_FEMALE,SEX_RATIO,HH_SIZE,ENUMERATED_HH,QUICK_COUNT_HH,csv_pop_total,csv_pop_male,csv_pop_female,csv_hh_total,csv_sex_ratio,pop_diff,match_method,population,area_km2,density
26|00|14|143|098|028,723,355,368,97,3.6,202,240,723.0,355.0,368.0,202.0,96.47,0.0,code_match,723,1.0769166015080593,671.4
26|00|14|143|103|028,737,361,376,96,3.3,224,230,736.0,361.0,375.0,224.0,96.27,-1.0,code_match,737,1.3567422153586084,543.2
26|00|14|143|110|028,1300,628,672,94,4.0,329,311,1300.0,628.0,672.0,329.0,93.45,0.0,code_match,1300,1.2599983329660227,1031.7
26|00|14|143|112|028,1317,608,709,86,4.0,326,431,1317.0,608.0,709.0,326.0,85.75,0.0,code_match,1317,1.0812174320216943,1218.1
26|00|14|143|145|048,247,116,131,89,3.5,70,80,247.0,116.0,131.0,70.0,88.55,0.0,code_match,247,0.29814181112254323,828.5
26|00|14|143|146|048,470,226,244,93,3.9,120,120,470.0,226.0,244.0,120.0,92.62,0.0,code_match,470,0.5023553491026272,935.6
26|00|14|143|307|128,155,72,83,87,3.0,51,80,155.0,72.0,83.0,51.0,86.75,0.0,code_match,155,0.34818663757940654,445.2
26|00|14|143|309|128,1262,618,644,96,4.2,298,370,1262.0,618.0,644.0,298.0,95.96,0.0,code_match,1262,0.8038974936698021,1569.9
26|00|14|143|405|188,835,375,460,82,3.7,227,230,835.0,375.0,460.0,227.0,81.52,0.0,code_match,835,0.4633537558291958,1802.1
26|00|14|143|437|208,344,164,180,91,3.8,91,100,344.0,164.0,180.0,91.0,91.11,0.0,code_match,344,0.6231679371958899,552.0
26|00|14|143|438|208,165,79,86,92,4.0,41,40,165.0,79.0,86.0,41.0,91.86,0.0,code_match,165,0.38636561938225344,427.1
26|00|14|143|445|208,890,450,440,102,3.8,235,280,883.0,443.0,440.0,235.0,100.68,-7.0,code_match,890,1.2224087060347546,728.1
26|00|14|313|343|208,786,375,411,91,3.8,205,200,786.0,375.0,411.0,205.0,91.24,0.0,code_match,786,0.14359698526468034,5473.7
26|00|14|313|403|028,1325,657,668,98,4.2,312,320,1325.0,657.0,668.0,312.0,98.35,0.0,code_match,1325,0.8507046585978701,1557.5
26|00|14|313|403|029,1186,579,607,95,4.0,296,260,1186.0,579.0,607.0,296.0,95.39,0.0,code_match,1186,0.6400031532312174,1853.1
26|00|14|313|403|036,580,299,281,106,4.0,145,100,580.0,299.0,281.0,145.0,106.41,0.0,code_match,580,0.3466779562708117,1673.0
26|00|14|313|403|111,1652,876,776,113,4.1,404,366,1652.0,876.0,776.0,404.0,112.89,0.0,code_match,1652,0.7277500740318109,2270.0
26|00|14|313|403|188,239,120,119,101,4.2,57,110,239.0,120.0,119.0,57.0,100.84,0.0,code_match,239,0.14635059534126807,1633.1
26|00|14|313|403|268,114,62,52,119,4.1,28,50,114.0,62.0,52.0,28.0,119.23,0.0,code_match,114,0.12514561910537517,910.9
26|00|14|313|403|308,730,345,385,90,3.8,190,225,730.0,345.0,385.0,190.0,89.61,0.0,code_match,730,0.49629447314014175,1470.9
26|00|14|313|449|234,0,0,0,0,0.0,0,0,,,,,,,gpkg_only_no_census_match,0,0.07052162812668016,0.0
26|00|14|313|451|068,367,181,186,97,3.9,93,100,367.0,181.0,186.0,93.0,97.31,0.0,code_match,367,0.09119118116620731,4024.5
26|00|14|313|451|208,186,91,95,96,4.1,45,20,186.0,91.0,95.0,45.0,95.79,0.0,code_match,186,0.17301786306576372,1075.0
26|00|14|313|455|208,1999,993,1006,99,3.9,514,448,1999.0,993.0,1006.0,514.0,98.71,0.0,code_match,1999,0.5668767717426282,3526.3
26|00|14|715|108|036,1648,811,837,97,3.8,437,380,1648.0,811.0,837.0,437.0,96.89,0.0,code_match,1648,1.302940832916921,1264.8
26|00|14|715|108|044,2426,1212,1214,100,4.0,603,500,2426.0,1212.0,1214.0,603.0,99.84,0.0,code_match,2426,1.2737219590523172,1904.7
26|00|14|715|108|208,1796,901,895,101,3.3,552,490,1800.0,903.0,897.0,552.0,100.67,4.0,code_match,1796,0.5451910431421537,3294.3
26|00|14|715|118|028,494,241,253,95,4.1,120,120,494.0,241.0,253.0,120.0,95.26,0.0,code_match,494,0.5614365074275525,879.9
26|00|14|715|160|048,434,205,229,90,4.2,104,105,434.0,205.0,229.0,104.0,89.52,0.0,code_match,434,0.31275875579582646,1387.7
26|00|14|715|194|068,349,175,174,101,4.2,84,70,349.0,175.0,174.0,84.0,100.57,0.0,code_match,349,0.16341030211749435,2135.7
26|00|14|715|211|028,292,146,146,100,4.3,68,60,292.0,146.0,146.0,68.0,100.0,0.0,code_match,292,0.3099528621449208,942.1
26|00|14|715|211|036,407,194,213,91,4.0,101,80,407.0,194.0,213.0,101.0,91.08,0.0,code_match,407,0.09250891569232045,4399.6
26|00|14|715|211|054,248,129,119,108,4.2,59,60,248.0,129.0,119.0,59.0,108.4,0.0,code_match,248,0.6100345827207476,406.5
26|00|14|715|211|068,2098,1040,1058,98,3.9,539,509,2097.0,1040.0,1057.0,539.0,98.39,-1.0,code_match,2098,1.2762338505175241,1643.9
26|00|14|715|211|188,777,408,369,111,4.5,174,180,777.0,408.0,369.0,174.0,110.57,0.0,code_match,777,0.49029817248727486,1584.7
26|00|14|715|211|308,364,178,186,96,4.0,91,120,364.0,178.0,186.0,91.0,95.7,0.0,code_match,364,0.5158173671398403,705.7
26|00|14|109|028|048,1268,610,658,93,3.9,325,309,1268.0,610.0,658.0,325.0,92.71,0.0,code_match,1268,0.9688054616176984,1308.8
26|00|14|109|032|056,1155,555,600,93,3.6,318,327,1155.0,555.0,600.0,318.0,92.5,0.0,code_match,1155,0.7711257639366232,1497.8
26|00|14|109|032|188,1213,561,652,86,3.7,330,345,1213.0,561.0,652.0,330.0,86.04,0.0,code_match,1213,0.5356669016146618,2264.5
26|00|14|109|087|028,1137,550,587,94,4.1,274,266,1136.0,550.0,586.0,274.0,93.86,-1.0,code_match,1137,2.368929113557452,480.0
26|00|14|109|087|268,773,374,399,94,3.9,200,191,773.0,374.0,399.0,200.0,93.73,0.0,code_match,773,0.45427604169201935,1701.6
26|00|14|109|097|028,2435,1185,1250,95,3.9,627,639,2435.0,1185.0,1250.0,627.0,94.8,0.0,code_match,2435,1.7320289219451506,1405.9
26|00|14|109|097|068,279,137,142,97,3.7,75,70,279.0,137.0,142.0,75.0,96.48,0.0,code_match,279,0.07547551252072587,3696.6
26|00|14|109|097|188,654,329,325,101,4.2,156,150,653.0,328.0,325.0,156.0,100.92,-1.0,code_match,654,0.15587885736148235,4195.6
26|00|14|109|097|368,539,261,278,94,3.8,143,100,539.0,261.0,278.0,143.0,93.88,0.0,code_match,539,0.2813778989850284,1915.6
26|00|14|109|408|188,3400,1642,1758,93,4.0,845,844,3400.0,1642.0,1758.0,845.0,93.4,0.0,code_match,3400,1.6799967142494658,2023.8
26|00|14|109|444|208,720,347,373,93,3.9,183,190,720.0,347.0,373.0,183.0,93.03,0.0,code_match,720,0.569250358437726,1264.8
26|00|14|109|571|268,4494,2241,2253,100,4.3,1047,1016,4494.0,2241.0,2253.0,1047.0,99.47,0.0,code_match,4494,1.1537714881407302,3895.1
26|00|14|143|033|057,1517,742,775,96,3.6,418,410,1516.0,742.0,774.0,418.0,95.87,-1.0,code_match,1517,1.5357353045779247,987.8
26|00|14|143|068|028,421,209,212,99,4.6,92,110,419.0,207.0,212.0,92.0,97.64,-2.0,code_match,421,0.316037176684834,1332.1
26|00|14|143|071|028,597,294,303,97,4.1,145,130,597.0,294.0,303.0,145.0,97.03,0.0,code_match,597,0.39626712154425336,1506.6
26|00|14|143|445|216,108,53,55,96,3.9,28,40,108.0,53.0,55.0,28.0,96.36,0.0,code_match,108,0.218857756408894,493.5
26|00|14|143|445|248,493,215,278,77,4.1,119,110,493.0,215.0,278.0,119.0,77.34,0.0,code_match,493,0.29300372022205234,1682.6
26|00|14|143|445|348,717,338,379,89,4.4,162,170,717.0,338.0,379.0,162.0,89.18,0.0,code_match,717,0.22723669556213058,3155.3
26|00|14|143|459|068,780,367,413,89,3.8,207,240,780.0,367.0,413.0,207.0,88.86,0.0,code_match,780,1.067800591860863,730.5
26|00|14|143|459|408,743,379,364,104,3.9,192,210,743.0,379.0,364.0,192.0,104.12,0.0,code_match,743,1.0534813770155844,705.3
26|00|14|143|501|028,785,369,416,89,3.7,214,225,784.0,368.0,416.0,214.0,88.46,-1.0,code_match,785,1.1053442863311553,710.2
26|00|14|143|538|248,671,368,303,122,3.6,187,241,671.0,368.0,303.0,187.0,121.45,0.0,code_match,671,0.2704566381109318,2481.0
26|00|14|143|647|308,1085,500,585,86,3.9,278,255,1085.0,500.0,585.0,278.0,85.47,0.0,code_match,1085,1.2778299439756025,849.1
26|00|14|143|762|551,0,0,0,0,0.0,0,0,,,,,,,gpkg_only_no_census_match,0,0.05532788352745003,0.0
26|00|14|143|764|368,305,163,142,115,4.0,76,85,305.0,163.0,142.0,76.0,114.79,0.0,code_match,305,0.3820510965602753,798.3
26|00|14|143|804|388,420,213,207,103,3.9,108,105,420.0,213.0,207.0,108.0,102.9,0.0,code_match,420,0.605040604472697,694.2
26|00|14|143|838|408,250,127,123,103,3.5,72,80,250.0,127.0,123.0,72.0,103.25,0.0,code_match,250,0.33129418645875824,754.6
26|00|14|143|841|572,280,158,122,130,4.7,60,55,280.0,158.0,122.0,60.0,129.51,0.0,code_match,280,0.15201094342627053,1842.0
26|00|14|152|074|028,1823,860,963,89,3.7,495,456,1823.0,860.0,963.0,495.0,89.3,0.0,code_match,1823,1.1401590277471774,1598.9
26|00|14|152|074|421,495,246,249,99,3.6,138,222,495.0,246.0,249.0,138.0,98.8,0.0,code_match,495,0.25946198660137887,1907.8
26|00|14|152|076|028,1099,504,595,85,3.9,285,240,1099.0,504.0,595.0,285.0,84.71,0.0,code_match,1099,0.5685282222055609,1933.1
26|00|14|152|104|028,1457,731,726,101,3.9,373,337,1457.0,731.0,726.0,373.0,100.69,0.0,code_match,1457,0.9820152697941664,1483.7
26|00|14|152|116|028,340,174,166,105,4.0,85,115,340.0,174.0,166.0,85.0,104.82,0.0,code_match,340,0.1948476260579626,1745.0
26|00|14|152|116|268,478,229,249,92,4.1,117,100,478.0,229.0,249.0,117.0,91.97,0.0,code_match,478,0.08938261385873723,5347.8
26|00|14|152|218|068,1822,888,934,95,4.4,416,326,1822.0,888.0,934.0,416.0,95.07,0.0,code_match,1822,1.00344080736772,1815.8
26|00|14|152|345|148,134,68,66,103,3.9,34,55,134.0,68.0,66.0,34.0,103.03,0.0,code_match,134,0.2608542347160904,513.7
26|00|14|152|374|168,1261,632,629,101,4.2,303,213,1261.0,632.0,629.0,303.0,100.48,0.0,code_match,1261,0.6895850694420637,1828.6
26|00|14|152|407|188,384,194,190,102,3.6,106,100,384.0,194.0,190.0,106.0,102.11,0.0,code_match,384,0.3610029775061538,1063.7
26|00|14|152|443|208,889,444,445,100,4.2,214,245,889.0,444.0,445.0,214.0,99.78,0.0,code_match,889,0.32215223480882405,2759.6
26|00|14|152|461|208,878,424,454,93,3.6,244,225,883.0,429.0,454.0,244.0,94.49,5.0,code_match,878,0.9248140569200612,949.4
26|00|14|152|537|248,1474,730,744,98,4.1,363,355,1474.0,730.0,744.0,363.0,98.12,0.0,code_match,1474,1.0287293605364038,1432.8
26|00|14|152|630|308,308,163,145,112,4.2,73,100,308.0,163.0,145.0,73.0,112.41,0.0,code_match,308,0.9047742325810791,340.4
26|00|14|152|637|028,1121,518,603,86,3.9,286,307,1121.0,518.0,603.0,286.0,85.9,0.0,code_match,1121,1.0453036100837683,1072.4
26|00|14|152|646|368,1371,672,699,96,3.8,358,321,1371.0,672.0,699.0,358.0,96.14,0.0,code_match,1371,1.1276908169845985,1215.8
26|00|14|152|714|308,254,125,129,97,3.6,71,75,254.0,125.0,129.0,71.0,96.9,0.0,code_match,254,0.1777672565535791,1428.8
26|00|14|152|714|348,2599,1271,1328,96,5.0,522,520,2599.0,1271.0,1328.0,522.0,95.71,0.0,code_match,2599,0.7162210708999779,3628.8
26|00|14|152|772|368,337,160,177,90,4.2,81,78,337.0,160.0,177.0,81.0,90.4,0.0,code_match,337,0.2995233378560689,1125.1
26|00|14|152|802|388,607,301,306,98,4.0,153,150,607.0,301.0,306.0,153.0,98.37,0.0,code_match,607,0.40871695123228546,1485.1
26|00|14|152|805|388,707,351,356,99,3.8,187,218,707.0,351.0,356.0,187.0,98.6,0.0,code_match,707,0.5401246033520793,1309.0
26|00|14|152|834|028,618,295,323,91,3.8,164,201,618.0,295.0,323.0,164.0,91.33,0.0,code_match,618,0.35489596170573595,1741.4
26|00|14|152|834|036,1978,971,1007,96,3.9,503,435,1978.0,971.0,1007.0,503.0,96.43,0.0,code_match,1978,1.7135190167668932,1154.3
26|00|14|152|834|044,698,341,357,96,3.6,195,246,698.0,341.0,357.0,195.0,95.52,0.0,code_match,698,0.23116963816260497,3019.4
26|00|14|152|834|276,426,215,211,102,4.2,102,115,426.0,215.0,211.0,102.0,101.9,0.0,code_match,426,0.5417115740735025,786.4
26|00|14|161|072|028,810,420,390,108,4.1,198,211,810.0,420.0,390.0,198.0,107.69,0.0,code_match,810,0.43740842152345866,1851.8
26|00|14|161|083|028,940,478,462,104,4.3,218,206,940.0,478.0,462.0,218.0,103.46,0.0,code_match,940,0.4049986337068745,2321.0
26|00|14|161|088|028,338,173,165,105,4.5,75,83,338.0,173.0,165.0,75.0,104.85,0.0,code_match,338,1.1221348073005182,301.2
26|00|14|161|109|028,198,102,96,106,4.0,49,50,199.0,103.0,96.0,49.0,107.29,1.0,code_match,198,0.09697460126302997,2041.8
26|00|14|161|109|036,2246,1140,1105,103,4.0,564,490,2246.0,1140.0,1105.0,564.0,103.17,0.0,code_match,2246,0.36829561754106693,6098.4
26|00|14|161|109|128,484,236,248,95,3.9,123,121,484.0,236.0,248.0,123.0,95.16,0.0,code_match,484,0.2584244562176504,1872.9
26|00|14|161|147|048,545,268,277,97,4.5,120,128,545.0,268.0,277.0,120.0,96.75,0.0,code_match,545,1.059152437863977,514.6
26|00|14|161|147|068,242,123,119,103,3.8,63,67,242.0,123.0,119.0,63.0,103.36,0.0,code_match,242,0.08498082706004073,2847.7
26|00|14|161|147|188,67,34,33,103,4.2,16,14,67.0,34.0,33.0,16.0,103.03,0.0,code_match,67,0.007376660873008502,9082.7
26|00|14|161|155|048,263,121,142,85,4.0,65,59,263.0,121.0,142.0,65.0,85.21,0.0,code_match,263,0.17462993212085473,1506.0
26|00|14|161|192|068,1278,619,659,94,4.1,312,288,1278.0,619.0,659.0,312.0,93.93,0.0,code_match,1278,1.0754000646221615,1188.4
26|00|14|161|198|084,0,0,0,0,0.0,0,0,,,,,,,gpkg_only_no_census_match,0,0.10385566936397483,0.0
26|00|14|161|302|128,452,221,231,96,4.4,103,104,452.0,221.0,231.0,103.0,95.67,0.0,code_match,452,0.11701427525175397,3862.8
26|00|14|161|302|386,110,48,62,77,5.0,22,17,110.0,48.0,62.0,22.0,77.42,0.0,code_match,110,0.026297923442812593,4182.8
26|00|14|161|342|148,407,225,182,124,4.5,90,67,407.0,225.0,182.0,90.0,123.63,0.0,code_match,407,0.6433867255323773,632.6
26|00|14|161|344|148,14,9,5,180,2.8,5,3,14.0,9.0,5.0,5.0,180.0,0.0,code_match,14,0.21728299642135454,64.4
26|00|14|161|441|028,367,168,199,84,3.9,94,81,367.0,168.0,199.0,94.0,84.42,0.0,code_match,367,0.16364119664533128,2242.7
26|00|14|161|441|148,778,389,388,100,4.1,189,192,778.0,389.0,388.0,189.0,100.26,0.0,code_match,778,0.7610173957565881,1022.3
26|00|14|161|441|208,3071,1517,1554,98,4.1,748,718,3071.0,1517.0,1554.0,748.0,97.62,0.0,code_match,3071,0.4666374827376327,6581.1
26|00|14|161|441|308,421,203,218,93,3.9,109,112,421.0,203.0,218.0,109.0,93.12,0.0,code_match,421,0.12251419667904181,3436.3
26|00|14|161|453|208,2009,1035,974,106,4.4,460,440,1992.0,1022.0,970.0,460.0,105.36,-17.0,code_match,2009,0.6080644085822636,3303.9
26|00|14|161|535|128,286,141,145,97,4.3,66,56,286.0,141.0,145.0,66.0,97.24,0.0,code_match,286,0.24660865648049607,1159.7
26|00|14|161|535|208,205,99,106,93,3.7,55,45,205.0,99.0,106.0,55.0,93.4,0.0,code_match,205,0.15000354597965504,1366.6
26|00|14|161|535|248,1081,529,552,96,4.2,259,248,1081.0,529.0,552.0,259.0,95.83,0.0,code_match,1081,0.755866657524704,1430.1
26|00|14|161|535|256,496,244,252,97,4.2,119,90,496.0,244.0,252.0,119.0,96.83,0.0,code_match,496,0.14070219842764656,3525.2
26|00|14|161|539|248,196,117,79,148,3.8,52,54,196.0,117.0,79.0,52.0,148.1,0.0,code_match,196,0.36871399224757634,531.6
26|00|14|161|542|248,1131,534,597,89,3.8,294,274,1130.0,533.0,597.0,294.0,89.28,-1.0,code_match,1131,1.583466007629056,714.3
26|00|14|161|653|308,1604,792,812,98,4.4,363,294,1604.0,792.0,812.0,363.0,97.54,0.0,code_match,1604,0.8031487671879438,1997.1
26|00|14|161|718|348,36,24,12,200,4.5,8,11,36.0,24.0,12.0,8.0,200.0,0.0,code_match,36,0.07320358536080222,491.8
26|00|14|161|760|368,238,118,120,98,4.1,58,57,238.0,118.0,120.0,58.0,98.33,0.0,code_match,238,0.2211385662402177,1076.2
26|00|14|161|775|368,1484,719,765,94,4.2,351,301,1484.0,719.0,765.0,351.0,93.99,0.0,code_match,1484,0.32859048050271533,4516.3
26|00|14|161|803|388,2388,1159,1229,94,4.1,588,603,2388.0,1159.0,1229.0,588.0,94.3,0.0,code_match,2388,0.82779684984694,2884.8
26|00|14|161|835|408,1157,559,598,94,4.2,274,260,1157.0,559.0,598.0,274.0,93.48,0.0,code_match,1157,1.3924001126002272,830.9
26|00|14|179|037|065,675,326,349,93,3.6,185,180,675.0,326.0,349.0,185.0,93.41,0.0,code_match,675,0.8034923403208796,840.1
26|00|14|179|038|065,447,209,238,88,3.8,119,132,447.0,209.0,238.0,119.0,87.82,0.0,code_match,447,0.6647391924667112,672.4
26|00|14|179|076|028,384,183,201,91,4.0,96,122,384.0,183.0,201.0,96.0,91.04,0.0,code_match,384,0.40899828855663606,938.9
26|00|14|179|078|028,1362,657,705,93,3.8,359,368,1362.0,657.0,705.0,359.0,93.19,0.0,code_match,1362,0.9994588377492423,1362.7
26|00|14|179|107|028,511,247,264,94,3.7,138,120,511.0,247.0,264.0,138.0,93.56,0.0,code_match,511,0.4084864570131988,1251.0
26|00|14|179|107|048,1114,543,571,95,4.0,280,300,1114.0,543.0,571.0,280.0,95.1,0.0,code_match,1114,1.768190125512237,630.0
26|00|14|179|161|048,866,420,446,94,4.1,212,160,866.0,420.0,446.0,212.0,94.17,0.0,code_match,866,1.4225353979835045,608.8
26|00|14|179|161|056,1055,509,546,93,3.7,283,280,1055.0,509.0,546.0,283.0,93.22,0.0,code_match,1055,1.3694974493526555,770.4
26|00|14|179|161|064,4134,1985,2149,92,3.9,1050,908,4141.0,1992.0,2149.0,1050.0,92.69,7.0,code_match,4134,2.3440030432825005,1763.6
26|00|14|179|216|068,351,155,196,79,3.5,100,120,351.0,155.0,196.0,100.0,79.08,0.0,code_match,351,0.40224347868186083,872.6
26|00|14|179|217|068,739,369,370,100,4.0,185,185,739.0,369.0,370.0,185.0,99.73,0.0,code_match,739,0.764371338002834,966.8
26|00|14|179|219|028,17,7,10,70,2.8,6,5,17.0,7.0,10.0,6.0,70.0,0.0,code_match,17,0.043451612072382476,391.2
26|00|14|179|219|068,1563,779,784,99,4.1,383,361,1563.0,779.0,784.0,383.0,99.36,0.0,code_match,1563,1.1882124554464635,1315.4
26|00|14|179|219|208,118,52,66,79,4.1,29,25,118.0,52.0,66.0,29.0,78.79,0.0,code_match,118,0.11313367012249748,1043.0
26|00|14|179|534|248,986,446,540,83,3.8,259,255,986.0,446.0,540.0,259.0,82.59,0.0,code_match,986,0.7387138511819173,1334.8
26|00|14|179|576|248,1954,972,982,99,4.1,481,340,1949.0,967.0,982.0,481.0,98.47,-5.0,code_match,1954,2.79535732665044,699.0
26|00|14|179|576|268,87,47,40,118,4.4,20,20,87.0,47.0,40.0,20.0,117.5,0.0,code_match,87,0.3174870220629131,274.0
26|00|14|179|633|308,255,114,141,81,4.6,56,25,255.0,114.0,141.0,56.0,80.85,0.0,code_match,255,0.40540048672324935,629.0
26|00|14|179|644|188,349,187,162,115,4.0,87,95,349.0,187.0,162.0,87.0,115.43,0.0,code_match,349,0.34853377325130064,1001.3
26|00|14|179|644|308,513,231,282,82,3.8,134,160,513.0,231.0,282.0,134.0,81.91,0.0,code_match,513,0.49824441913187417,1029.6
26|00|14|179|710|348,2170,974,1196,81,3.5,624,559,2170.0,974.0,1196.0,624.0,81.44,0.0,code_match,2170,2.650477623225617,818.7
26|00|14|179|748|368,445,205,240,85,3.8,116,128,445.0,205.0,240.0,116.0,85.42,0.0,code_match,445,0.7222700730180207,616.1
26|00|14|179|840|408,606,296,310,96,3.6,169,170,606.0,296.0,310.0,169.0,95.48,0.0,code_match,606,0.694014606269716,873.2
26|00|14|179|842|408,176,76,100,76,3.9,45,40,176.0,76.0,100.0,45.0,76.0,0.0,code_match,176,0.2837392588255565,620.3
26|00|14|213|153|048,684,336,348,97,4.4,156,153,684.0,336.0,348.0,156.0,96.55,0.0,code_match,684,0.24185203586451864,2828.2
26|00|14|213|154|048,2359,1219,1140,107,4.1,578,473,2359.0,1219.0,1140.0,578.0,106.93,0.0,code_match,2359,0.9391749659504042,2511.8
26|00|14|213|209|068,2526,1306,1220,107,4.5,561,543,2526.0,1306.0,1220.0,561.0,107.05,0.0,code_match,2526,2.2037986735215007,1146.2
26|00|14|213|338|308,1686,786,900,87,4.2,401,403,1686.0,786.0,900.0,401.0,87.33,0.0,code_match,1686,0.3577531832421065,4712.7
26|00|14|213|338|316,1107,530,577,92,3.8,289,307,1107.0,530.0,577.0,289.0,91.85,0.0,code_match,1107,0.2322947265695918,4765.5
26|00|14|213|372|268,157,68,89,76,3.8,41,42,157.0,68.0,89.0,41.0,76.4,0.0,code_match,157,0.260927236595839,601.7
26|00|14|213|372|660,1081,505,576,88,4.1,263,253,1081.0,505.0,576.0,263.0,87.67,0.0,code_match,1081,0.2932913481253368,3685.8
26|00|14|213|406|070,712,356,356,100,4.0,176,177,712.0,356.0,356.0,176.0,100.0,0.0,code_match,712,0.07448803209470985,9558.6
26|00|14|213|767|368,5641,2804,2837,99,4.0,1426,1349,5645.0,2808.0,2837.0,1426.0,98.98,4.0,code_match,5641,0.7755978949831775,7273.1
26|00|14|213|767|660,513,271,242,112,4.2,123,129,516.0,274.0,242.0,123.0,113.22,3.0,code_match,513,0.17918096789636784,2863.0
26|00|14|313|027|041,95,41,54,76,4.3,22,25,95.0,41.0,54.0,22.0,75.93,0.0,code_match,95,0.7453404844653013,127.5
26|00|14|313|034|063,1649,845,804,105,4.1,403,494,1649.0,845.0,804.0,403.0,105.1,0.0,code_match,1649,0.7637140626593408,2159.2
26|00|14|313|089|028,1573,795,778,102,3.6,434,220,1573.0,795.0,778.0,434.0,102.19,0.0,code_match,1573,0.4224382069445165,3723.6
26|00|14|313|089|128,649,350,299,117,3.9,168,130,649.0,350.0,299.0,168.0,117.06,0.0,code_match,649,0.46242300643999296,1403.5
26|00|14|313|151|048,1000,505,495,102,3.7,269,305,1000.0,505.0,495.0,269.0,102.02,0.0,code_match,1000,0.3677506506401385,2719.2
26|00|14|313|151|056,430,218,212,103,3.9,111,120,430.0,218.0,212.0,111.0,102.83,0.0,code_match,430,0.05118868893336147,8400.3
26|00|14|313|151|068,311,158,153,103,4.0,78,91,311.0,158.0,153.0,78.0,103.27,0.0,code_match,311,0.013104026688343462,23733.2
26|00|14|313|191|068,106,61,45,136,3.7,29,25,106.0,61.0,45.0,29.0,135.56,0.0,code_match,106,0.9094723893867656,116.6
26|00|14|313|203|068,976,416,560,74,4.9,198,220,976.0,416.0,560.0,198.0,74.29,0.0,code_match,976,0.41044458445665716,2377.9
26|00|14|313|301|128,227,111,116,96,4.4,52,85,227.0,111.0,116.0,52.0,95.69,0.0,code_match,227,0.35451267065304176,640.3
26|00|14|313|301|136,57,30,27,111,3.2,18,30,57.0,30.0,27.0,18.0,111.11,0.0,code_match,57,0.0674754667895235,844.8
26|00|14|313|303|128,395,193,202,96,4.2,94,110,395.0,193.0,202.0,94.0,95.54,0.0,code_match,395,0.2079464683841277,1899.5
26|00|14|313|343|068,508,259,249,104,4.7,107,120,508.0,259.0,249.0,107.0,104.02,0.0,code_match,508,0.17357066280550018,2926.8
26|00|14|313|343|148,1393,695,698,100,3.8,367,360,1393.0,695.0,698.0,367.0,99.57,0.0,code_match,1393,0.2787912771812707,4996.6
26|00|14|313|466|028,1419,791,628,126,3.4,416,244,1419.0,791.0,628.0,416.0,125.96,0.0,code_match,1419,0.4375537953428069,3243.0
26|00|14|313|466|208,2874,1465,1409,104,3.8,754,494,2874.0,1465.0,1409.0,754.0,103.97,0.0,code_match,2874,1.0132263463933504,2836.5
26|00|14|313|540|248,888,452,436,104,3.8,232,245,888.0,452.0,436.0,232.0,103.67,0.0,code_match,888,0.4076460136000935,2178.4
26|00|14|313|570|208,828,431,397,109,3.9,211,202,828.0,431.0,397.0,211.0,108.56,0.0,code_match,828,0.9292506480617546,891.0
26|00|14|313|570|268,1353,651,702,93,3.8,353,320,1353.0,651.0,702.0,353.0,92.74,0.0,code_match,1353,0.47595408850776255,2842.7
26|00|14|313|636|228,973,505,468,108,4.1,239,200,972.0,504.0,468.0,239.0,107.69,-1.0,code_match,973,0.1757701719261117,5535.6
26|00|14|313|636|308,2186,1228,958,128,4.5,488,403,2186.0,1228.0,958.0,488.0,128.18,0.0,code_match,2186,1.28525388952241,1700.8
26|00|14|313|711|348,534,283,251,113,4.0,134,120,534.0,283.0,251.0,134.0,112.75,0.0,code_match,534,0.4565746647901787,1169.6
26|00|14|413|030|056,2068,998,1070,93,3.9,525,561,2063.0,996.0,1067.0,525.0,93.35,-5.0,code_match,2068,1.170486071951209,1766.8
26|00|14|413|031|056,2122,1009,1113,91,3.7,567,480,2122.0,1009.0,1113.0,567.0,90.66,0.0,code_match,2122,1.4943698494820352,1420.0
26|00|14|413|036|065,78,37,41,90,3.4,23,25,78.0,37.0,41.0,23.0,90.24,0.0,code_match,78,0.2841563826363661,274.5
26|00|14|413|081|028,227,102,125,82,3.4,66,79,227.0,102.0,125.0,66.0,81.6,0.0,code_match,227,0.42195394308663176,538.0
26|00|14|413|106|028,239,130,109,119,2.9,82,80,237.0,129.0,108.0,82.0,119.44,-2.0,code_match,239,0.23912200713029866,999.5
26|00|14|413|115|028,1134,532,602,88,4.0,286,280,1133.0,531.0,602.0,286.0,88.21,-1.0,code_match,1134,1.0723138842000604,1057.5
26|00|14|413|117|028,27,12,15,80,5.4,5,5,27.0,12.0,15.0,5.0,80.0,0.0,code_match,27,0.30029625279408406,89.9
26|00|14|413|164|048,518,265,253,105,4.3,121,120,518.0,265.0,253.0,121.0,104.74,0.0,code_match,518,0.6680792937715049,775.4
26|00|14|413|196|068,312,156,156,100,3.9,80,80,312.0,156.0,156.0,80.0,100.0,0.0,code_match,312,0.30220606008950923,1032.4
26|00|14|413|208|068,576,279,297,94,3.6,161,180,574.0,277.0,297.0,161.0,93.27,-2.0,code_match,576,0.6963880942111979,827.1
26|00|14|413|215|068,600,298,302,99,4.0,149,120,600.0,298.0,302.0,149.0,98.68,0.0,code_match,600,0.41973076079517185,1429.5
26|00|14|413|304|128,639,298,341,87,3.9,164,180,639.0,298.0,341.0,164.0,87.39,0.0,code_match,639,0.3986047161073553,1603.1
26|00|14|413|305|028,670,348,322,108,4.2,158,160,670.0,348.0,322.0,158.0,108.07,0.0,code_match,670,0.9726715310731232,688.8
26|00|14|413|305|036,116,49,67,73,3.4,34,30,116.0,49.0,67.0,34.0,73.13,0.0,code_match,116,0.17246878445379585,672.6
26|00|14|413|305|128,955,427,528,81,3.9,247,250,955.0,427.0,528.0,247.0,80.87,0.0,code_match,955,0.9762295024282691,978.3
26|00|14|413|308|128,263,134,129,104,4.4,60,80,263.0,134.0,129.0,60.0,103.88,0.0,code_match,263,0.8853704650767185,297.1
26|00|14|413|310|028,281,144,137,105,3.4,82,80,279.0,142.0,137.0,82.0,103.65,-2.0,code_match,281,0.7456988316823419,376.8
26|00|14|413|310|128,1188,575,613,94,3.5,338,300,1188.0,575.0,613.0,338.0,93.8,0.0,code_match,1188,1.7359856876128232,684.3
26|00|14|413|310|208,595,286,309,93,3.7,161,130,595.0,286.0,309.0,161.0,92.56,0.0,code_match,595,0.7866595803662092,756.4
26|00|14|413|402|188,3856,1864,1992,94,4.0,955,1107,3857.0,1865.0,1992.0,955.0,93.62,1.0,code_match,3856,2.7356516211231234,1409.5
26|00|14|413|462|208,214,102,112,91,2.9,74,80,214.0,102.0,112.0,74.0,91.07,0.0,code_match,214,0.10359975078807356,2065.6
26|00|14|413|468|208,279,135,144,94,3.7,76,50,279.0,135.0,144.0,76.0,93.75,0.0,code_match,279,0.4002468124647253,697.1
26|00|14|413|632|308,252,128,124,103,3.6,70,100,252.0,128.0,124.0,70.0,103.23,0.0,code_match,252,0.5440026804841714,463.2
26|00|14|413|634|308,560,281,279,101,3.9,144,130,560.0,281.0,279.0,144.0,100.72,0.0,code_match,560,0.4076393480441186,1373.8
26|00|14|413|648|308,114,54,60,90,2.9,40,40,114.0,54.0,60.0,40.0,90.0,0.0,code_match,114,0.47384588631250985,240.6
26|00|14|413|712|348,897,433,464,93,4.0,225,200,898.0,434.0,464.0,225.0,93.53,1.0,code_match,897,0.356106784207889,2518.9
26|00|14|413|746|368,244,128,116,110,3.7,66,70,244.0,128.0,116.0,66.0,110.34,0.0,code_match,244,0.5586749282773125,436.7
26|00|14|413|755|368,333,169,164,103,3.3,101,110,333.0,169.0,164.0,101.0,103.05,0.0,code_match,333,0.4796640576658395,694.2
26|00|14|413|839|408,149,64,85,75,3.4,44,40,149.0,64.0,85.0,44.0,75.29,0.0,code_match,149,0.6386419209621867,233.3
26|00|14|447|067|028,6,4,2,200,3.0,2,5,6.0,4.0,2.0,2.0,200.0,0.0,code_match,6,0.13945283771774022,43.0
26|00|14|447|084|028,1017,496,521,95,3.9,264,170,1547.0,748.0,799.0,401.0,93.62,530.0,code_match,1017,0.44962180672025287,2261.9
26|00|14|447|084|036,4281,2195,2086,105,3.8,1139,766,4990.0,2544.0,2446.0,1316.0,104.01,709.0,code_match,4281,1.467683189724174,2916.8
26|00|14|447|085|028,1047,561,486,115,4.1,253,207,1047.0,561.0,486.0,253.0,115.43,0.0,code_match,1047,1.735486224122551,603.3
26|00|14|447|085|048,462,237,225,105,4.2,111,99,462.0,237.0,225.0,111.0,105.33,0.0,code_match,462,0.6704935028031025,689.0
26|00|14|447|086|028,2725,1317,1408,94,4.4,621,415,2725.0,1317.0,1408.0,621.0,93.54,0.0,code_match,2725,2.90137188951367,939.2
26|00|14|447|091|028,430,221,209,106,4.3,101,100,807.0,412.0,395.0,188.0,104.3,377.0,code_match,430,0.9663512792112836,445.0
26|00|14|447|091|348,1227,620,607,102,4.4,282,207,1227.0,620.0,607.0,282.0,102.14,0.0,code_match,1227,0.3697586241085133,3318.4
26|00|14|447|092|028,509,260,249,104,4.0,127,132,509.0,260.0,249.0,127.0,104.42,0.0,code_match,509,1.087246032205167,468.2
26|00|14|447|094|028,391,192,199,97,4.1,95,80,391.0,192.0,199.0,95.0,96.48,0.0,code_match,391,0.5458714427502265,716.3
26|00|14|447|111|036,0,0,0,0,0.0,0,0,,,,,,,gpkg_only_no_census_match,0,0.30675556885668104,0.0
26|00|14|447|159|056,0,0,0,0,0.0,0,0,,,,,,,gpkg_only_no_census_match,0,0.35460502912150843,0.0
26|00|14|447|163|048,2847,1410,1437,98,4.1,701,595,2847.0,1410.0,1437.0,701.0,98.12,0.0,code_match,2847,1.2668672429023973,2247.3
26|00|14|447|207|068,341,176,165,107,4.4,77,60,341.0,176.0,165.0,77.0,106.67,0.0,code_match,341,0.36733425290466504,928.3
26|00|14|447|273|108,1093,539,554,97,3.9,279,175,1093.0,539.0,554.0,279.0,97.29,0.0,code_match,1093,0.6457269930748657,1692.7
26|00|14|447|273|116,2491,1241,1250,99,3.9,631,505,2491.0,1241.0,1250.0,631.0,99.28,0.0,code_match,2491,0.8049487528461067,3094.6
26|00|14|447|273|208,485,235,250,94,3.4,143,86,485.0,235.0,250.0,143.0,94.0,0.0,code_match,485,0.25795785935490784,1880.2
26|00|14|447|373|168,437,200,237,84,3.7,117,135,437.0,200.0,237.0,117.0,84.39,0.0,code_match,437,0.10171804520276989,4296.2
26|00|14|447|373|208,487,240,247,97,4.4,110,130,487.0,240.0,247.0,110.0,97.17,0.0,code_match,487,0.042975911599657586,11331.9
26|00|14|447|440|208,253,133,120,111,4.5,56,56,263.0,143.0,120.0,56.0,119.17,10.0,code_match,253,0.4980731136857954,508.0
26|00|14|447|454|208,184,96,88,109,4.1,45,38,184.0,96.0,88.0,45.0,109.09,0.0,code_match,184,0.3383813139337297,543.8
26|00|14|447|458|068,4712,2436,2276,107,3.9,1197,826,4712.0,2436.0,2276.0,1197.0,107.03,0.0,code_match,4712,1.4739543058677371,3196.8
26|00|14|447|458|408,2418,1250,1168,107,4.3,564,475,2418.0,1250.0,1168.0,564.0,107.02,0.0,code_match,2418,0.9927464761649862,2435.7
26|00|14|447|464|419,2486,1235,1251,99,3.8,647,445,2486.0,1235.0,1251.0,647.0,98.72,0.0,code_match,2486,0.6338392973516284,3922.1
26|00|14|447|467|148,2261,1125,1136,99,3.7,607,500,2261.0,1125.0,1136.0,607.0,99.03,0.0,code_match,2261,1.0778144439253228,2097.8
26|00|14|447|467|208,2526,1243,1283,97,4.0,636,525,2526.0,1243.0,1283.0,636.0,96.88,0.0,code_match,2526,1.866482803540609,1353.3
26|00|14|447|470|243,0,0,0,0,0.0,0,0,,,,,,,gpkg_only_no_census_match,0,0.09936130166090773,0.0
26|00|14|447|502|048,979,488,491,99,3.9,251,205,979.0,488.0,491.0,251.0,99.39,0.0,code_match,979,0.8933088354199208,1095.9
26|00|14|447|502|228,2278,1106,1172,94,3.9,583,535,2278.0,1106.0,1172.0,583.0,94.37,0.0,code_match,2278,1.8935272106556145,1203.0
26|00|14|447|533|268,107,59,48,123,4.3,25,43,107.0,59.0,48.0,25.0,122.92,0.0,code_match,107,0.38882031583216536,275.2
26|00|14|447|533|308,550,269,281,96,4.5,123,99,550.0,269.0,281.0,123.0,95.73,0.0,code_match,550,0.0416326946346345,13210.8
26|00|14|447|536|248,626,323,303,107,4.2,149,225,1334.0,663.0,671.0,303.0,98.81,708.0,code_match,626,0.24221500632226556,2584.5
26|00|14|447|536|256,272,147,125,118,4.0,68,50,272.0,147.0,125.0,68.0,117.6,0.0,code_match,272,0.11293607519000133,2408.4
26|00|14|447|573|268,905,445,460,97,4.5,202,195,905.0,445.0,460.0,202.0,96.74,0.0,code_match,905,1.00703367828215,898.7
26|00|14|447|631|063,1008,506,502,101,4.2,241,210,1008.0,506.0,502.0,241.0,100.8,0.0,code_match,1008,1.0570699590450892,953.6
26|00|14|447|631|308,723,360,363,99,4.2,174,190,722.0,359.0,363.0,174.0,98.9,-1.0,code_match,723,0.9323049177952922,775.5
26|00|14|447|638|308,160,88,72,122,4.7,34,35,160.0,88.0,72.0,34.0,122.22,0.0,code_match,160,0.3426403018463258,467.0
26|00|14|447|650|028,1112,520,592,88,4.0,275,285,1112.0,520.0,592.0,275.0,87.84,0.0,code_match,1112,0.2403582935479752,4626.4
26|00|14|447|650|308,1388,684,704,97,4.2,329,310,1388.0,684.0,704.0,329.0,97.16,0.0,code_match,1388,2.3233645032624204,597.4
26|00|14|447|745|368,729,355,374,95,4.3,169,125,729.0,355.0,374.0,169.0,94.92,0.0,code_match,729,1.2989231680608184,561.2
26|00|14|447|750|368,450,245,205,120,4.5,101,85,450.0,245.0,205.0,101.0,119.51,0.0,code_match,450,0.42542781999759505,1057.8
26|00|14|447|765|368,1461,744,717,104,4.4,333,315,1462.0,744.0,718.0,333.0,103.62,1.0,code_match,1461,1.7532598675264612,833.3
26|00|14|456|069|028,168,84,84,100,3.9,43,47,168.0,84.0,84.0,43.0,100.0,0.0,code_match,168,0.36786108069823764,456.7
26|00|14|456|070|028,1359,656,703,93,3.9,352,280,1357.0,654.0,703.0,352.0,93.03,-2.0,code_match,1359,1.429189159356967,950.9
26|00|14|456|077|028,340,168,172,98,3.9,88,49,340.0,168.0,172.0,88.0,97.67,0.0,code_match,340,0.09890516187669085,3437.6
26|00|14|456|079|028,1832,846,986,86,4.3,426,309,1832.0,846.0,986.0,426.0,85.8,0.0,code_match,1832,1.315442487608806,1392.7
26|00|14|456|080|028,55,31,24,129,3.9,14,30,55.0,31.0,24.0,14.0,129.17,0.0,code_match,55,0.21817522409036275,252.1
26|00|14|456|080|036,112,53,59,90,3.7,30,58,112.0,53.0,59.0,30.0,89.83,0.0,code_match,112,0.19751606504748118,567.0
26|00|14|456|080|044,949,449,500,90,3.9,245,195,949.0,449.0,500.0,245.0,89.8,0.0,code_match,949,0.6568010309759631,1444.9
26|00|14|456|080|052,1049,508,541,94,4.0,261,195,1049.0,508.0,541.0,261.0,93.9,0.0,code_match,1049,0.8477576775621827,1237.4
26|00|14|456|080|060,363,180,183,98,4.1,89,40,363.0,180.0,183.0,89.0,98.36,0.0,code_match,363,0.5412302280691823,670.7
26|00|14|456|080|068,56,33,23,144,4.7,12,18,56.0,33.0,23.0,12.0,143.48,0.0,code_match,56,0.15206634347394682,368.3
26|00|14|456|080|228,476,243,233,104,3.7,129,95,476.0,243.0,233.0,129.0,104.29,0.0,code_match,476,0.3705947009487456,1284.4
26|00|14|456|080|268,110,54,56,96,3.8,29,23,110.0,54.0,56.0,29.0,96.43,0.0,code_match,110,0.18374156479434564,598.7
26|00|14|456|080|388,384,204,180,113,3.8,102,120,384.0,204.0,180.0,102.0,113.33,0.0,code_match,384,0.6287378531729318,610.7
26|00|14|456|100|028,470,206,264,78,3.5,133,102,470.0,206.0,264.0,133.0,78.03,0.0,code_match,470,0.89114086938228,527.4
26|00|14|456|102|028,326,172,154,112,4.1,79,50,326.0,172.0,154.0,79.0,111.69,0.0,code_match,326,0.5297129813732374,615.4
26|00|14|456|197|068,856,428,428,100,3.7,232,250,856.0,428.0,428.0,232.0,100.0,0.0,code_match,856,0.819541264443021,1044.5
26|00|14|456|201|068,775,436,339,129,4.2,185,201,775.0,436.0,339.0,185.0,128.61,0.0,code_match,775,0.28764786306314416,2694.3
26|00|14|456|210|068,373,176,197,89,4.1,91,78,373.0,176.0,197.0,91.0,89.34,0.0,code_match,373,0.30785424964768204,1211.6
26|00|14|456|220|028,365,186,179,104,4.0,92,90,365.0,186.0,179.0,92.0,103.91,0.0,code_match,365,0.20494773120087229,1780.9
26|00|14|456|220|048,538,260,278,94,4.0,134,105,538.0,260.0,278.0,134.0,93.53,0.0,code_match,538,0.3031848646959169,1774.5
26|00|14|456|220|068,683,331,352,94,3.7,187,180,683.0,331.0,352.0,187.0,94.03,0.0,code_match,683,0.1184082637044066,5768.2
26|00|14|456|220|248,1315,659,656,101,3.9,336,195,1315.0,659.0,656.0,336.0,100.46,0.0,code_match,1315,0.07994163077385476,16449.5
26|00|14|456|220|348,407,212,195,109,3.7,110,105,407.0,212.0,195.0,110.0,108.72,0.0,code_match,407,0.04427947826947211,9191.6
26|00|14|456|311|128,935,476,459,104,4.0,232,191,935.0,476.0,459.0,232.0,103.7,0.0,code_match,935,0.6815063770449058,1372.0
26|00|14|456|339|148,1113,534,579,92,4.0,276,280,1113.0,534.0,579.0,276.0,92.23,0.0,code_match,1113,1.5880634895849282,700.9
26|00|14|456|340|148,961,512,449,114,4.4,218,192,960.0,511.0,449.0,218.0,113.81,-1.0,code_match,961,0.12921630940646703,7437.1
26|00|14|456|341|148,144,75,69,109,3.7,39,23,144.0,75.0,69.0,39.0,108.7,0.0,code_match,144,0.09809053981574195,1468.0
26|00|14|456|446|208,1807,947,860,110,4.4,415,322,1807.0,947.0,860.0,415.0,110.12,0.0,code_match,1807,0.8109693209046835,2228.2
26|00|14|456|447|208,879,412,467,88,3.7,237,220,879.0,412.0,467.0,237.0,88.22,0.0,code_match,879,0.46246008707482134,1900.7
26|00|14|456|452|208,235,119,116,103,3.2,73,105,235.0,119.0,116.0,73.0,102.59,0.0,code_match,235,0.4200585699342843,559.4
26|00|14|456|460|558,2644,1250,1394,90,3.8,701,588,2647.0,1253.0,1394.0,701.0,89.89,3.0,code_match,2644,1.108849599663493,2384.5
26|00|14|456|471|208,695,333,362,92,3.7,186,190,695.0,333.0,362.0,186.0,91.99,0.0,code_match,695,0.3144588044799811,2210.1
26|00|14|456|473|148,683,330,353,94,3.7,186,150,688.0,335.0,353.0,186.0,94.9,5.0,code_match,683,0.2625050350644201,2601.9
26|00|14|456|473|208,1095,521,574,91,4.3,256,209,1095.0,521.0,574.0,256.0,90.77,0.0,code_match,1095,0.4607143187791692,2376.7
26|00|14|456|503|228,258,123,135,91,4.2,61,35,258.0,123.0,135.0,61.0,91.11,0.0,code_match,258,0.5685791454352136,453.8
26|00|14|456|504|228,101,44,57,77,3.5,29,18,101.0,44.0,57.0,29.0,77.19,0.0,code_match,101,0.0862916938465468,1170.4
26|00|14|456|569|268,2014,941,1070,88,3.8,532,400,2014.0,941.0,1070.0,532.0,87.94,0.0,code_match,2014,1.0306724618073775,1954.1
26|00|14|456|575|268,151,74,77,96,4.3,35,31,151.0,74.0,77.0,35.0,96.1,0.0,code_match,151,0.042829207659554974,3525.6
26|00|14|456|577|268,89,36,53,68,4.7,19,20,89.0,36.0,53.0,19.0,67.92,0.0,code_match,89,0.2026150054624379,439.3
26|00|14|456|635|308,113,64,49,131,4.3,26,23,113.0,64.0,49.0,26.0,130.61,0.0,code_match,113,0.37968479684485296,297.6
26|00|14|456|640|308,441,225,216,104,4.2,106,100,441.0,225.0,216.0,106.0,104.17,0.0,code_match,441,0.8312508766050744,530.5
26|00|14|456|643|308,711,342,369,93,3.7,194,220,711.0,342.0,369.0,194.0,92.68,0.0,code_match,711,0.2662111788579864,2670.8
26|00|14|456|645|308,300,140,160,88,3.9,77,80,300.0,140.0,160.0,77.0,87.5,0.0,code_match,300,0.443230856652833,676.8
26|00|14|456|649|316,374,195,179,109,4.0,93,75,371.0,192.0,179.0,93.0,107.26,-3.0,code_match,374,0.7519731161882632,497.4
26|00|14|456|656|308,68,38,30,127,4.9,14,6,68.0,38.0,30.0,14.0,126.67,0.0,code_match,68,0.413512654157896,164.4
26|00|14|456|713|348,517,250,267,94,4.0,130,126,517.0,250.0,267.0,130.0,93.63,0.0,code_match,517,0.3257502818867375,1587.1
26|00|14|456|753|368,310,151,159,95,4.0,78,58,310.0,151.0,159.0,78.0,94.97,0.0,code_match,310,0.5676935796529782,546.1
26|00|14|456|756|368,231,116,115,101,3.7,62,80,231.0,116.0,115.0,62.0,100.87,0.0,code_match,231,0.16667128373745474,1386.0
26|00|14|456|757|368,837,372,465,80,3.9,217,230,837.0,372.0,465.0,217.0,80.0,0.0,code_match,837,0.8583843054824599,975.1
26|00|14|456|768|368,387,188,199,95,4.2,93,105,387.0,188.0,199.0,93.0,94.47,0.0,code_match,387,0.46890936801003724,825.3
26|00|14|456|806|385,159,80,79,101,3.9,41,26,159.0,80.0,79.0,41.0,101.27,0.0,code_match,159,0.3032091629888427,524.4
26|00|14|548|073|028,88,83,5,1660,29.3,3,10,88.0,83.0,5.0,3.0,1660.0,0.0,code_match,88,0.8270100223936779,106.4
26|00|14|548|113|028,395,180,215,84,4.0,98,120,395.0,180.0,215.0,98.0,83.72,0.0,code_match,395,0.18967998917193649,2082.5
26|00|14|548|195|068,746,373,373,100,4.1,180,211,746.0,373.0,373.0,180.0,100.0,0.0,code_match,746,0.1831167996056894,4073.9
26|00|14|548|404|188,1162,578,584,99,4.1,285,290,1161.0,577.0,584.0,285.0,98.8,-1.0,code_match,1162,1.7020653860731716,682.7
26|00|14|548|572|048,1087,536,551,97,4.1,262,240,1087.0,536.0,551.0,262.0,97.28,0.0,code_match,1087,0.46284985493471914,2348.5
26|00|14|548|572|056,1684,820,864,95,3.8,439,390,1682.0,818.0,864.0,439.0,94.68,-2.0,code_match,1684,1.6485816032954725,1021.5
26|00|14|548|572|128,1662,813,849,96,4.0,415,410,1657.0,809.0,848.0,415.0,95.4,-5.0,code_match,1662,0.2617582345022999,6349.4
26|00|14|548|572|136,1514,735,779,94,3.8,398,400,1514.0,735.0,779.0,396.0,94.35,0.0,code_match,1514,1.593955019174548,949.8
26|00|14|548|572|208,376,182,194,94,3.9,97,120,376.0,182.0,194.0,97.0,93.81,0.0,code_match,376,0.021460347985634228,17520.7
26|00|14|548|572|268,5336,2622,2714,97,4.0,1329,1500,5336.0,2622.0,2714.0,1329.0,96.61,0.0,code_match,5336,3.229034259364495,1652.5
26|00|14|548|642|308,761,385,376,102,4.3,178,170,761.0,385.0,376.0,178.0,102.39,0.0,code_match,761,1.0101624713056057,753.3
26|00|14|548|652|308,566,275,291,95,4.3,133,150,566.0,275.0,291.0,133.0,94.5,0.0,code_match,566,0.8307143250608606,681.3
26|00|14|548|709|208,703,339,364,93,4.1,170,170,703.0,339.0,364.0,170.0,93.13,0.0,code_match,703,0.7484950222567835,939.2
26|00|14|548|709|348,1151,550,601,92,4.2,272,220,1151.0,550.0,601.0,272.0,91.51,0.0,code_match,1151,1.5916260004538514,723.2
26|00|14|548|754|368,108,57,51,112,5.7,19,18,108.0,57.0,51.0,19.0,111.76,0.0,code_match,108,0.1255034559527857,860.5
26|00|14|548|758|368,746,360,386,93,4.0,186,210,746.0,360.0,386.0,186.0,93.26,0.0,code_match,746,0.5238864907114007,1424.0
26|00|14|548|761|368,398,202,196,103,4.9,81,105,398.0,202.0,196.0,81.0,103.06,0.0,code_match,398,0.285595184229743,1393.6
26|00|14|548|833|208,425,201,224,90,4.5,95,120,425.0,201.0,224.0,95.0,89.73,0.0,code_match,425,0.6136137415811777,692.6
26|00|14|548|833|408,1350,645,705,92,4.1,330,280,1350.0,645.0,705.0,330.0,91.49,0.0,code_match,1350,1.1314125249023241,1193.2
26|00|14|681|029|048,61,31,30,103,4.4,14,30,61.0,31.0,30.0,14.0,103.33,0.0,code_match,61,0.4154712016982032,146.8
26|00|14|681|035|065,1303,609,694,88,3.9,338,375,1301.0,607.0,694.0,338.0,87.46,-2.0,code_match,1303,1.3105279921742474,994.3
26|00|14|681|099|028,2047,952,1095,87,4.0,517,523,2040.0,946.0,1094.0,517.0,86.47,-7.0,code_match,2047,0.8064120038761275,2538.4
26|00|14|681|149|048,1167,565,602,94,3.9,300,290,1167.0,565.0,602.0,300.0,93.85,0.0,code_match,1167,1.5862156115049788,735.7
26|00|14|681|149|248,332,172,160,108,3.7,89,70,332.0,172.0,160.0,89.0,107.5,0.0,code_match,332,0.5009540735558731,662.7
26|00|14|681|150|048,4404,2197,2207,100,4.0,1110,1287,4401.0,2195.0,2206.0,1110.0,99.5,-3.0,code_match,4404,2.898097652031055,1519.6
26|00|14|681|463|208,4837,2365,2472,96,4.0,1213,1160,4822.0,2355.0,2467.0,1213.0,95.46,-15.0,code_match,4837,2.670615701044914,1811.2
26|00|14|681|465|208,486,255,231,110,4.6,106,90,486.0,255.0,231.0,106.0,110.39,0.0,code_match,486,1.0960303729332883,443.4
26|00|14|681|541|208,1588,770,818,94,3.8,413,460,1570.0,753.0,817.0,413.0,92.17,-18.0,code_match,1588,1.2274152873950137,1293.8
26|00|14|681|641|308,494,274,220,125,4.4,112,90,493.0,274.0,219.0,112.0,125.11,-1.0,code_match,494,0.5839229868639,846.0
26|00|14|681|716|068,832,439,393,112,3.9,216,240,830.0,437.0,393.0,216.0,111.2,-2.0,code_match,832,1.2364368827300822,672.9
26|00|14|681|716|348,1574,791,783,101,4.0,392,390,1573.0,790.0,783.0,392.0,100.89,-1.0,code_match,1574,2.071777803198172,759.7
26|00|14|681|751|368,1104,564,540,104,4.1,272,245,1104.0,564.0,540.0,272.0,104.44,0.0,code_match,1104,0.9095046982356202,1213.8
26|00|14|681|773|108,2295,1153,1142,101,3.6,637,720,2295.0,1153.0,1142.0,637.0,100.96,0.0,code_match,2295,1.7847513689327075,1285.9
26|00|14|681|773|368,2809,1418,1391,102,4.1,693,860,2798.0,1410.0,1388.0,693.0,101.59,-11.0,code_match,2809,2.2477918243523125,1249.7
26|00|14|715|066|028,104,52,52,100,3.9,27,45,104.0,52.0,52.0,27.0,100.0,0.0,code_match,104,0.39683358764490123,262.1
26|00|14|715|082|028,469,224,245,91,3.9,119,110,469.0,224.0,245.0,119.0,91.43,0.0,code_match,469,1.571511109647169,298.4
26|00|14|715|082|048,893,448,445,101,4.0,221,250,885.0,444.0,441.0,221.0,100.68,-8.0,code_match,893,0.5217003499890678,1711.7
26|00|14|715|108|028,975,447,528,85,3.9,250,240,975.0,447.0,528.0,250.0,84.66,0.0,code_match,975,0.9846241965832405,990.2
26|00|14|715|213|068,390,188,202,93,3.9,99,105,390.0,188.0,202.0,99.0,93.07,0.0,code_match,390,0.5708435424657757,683.2
26|00|14|715|213|248,339,165,174,95,3.7,92,95,339.0,165.0,174.0,92.0,94.83,0.0,code_match,339,0.660388533759515,513.3
26|00|14|715|531|248,1711,865,846,102,3.8,449,370,1711.0,865.0,846.0,449.0,102.25,0.0,code_match,1711,1.116527206673543,1532.4
26|00|14|715|531|256,1456,714,742,96,4.1,354,360,1456.0,714.0,742.0,354.0,96.23,0.0,code_match,1456,0.46624958232080566,3122.8
26|00|14|715|639|048,546,262,284,92,3.9,141,130,546.0,262.0,284.0,141.0,92.25,0.0,code_match,546,0.41406346917989784,1318.6
26|00|14|715|639|308,1200,582,617,94,4.2,285,290,1200.0,582.0,617.0,285.0,94.33,0.0,code_match,1200,0.45689921328444144,2626.4
26|00|14|715|639|368,333,162,171,95,4.2,80,90,333.0,162.0,171.0,80.0,94.74,0.0,code_match,333,0.23068216506522485,1443.5
26|00|14|715|651|208,394,190,204,93,4.4,89,80,394.0,190.0,204.0,89.0,93.14,0.0,code_match,394,0.19841662326116233,1985.7
26|00|14|715|651|308,1761,868,893,97,4.2,415,400,1761.0,868.0,893.0,415.0,97.2,0.0,code_match,1761,0.6471102038652923,2721.3
26|00|14|715|655|308,187,93,94,99,3.8,49,45,187.0,93.0,94.0,49.0,98.94,0.0,code_match,187,0.24583989291895333,760.7
26|00|14|715|749|368,954,445,509,87,4.3,223,197,954.0,445.0,509.0,223.0,87.43,0.0,code_match,954,1.2686615686946185,752.0
26|00|14|715|771|268,298,140,158,89,4.3,70,70,298.0,140.0,158.0,70.0,88.61,0.0,code_match,298,0.02504600428127574,11898.1
26|00|14|715|771|368,1536,729,807,90,4.2,369,381,1536.0,729.0,807.0,369.0,90.33,0.0,code_match,1536,0.3720754772864663,4128.2
26|00|14|715|837|408,346,158,188,84,4.1,84,75,346.0,158.0,188.0,84.0,84.04,0.0,code_match,346,0.12023074564953919,2877.8
26|00|14|715|837|416,41,20,21,95,4.6,9,15,41.0,20.0,21.0,9.0,95.24,0.0,code_match,41,0.12831614835742808,319.5
26|00|14|724|065|028,1618,845,773,109,3.7,436,300,1618.0,845.0,773.0,436.0,109.31,0.0,code_match,1618,0.6199921162451146,2609.7
26|00|14|724|065|048,2185,1105,1080,102,3.6,613,510,2185.0,1105.0,1080.0,613.0,102.31,0.0,code_match,2185,0.20040620889159041,10902.9
26|00|14|724|148|048,2474,1282,1192,108,4.2,594,500,2474.0,1282.0,1192.0,594.0,107.55,0.0,code_match,2474,1.293649116200296,1912.4
26|00|14|724|148|208,928,456,472,97,4.1,225,210,928.0,456.0,472.0,225.0,96.61,0.0,code_match,928,0.8863953685246643,1046.9
26|00|14|724|204|068,236,109,127,86,4.7,50,40,236.0,109.0,127.0,50.0,85.83,0.0,code_match,236,0.3030531019448475,778.7
26|00|14|724|205|048,524,310,214,145,3.0,175,85,528.0,314.0,214.0,175.0,146.73,4.0,code_match,524,0.5878453700729045,891.4
26|00|14|724|205|068,4343,2650,1693,157,4.7,933,697,4343.0,2650.0,1693.0,932.0,156.53,0.0,code_match,4343,1.6688962854420064,2602.3
26|00|14|724|205|128,2119,990,1129,88,3.7,572,430,2119.0,990.0,1129.0,572.0,87.69,0.0,code_match,2119,1.0378151332893388,2041.8
26|00|14|724|212|068,7146,3755,3391,111,4.0,1772,1192,7171.0,3780.0,3391.0,1772.0,111.47,25.0,code_match,7146,4.269278779784755,1673.8
26|00|14|724|274|108,1267,641,626,102,3.5,363,280,1267.0,641.0,626.0,363.0,102.4,0.0,code_match,1267,0.3599876310341028,3519.6
26|00|14|724|306|028,2258,1126,1132,100,4.3,530,510,2256.0,1125.0,1131.0,530.0,99.47,-2.0,code_match,2258,1.0105035705624046,2234.5
26|00|14|724|306|128,3618,1789,1828,98,3.9,938,677,4161.0,2061.0,2099.0,1085.0,98.19,543.0,code_match,3618,1.9043410529091576,1899.9
26|00|14|724|410|188,4152,2272,1880,121,3.6,1153,760,4152.0,2272.0,1880.0,1153.0,120.85,0.0,code_match,4152,1.6703490673453134,2485.7
26|00|14|724|450|208,1591,776,815,95,3.6,437,312,1591.0,776.0,815.0,437.0,95.21,0.0,code_match,1591,0.46543891611424315,3418.3
26|00|14|724|752|028,323,159,164,97,3.7,87,80,323.0,159.0,164.0,87.0,96.95,0.0,code_match,323,0.15672229476475447,2061.0
26|00|14|724|752|208,219,111,108,103,3.8,58,45,219.0,111.0,108.0,58.0,102.78,0.0,code_match,219,0.6266350745408725,349.5
26|00|14|724|752|216,562,351,211,166,6.0,94,101,562.0,351.0,211.0,94.0,166.35,0.0,code_match,562,0.4521029673849396,1243.1
26|00|14|724|752|368,1477,802,675,119,4.6,320,341,1477.0,802.0,675.0,320.0,118.81,0.0,code_match,1477,0.7691874416924472,1920.2
26|00|14|724|766|208,273,136,137,99,4.1,66,52,273.0,136.0,137.0,66.0,99.27,0.0,code_match,273,0.16484276976341136,1656.1
26|00|14|724|766|216,403,192,211,91,4.3,93,90,403.0,192.0,211.0,93.0,91.0,0.0,code_match,403,0.27350266037948556,1473.5
26|00|14|724|766|368,1073,541,532,102,4.3,248,240,1073.0,541.0,532.0,248.0,101.69,0.0,code_match,1073,1.806773421762908,593.9
26|00|14|724|836|408,1791,888,903,98,4.5,402,351,1791.0,888.0,903.0,402.0,98.34,0.0,code_match,1791,1.2745723782596095,1405.2
26|00|14|733|095|028,400,190,210,91,4.0,101,135,400.0,190.0,210.0,101.0,90.48,0.0,code_match,400,0.12387868260489515,3229.0
26|00|14|733|105|028,854,399,455,88,4.2,202,210,854.0,399.0,455.0,202.0,87.69,0.0,code_match,854,2.0226016272369245,422.2
26|00|14|733|105|036,392,187,205,91,3.9,101,92,392.0,187.0,205.0,101.0,91.22,0.0,code_match,392,0.414595353446824,945.5
26|00|14|733|206|028,208,97,111,87,3.5,59,50,208.0,97.0,111.0,59.0,87.39,0.0,code_match,208,0.13215812775137994,1573.9
26|00|14|733|206|036,1227,603,624,97,4.1,297,300,1227.0,603.0,624.0,297.0,96.63,0.0,code_match,1227,0.19650818319527955,6244.0
26|00|14|733|206|048,373,166,207,80,3.5,108,105,373.0,166.0,207.0,108.0,80.19,0.0,code_match,373,0.09503461543070073,3924.9
26|00|14|733|206|057,1968,998,970,103,4.2,468,400,1966.0,997.0,969.0,468.0,102.89,-2.0,code_match,1968,0.25895051948113296,7599.9
26|00|14|733|206|068,748,379,369,103,3.9,193,220,748.0,379.0,369.0,193.0,102.71,0.0,code_match,748,1.8940988691531513,394.9
26|00|14|733|206|168,1966,959,1007,95,3.7,534,650,1966.0,959.0,1007.0,534.0,95.23,0.0,code_match,1966,0.6175438301374255,3183.6
26|00|14|733|206|228,333,165,168,98,3.9,86,90,333.0,165.0,168.0,86.0,98.21,0.0,code_match,333,0.12015081597210563,2771.5
26|00|14|733|206|268,605,294,311,95,4.5,133,100,605.0,294.0,311.0,133.0,94.53,0.0,code_match,605,0.9781798121539945,618.5
26|00|14|733|206|368,1796,888,908,98,4.1,440,600,1796.0,888.0,908.0,440.0,97.8,0.0,code_match,1796,0.646827522155162,2776.6
26|00|14|733|448|208,704,353,351,101,3.9,182,160,704.0,353.0,351.0,182.0,100.57,0.0,code_match,704,0.6113287101966827,1151.6
26|00|14|733|472|208,1678,808,870,93,3.8,437,395,1678.0,808.0,870.0,437.0,92.87,0.0,code_match,1678,0.9021384712470777,1860.0
26|00|14|733|472|348,1101,534,567,94,4.0,273,265,1101.0,534.0,567.0,273.0,94.18,0.0,code_match,1101,0.5705534158116403,1929.7
26|00|14|733|717|068,287,140,147,95,3.3,86,120,287.0,140.0,147.0,86.0,95.24,0.0,code_match,287,0.7398468626000365,387.9
26|00|14|733|717|348,908,443,465,95,3.5,260,250,908.0,443.0,465.0,260.0,95.27,0.0,code_match,908,0.8743682051353207,1038.5
26|00|14|733|770|065,460,226,234,97,4.1,111,125,460.0,226.0,234.0,111.0,96.58,0.0,code_match,460,0.1607058288144277,2862.4
26|00|14|733|770|128,390,193,197,98,4.2,92,120,390.0,193.0,197.0,92.0,97.97,0.0,code_match,390,0.7553540266478231,516.3
26|00|14|733|770|208,1549,817,732,112,4.2,373,380,1549.0,817.0,732.0,373.0,111.61,0.0,code_match,1549,0.5283384574483017,2931.8
26|00|14|733|770|368,2630,1315,1315,100,4.0,656,550,2626.0,1311.0,1315.0,656.0,99.7,-4.0,code_match,2630,1.2627303637970717,2082.8
26|00|14|742|075|028,1769,907,862,105,4.0,441,431,2717.0,1388.0,1329.0,673.0,104.44,948.0,code_match,1769,0.8298277572466134,2131.8
26|00|14|742|075|208,431,226,205,110,3.8,112,100,431.0,226.0,205.0,112.0,110.24,0.0,code_match,431,0.1877724521348815,2295.3
26|00|18|516|605|408,1290,559,731,77,3.9,330,240,1290.0,559.0,731.0,330.0,76.47,0.0,code_match,1290,0.6511812536902766,1981.0
26|00|18|542|292|148,787,355,432,82,4.4,179,130,787.0,355.0,432.0,179.0,82.18,0.0,code_match,787,0.4837874474375385,1626.7
26|00|18|542|364|188,4327,1939,2388,81,4.0,1080,1005,4327.0,1939.0,2388.0,1080.0,81.2,0.0,code_match,4327,1.4729045154828793,2937.7
26|00|18|542|364|408,1340,765,575,133,4.2,320,325,1340.0,765.0,575.0,320.0,133.04,0.0,code_match,1340,0.2827771174002277,4738.7
26|00|18|542|494|248,6287,3075,3212,96,4.5,1394,1349,6260.0,3048.0,3212.0,1394.0,94.89,-27.0,code_match,6287,1.0128179663981451,6207.4
26|00|18|542|495|248,3071,1580,1491,106,3.9,780,682,3066.0,1575.0,1491.0,780.0,105.63,-5.0,code_match,3071,1.3034974774792971,2356.0
26|00|18|542|532|268,584,280,304,92,3.9,150,120,586.0,282.0,304.0,150.0,92.76,2.0,code_match,584,0.8876766424288336,657.9
26|00|18|542|532|276,1686,762,924,83,3.8,446,470,1686.0,762.0,924.0,446.0,82.47,0.0,code_match,1686,0.3898315402580626,4324.9
26|00|18|542|533|268,51,25,26,96,4.6,11,12,51.0,25.0,26.0,11.0,96.15,0.0,code_match,51,1.6299727034770743,31.3
26|00|18|542|715|048,1667,757,910,83,3.9,430,420,1658.0,748.0,910.0,430.0,82.2,-9.0,code_match,1667,0.7867702677620003,2118.8
26|00|18|542|715|268,2375,1120,1255,89,4.0,593,360,2374.0,1120.0,1254.0,593.0,89.31,-1.0,code_match,2375,0.2713364915708546,8753.0
26|00|18|542|715|276,1211,547,664,82,3.7,324,320,1198.0,534.0,664.0,324.0,80.42,-13.0,code_match,1211,0.32269631817115274,3752.8
26|00|38|755|614|188,396,200,196,102,3.3,121,120,396.0,200.0,196.0,121.0,102.04,0.0,code_match,396,0.17648761707993246,2243.8
26|00|38|755|614|208,218,113,105,108,1.5,143,120,215.0,113.0,102.0,141.0,110.78,-3.0,code_match,218,0.052296198426985165,4168.6
26|00|38|755|614|216,1614,869,745,117,3.6,445,465,1614.0,869.0,745.0,445.0,116.64,0.0,code_match,1614,0.9389935786911894,1718.9
26|00|38|755|614|248,728,348,380,92,3.8,193,200,728.0,348.0,380.0,193.0,91.58,0.0,code_match,728,0.3522368045584456,2066.8
26|00|38|755|614|256,704,366,338,108,3.6,194,150,704.0,366.0,338.0,194.0,108.28,0.0,code_match,704,0.05256841087180984,13392.1
26|00|38|755|614|268,698,340,358,95,4.5,154,205,698.0,340.0,358.0,154.0,94.97,0.0,code_match,698,0.16998785914648776,4106.2
26|00|38|755|614|308,756,400,356,112,3.1,243,240,756.0,400.0,356.0,243.0,112.36,0.0,code_match,756,0.19508435254581932,3875.2
26|00|38|755|614|316,1015,529,486,109,3.9,262,260,1015.0,529.0,486.0,262.0,108.85,0.0,code_match,1015,0.10175970849295818,9974.5
26|00|38|755|614|324,1065,519,546,95,4.0,269,300,1065.0,519.0,546.0,269.0,95.05,0.0,code_match,1065,0.14771752021139617,7209.7
26|00|38|755|614|348,346,183,163,112,3.5,98,70,346.0,183.0,163.0,98.0,112.27,0.0,code_match,346,0.21619269557623472,1600.4
26|00|38|755|614|368,1389,752,636,118,3.9,357,300,1389.0,752.0,636.0,356.0,118.24,0.0,code_match,1389,0.42658217907730056,3256.1
26|00|38|755|617|308,1124,607,517,117,3.5,324,310,1124.0,607.0,517.0,324.0,117.41,0.0,code_match,1124,0.8388138694651824,1340.0
26|00|62|724|804|248,1575,733,842,87,3.8,412,345,1571.0,729.0,842.0,412.0,86.58,-4.0,code_match,1575,0.6921852153872047,2275.4
26|00|62|724|804|368,574,261,313,83,4.1,141,105,574.0,261.0,313.0,141.0,83.39,0.0,code_match,574,0.5227598886365039,1098.0
26|00|62|724|804|408,1181,528,653,81,4.0,293,236,1181.0,528.0,653.0,293.0,80.86,0.0,code_match,1181,0.3232936010072009,3653.0
26|00|72|109|080|308,6292,3313,2978,111,3.5,1793,1910,6298.0,3318.0,2979.0,1793.0,111.38,6.0,code_match,6292,0.0799025863380391,78745.9
26|00|72|109|080|316,9894,5171,4721,110,3.2,3077,3190,9893.0,5172.0,4719.0,3077.0,109.6,-1.0,code_match,9894,0.2826441851545521,35005.1
26|00|72|109|092|028,1701,861,840,103,3.7,454,440,1698.0,859.0,839.0,454.0,102.38,-3.0,code_match,1701,0.024749515878193774,68728.6
26|00|72|109|092|048,507,253,254,100,3.8,132,120,507.0,253.0,254.0,132.0,99.61,0.0,code_match,507,0.004369383529043009,116034.7
26|00|72|109|092|068,644,321,323,99,3.6,180,215,644.0,321.0,323.0,180.0,99.38,0.0,code_match,644,0.021248061340918625,30308.6
26|00|72|109|092|076,2216,1106,1110,100,3.8,589,490,2215.0,1105.0,1110.0,589.0,99.55,-1.0,code_match,2216,0.044326540090893186,49992.6
26|00|72|109|092|128,451,229,222,103,3.9,117,125,451.0,229.0,222.0,117.0,103.15,0.0,code_match,451,0.00510186327344038,88399.1
26|00|72|109|092|148,4888,2562,2326,110,3.8,1298,1398,4888.0,2562.0,2326.0,1298.0,110.15,0.0,code_match,4888,0.09850924917223289,49619.7
26|00|72|109|092|248,627,350,277,126,3.2,197,165,627.0,350.0,277.0,197.0,126.35,0.0,code_match,627,0.017850577309028216,35124.9
26|00|72|445|810|208,2508,1293,1215,106,4.0,632,486,2508.0,1293.0,1215.0,632.0,106.42,0.0,code_match,2508,0.38304417859705675,6547.5
26|00|72|445|810|308,3835,1916,1919,100,4.0,957,1174,3835.0,1916.0,1919.0,957.0,99.84,0.0,code_match,3835,9.552232856026114,401.5
26|00|72|445|810|408,3068,1549,1519,102,4.0,762,621,3068.0,1549.0,1519.0,762.0,101.97,0.0,code_match,3068,0.12282924840233297,24977.8
26|00|72|611|029|108,65,43,22,196,2.2,30,10,65.0,43.0,22.0,30.0,195.45,0.0,code_match,65,0.1143139293182802,568.6
26|00|72|611|068|028,1128,600,528,114,2.8,402,387,1128.0,600.0,528.0,402.0,113.64,0.0,code_match,1128,0.181188272438131,6225.6
26|00|72|611|068|056,906,455,451,101,3.2,280,309,906.0,455.0,451.0,280.0,100.89,0.0,code_match,906,0.14784925890872747,6127.9
26|00|72|611|084|056,1442,725,717,101,3.9,373,239,1442.0,725.0,717.0,373.0,101.12,0.0,code_match,1442,0.23665147219147895,6093.3
26|00|72|611|084|068,1163,579,584,99,4.0,288,193,1163.0,579.0,584.0,288.0,99.14,0.0,code_match,1163,0.22674502755764261,5129.1
26|00|72|611|084|148,596,305,291,105,4.1,145,97,596.0,305.0,291.0,144.0,104.81,0.0,code_match,596,0.12344060972103035,4828.2
26|00|72|611|084|168,7164,3678,3486,106,3.2,2249,1957,7163.0,3677.0,3486.0,2249.0,105.48,-1.0,code_match,7164,0.3885375051683659,18438.4
26|00|72|611|084|208,760,397,363,109,3.7,203,115,760.0,397.0,363.0,203.0,109.37,0.0,code_match,760,0.11154109556525969,6813.6
26|00|72|611|084|216,390,192,198,97,3.7,105,119,390.0,192.0,198.0,105.0,96.97,0.0,code_match,390,0.2540472427286059,1535.1
26|00|72|611|776|268,182,107,75,143,2.5,72,40,182.0,107.0,75.0,72.0,142.67,0.0,code_match,182,0.28993658823276736,627.7
26|00|72|611|776|388,5535,2894,2641,110,3.1,1779,1745,5535.0,2894.0,2641.0,1779.0,109.58,0.0,code_match,5535,0.35606670693464354,15544.8
26|00|72|611|811|068,473,240,233,103,4.1,115,121,473.0,240.0,233.0,115.0,103.0,0.0,code_match,473,0.8057444878728236,587.0
26|00|72|611|811|188,419,220,199,111,4.0,105,102,419.0,220.0,199.0,105.0,110.55,0.0,code_match,419,0.3217330228723525,1302.3
26|00|72|611|812|248,732,380,352,108,2.9,251,236,732.0,380.0,352.0,251.0,107.95,0.0,code_match,732,0.19409855486000865,3771.3
26|00|72|611|812|268,774,388,386,101,3.7,210,229,774.0,388.0,386.0,210.0,100.52,0.0,code_match,774,0.074777095315224,10350.8
26|00|72|611|814|408,603,307,296,104,3.3,183,153,603.0,307.0,296.0,183.0,103.72,0.0,code_match,603,0.5415529249035066,1113.5
26|00|72|711|031|048,12878,6604,6271,105,3.4,3800,3548,12877.0,6603.0,6271.0,3800.0,105.29,-1.0,code_match,12878,0.41439178790178743,31076.9
26|00|72|711|031|228,3889,1980,1909,104,3.9,988,898,3890.0,1981.0,1909.0,988.0,103.77,1.0,code_match,3889,0.1895394707361242,20518.2
26|00|72|711|143|028,2511,1832,679,270,7.1,353,376,2514.0,1835.0,679.0,348.0,270.25,3.0,code_match,2511,2.024527464058351,1240.3
26|00|72|711|143|248,1918,955,963,99,3.9,498,420,1918.0,955.0,963.0,497.0,99.17,0.0,code_match,1918,0.8552822544295687,2242.5
26|00|72|711|187|208,1006,522,484,108,3.3,301,265,1004.0,520.0,484.0,301.0,107.44,-2.0,code_match,1006,0.48759883865297937,2063.2
26|00|72|747|689|388,2979,1567,1412,111,3.0,1003,872,2979.0,1567.0,1412.0,1003.0,110.98,0.0,code_match,2979,0.29512031717047865,10094.2
26|00|72|747|778|388,4188,2202,1986,111,3.0,1380,846,4188.0,2202.0,1986.0,1380.0,110.88,0.0,code_match,4188,0.24785735207246987,16896.8
26|00|72|747|888|437,1370,784,586,134,3.2,429,350,1380.0,792.0,588.0,429.0,134.69,10.0,code_match,1370,0.21210727237710406,6459.0
26|00|72|913|151|048,13036,6669,6366,105,2.8,4589,4200,13036.0,6669.0,6366.0,4589.0,104.76,0.0,code_match,13036,0.6358740662769257,20500.9
26|00|72|913|204|068,7173,3643,3530,103,2.5,2885,2810,7173.0,3643.0,3530.0,2885.0,103.2,0.0,code_match,7173,0.7675027698837498,9345.9
26|00|72|913|209|028,24429,12710,11701,109,2.6,9371,8380,24432.0,12713.0,11701.0,9370.0,108.65,3.0,code_match,24429,1.0932079684746498,22346.2
26|00|72|913|209|036,7631,3933,3696,106,2.5,3019,2880,7631.0,3933.0,3696.0,3019.0,106.41,0.0,code_match,7631,0.3427088006171554,22266.7
26|00|72|913|209|068,2789,1391,1398,100,3.4,810,720,2789.0,1391.0,1398.0,810.0,99.5,0.0,code_match,2789,2.033957793640277,1371.2
26|00|72|913|209|128,16092,8325,7767,107,2.7,6005,5684,16091.0,8324.0,7767.0,6005.0,107.17,-1.0,code_match,16092,1.2725098092723894,12645.9
26|00|72|913|209|136,18344,9554,8790,109,2.7,6881,6415,18344.0,9554.0,8790.0,6881.0,108.69,0.0,code_match,18344,1.496069517106988,12261.5
26|00|72|913|209|188,51726,26449,25269,105,2.7,18930,16673,51725.0,26449.0,25268.0,18919.0,104.67,-1.0,code_match,51726,0.2934479635635342,176269.8
26|00|72|913|209|188,51726,26449,25269,105,2.7,18930,16673,51725.0,26449.0,25268.0,18919.0,104.67,-1.0,code_match,51726,0.9149755691991119,56532.7
26|20|32|058|709|376,5536,2893,2643,110,3.8,1465,1245,5536.0,2893.0,2643.0,1465.0,109.46,0.0,code_match,5536,0.09904711513551887,55892.6
26|20|32|059|411|028,367,312,55,567,4.0,91,85,367.0,312.0,55.0,91.0,567.27,0.0,code_match,367,0.14944915221399813,2455.7
26|20|32|059|411|048,2059,1153,906,127,4.1,508,385,2059.0,1153.0,906.0,508.0,127.26,0.0,code_match,2059,0.3071143159595215,6704.3
26|20|32|059|411|140,2046,1204,842,143,3.1,656,730,2046.0,1204.0,842.0,656.0,142.99,0.0,code_match,2046,1.413355319390643,1447.6
26|20|32|059|411|216,1588,974,614,159,3.5,460,400,1588.0,974.0,614.0,460.0,158.63,0.0,code_match,1588,0.4714981170616472,3368.0
26|20|32|059|411|248,22546,11643,10902,107,4.2,5388,5487,22546.0,11643.0,10902.0,5388.0,106.8,0.0,code_match,22546,0.43817494580001737,51454.3
26|20|32|059|411|256,20437,10409,10026,104,4.1,4991,4693,20436.0,10409.0,10025.0,4989.0,103.83,-1.0,code_match,20437,0.543397622520295,37609.7
26|20|32|059|411|308,8375,4268,4106,104,4.2,2006,1325,8375.0,4268.0,4106.0,2006.0,103.95,0.0,code_match,8375,0.21843708998161532,38340.6
26|20|32|060|150|168,1293,690,603,114,4.0,327,400,1293.0,690.0,603.0,325.0,114.43,0.0,code_match,1293,0.015700925592781922,82351.8
26|00|14|742|090|028,1733,1004,729,138,4.7,369,393,1733.0,1004.0,729.0,369.0,137.72,0.0,code_match,1733,0.7238084469056839,2394.3
26|00|14|742|093|028,1224,609,615,99,3.9,310,312,1224.0,609.0,615.0,310.0,99.02,0.0,code_match,1224,1.6389903430716328,746.8
26|00|14|742|093|268,111,62,49,127,4.6,24,38,111.0,62.0,49.0,24.0,126.53,0.0,code_match,111,0.8346565065207953,133.0
26|00|14|742|096|028,2111,1088,1023,106,3.7,564,437,2111.0,1088.0,1023.0,564.0,106.35,0.0,code_match,2111,0.4036472330110738,5229.8
26|00|14|742|096|068,1137,565,572,99,4.1,280,206,1137.0,565.0,572.0,280.0,98.78,0.0,code_match,1137,0.3663100552613046,3103.9
26|00|14|742|101|028,3049,1502,1547,97,4.1,746,594,3049.0,1502.0,1547.0,746.0,97.09,0.0,code_match,3049,1.9077078090787745,1598.3
26|00|14|742|101|368,879,466,413,113,3.6,245,200,880.0,467.0,413.0,245.0,113.08,1.0,code_match,879,0.7264879797411277,1209.9
26|00|14|742|114|028,1521,756,765,99,4.1,373,330,1521.0,756.0,765.0,373.0,98.82,0.0,code_match,1521,1.1827110186501673,1286.0
26|00|14|742|158|048,1503,742,761,98,3.6,418,460,1503.0,742.0,761.0,418.0,97.5,0.0,code_match,1503,0.530886925436972,2831.1
26|00|14|742|158|208,12990,6883,6104,113,3.4,3869,2669,13813.0,7303.0,6507.0,4164.0,112.23,823.0,code_match,12990,2.2272562759352574,5832.3
26|00|14|742|162|028,35,13,22,59,4.4,8,8,35.0,13.0,22.0,8.0,59.09,0.0,code_match,35,0.17207825720912284,203.4
26|00|14|742|193|028,1325,617,708,87,4.2,316,247,1325.0,617.0,708.0,316.0,87.15,0.0,code_match,1325,0.571796727829085,2317.3
26|00|14|742|193|068,2069,997,1072,93,4.1,499,445,2069.0,997.0,1072.0,499.0,93.0,0.0,code_match,2069,1.5981988041632837,1294.6
26|00|14|742|199|068,502,281,221,127,2.6,192,197,502.0,281.0,221.0,192.0,127.15,0.0,code_match,502,0.24317442068800305,2064.4
26|00|14|742|202|068,204,102,102,100,4.4,46,40,204.0,102.0,102.0,46.0,100.0,0.0,code_match,204,0.3145151604545009,648.6
26|00|14|742|442|208,1386,718,668,108,3.8,363,300,1386.0,718.0,668.0,363.0,107.49,0.0,code_match,1386,0.35926380838883204,3857.9
26|00|14|742|574|248,822,436,386,113,4.4,186,183,822.0,436.0,386.0,186.0,112.95,0.0,code_match,822,0.617166717018453,1331.9
26|00|14|742|574|268,536,248,288,86,4.2,129,171,536.0,248.0,288.0,129.0,86.11,0.0,code_match,536,1.8289753925665007,293.1
26|00|14|742|715|348,2556,1473,1083,136,2.9,875,701,2556.0,1473.0,1083.0,875.0,136.01,0.0,code_match,2556,1.019628228619345,2506.8
26|00|14|742|747|368,509,368,141,261,4.9,104,90,509.0,368.0,141.0,104.0,260.99,0.0,code_match,509,0.18546941492116953,2744.4
26|00|14|742|763|368,685,325,360,90,3.7,183,185,685.0,325.0,360.0,183.0,90.28,0.0,code_match,685,0.9977782707328671,686.5
26|00|14|742|769|368,8898,4761,4137,115,3.5,2510,2172,8898.0,4761.0,4137.0,2503.0,115.08,0.0,code_match,8898,3.7386758531850837,2380.0
26|00|14|742|774|368,807,420,387,109,4.1,195,170,807.0,420.0,387.0,195.0,108.53,0.0,code_match,807,0.7420442561809227,1087.5
26|40|14|001|456|048,567,306,261,117,5.0,114,60,567.0,306.0,261.0,114.0,117.24,0.0,code_match,567,0.01357424397911722,41770.3
26|40|14|001|456|068,358,197,161,122,3.7,98,61,358.0,197.0,161.0,98.0,122.36,0.0,code_match,358,0.012747669945931754,28083.6
26|40|14|001|456|080,4342,2255,2087,108,3.7,1162,830,4342.0,2255.0,2087.0,1162.0,108.05,0.0,code_match,4342,0.7297611587983295,5949.9
26|40|14|001|456|208,181,85,96,89,2.7,66,67,181.0,85.0,96.0,66.0,88.54,0.0,code_match,181,0.0507377068561496,3567.4
26|40|14|001|456|308,2389,1167,1220,96,3.9,612,585,2389.0,1167.0,1220.0,609.0,95.66,0.0,code_match,2389,0.11745796580453952,20339.2
26|40|14|001|767|376,130,67,63,106,3.2,41,61,130.0,67.0,63.0,41.0,106.35,0.0,code_match,130,0.11821100738818276,1099.7
26|40|14|002|214|068,302,149,153,97,3.9,77,43,302.0,149.0,153.0,77.0,97.39,0.0,code_match,302,0.013490436198220478,22386.2
26|40|14|002|214|128,1592,764,828,92,4.2,379,360,1592.0,764.0,828.0,379.0,92.27,0.0,code_match,1592,0.11247471739343849,14154.3
26|40|14|002|214|208,154,50,104,48,5.5,28,20,154.0,50.0,104.0,28.0,48.08,0.0,code_match,154,0.005416000463437074,28434.3
26|40|14|002|214|248,909,472,437,108,3.7,243,210,909.0,472.0,437.0,243.0,108.01,0.0,code_match,909,0.041921628970680545,21683.3
26|40|14|002|214|308,1879,929,950,98,3.7,504,465,2871.0,1437.0,1434.0,763.0,100.21,992.0,code_match,1879,0.15376857699149632,12219.7
26|40|14|002|214|348,180,98,82,120,4.2,43,68,182.0,98.0,84.0,43.0,116.67,2.0,code_match,180,0.013546828464813731,13287.2
26|40|14|003|500|028,1425,755,670,113,2.8,503,290,1425.0,755.0,670.0,503.0,112.69,0.0,code_match,1425,0.6437533575718809,2213.6
26|40|14|003|500|036,1634,813,821,99,3.6,453,508,1634.0,813.0,821.0,453.0,99.03,0.0,code_match,1634,0.04879930471578402,33484.1
26|40|14|003|500|044,1699,868,831,105,3.5,482,476,1699.0,868.0,831.0,482.0,104.45,0.0,code_match,1699,0.1244023108688178,13657.3
26|40|14|003|500|068,397,198,199,100,4.3,92,47,397.0,198.0,199.0,92.0,99.5,0.0,code_match,397,0.005174599374169226,76720.9
26|40|14|003|500|076,1129,559,570,98,3.6,318,340,1129.0,559.0,570.0,318.0,98.07,0.0,code_match,1129,0.05585275700554768,20213.9
26|40|14|003|500|128,1398,710,688,103,4.0,348,363,1399.0,711.0,688.0,348.0,103.34,1.0,code_match,1398,0.061311033971280834,22801.8
26|40|14|003|500|228,4188,2242,1946,115,3.3,1287,990,4795.0,2607.0,2188.0,1504.0,119.15,607.0,code_match,4188,0.5299294147746884,7902.9
26|40|14|003|500|268,453,219,234,94,3.7,122,100,453.0,219.0,234.0,122.0,93.59,0.0,code_match,453,0.007965139066713187,56872.8
26|40|14|003|500|308,183,93,90,103,4.7,39,82,183.0,93.0,90.0,39.0,103.33,0.0,code_match,183,0.005441698175196522,33629.2
26|40|14|004|457|068,3350,1738,1612,108,3.8,878,772,3350.0,1738.0,1612.0,878.0,107.82,0.0,code_match,3350,0.17865108630092624,18751.6
26|40|14|004|457|308,707,350,357,98,3.8,188,148,707.0,350.0,357.0,188.0,98.04,0.0,code_match,707,0.03812554392611974,18544.0
26|40|14|004|457|408,945,455,490,93,3.6,262,302,945.0,455.0,490.0,262.0,92.86,0.0,code_match,945,0.06831896125130596,13832.2
26|40|14|004|457|705,589,285,304,94,3.5,169,138,589.0,285.0,304.0,169.0,93.75,0.0,code_match,589,0.039389091747952173,14953.4
26|40|14|004|759|248,756,356,400,89,4.1,186,181,756.0,356.0,400.0,186.0,89.0,0.0,code_match,756,0.035180714525466956,21489.0
26|40|14|004|759|368,457,231,226,102,3.5,129,114,457.0,231.0,226.0,129.0,102.21,0.0,code_match,457,0.05324704479617686,8582.6
26|40|14|005|200|028,2372,1220,1152,106,3.7,648,550,2372.0,1220.0,1152.0,648.0,105.9,0.0,code_match,2372,0.0765475237285868,30987.3
26|40|14|005|200|068,5171,2724,2447,111,3.1,1671,1165,5171.0,2724.0,2447.0,1671.0,111.32,0.0,code_match,5171,0.467208213858595,11067.9
26|40|14|005|200|208,1079,541,538,101,3.8,283,281,1079.0,541.0,538.0,283.0,100.56,0.0,code_match,1079,0.16702388325444625,6460.2
26|40|14|005|200|216,394,197,197,100,3.9,100,90,394.0,197.0,197.0,100.0,100.0,0.0,code_match,394,0.01092024928721537,36079.8
26|40|14|005|200|408,17,8,9,89,3.4,5,10,17.0,8.0,9.0,5.0,88.89,0.0,code_match,17,0.006964561913310131,2440.9
26|40|14|006|469|028,2083,1025,1058,97,3.6,573,366,2083.0,1025.0,1058.0,573.0,96.88,0.0,code_match,2083,0.1097063638321082,18987.0
26|40|14|006|469|168,917,486,431,113,3.1,294,213,917.0,486.0,431.0,294.0,112.76,0.0,code_match,917,0.0548315028991267,16724.0
26|40|14|006|469|208,1377,704,673,105,3.8,360,224,1377.0,704.0,673.0,360.0,104.61,0.0,code_match,1377,0.1007630366303917,13665.7
26|40|14|006|469|216,2316,1146,1170,98,3.1,740,641,2316.0,1146.0,1170.0,740.0,97.95,0.0,code_match,2316,0.1364433809464079,16974.1
26|40|14|007|375|248,6117,3169,2948,108,3.4,1812,1480,6121.0,3170.0,2951.0,1812.0,107.42,4.0,code_match,6117,0.3614511913342092,16923.4
26|40|14|007|375|348,234,122,112,109,4.2,56,50,234.0,122.0,112.0,56.0,108.93,0.0,code_match,234,0.010940766557255831,21387.9
26|40|14|008|654|150,5274,2834,2440,116,3.4,1536,1441,5274.0,2833.0,2441.0,1536.0,116.06,0.0,code_match,5274,0.5148495637625016,10243.8
26|40|14|008|654|308,3545,1542,1999,77,3.5,1000,813,3546.0,1542.0,2000.0,1000.0,77.1,1.0,code_match,3545,0.224704144834368,15776.3
26|40|14|008|654|316,2017,1072,945,113,3.5,578,481,2018.0,1073.0,945.0,578.0,113.54,1.0,code_match,2017,0.06400954714657872,31510.9
26|40|14|009|152|048,2075,1050,1025,102,4.0,524,400,4077.0,2051.0,2026.0,1021.0,101.23,2002.0,code_match,2075,1.1961233426692988,1734.8
26|40|14|009|156|048,6673,3445,3228,107,3.1,2173,1900,6667.0,3444.0,3223.0,2173.0,106.86,-6.0,code_match,6673,0.29251772655711406,22812.3
26|40|14|009|156|308,1794,997,795,125,2.7,664,482,1794.0,997.0,795.0,664.0,125.41,0.0,code_match,1794,0.2750889756773238,6521.5
26|40|14|009|156|388,1909,993,916,108,3.3,577,415,1908.0,993.0,915.0,577.0,108.52,-1.0,code_match,1909,0.16173312734401524,11803.4
26|00|18|142|034|054,471,184,287,64,4.4,106,115,471.0,184.0,287.0,106.0,64.11,0.0,code_match,471,0.15902430686365576,2961.8
26|00|18|142|035|015,0,0,0,0,0.0,0,0,,,,,,,gpkg_only_no_census_match,0,0.5195408132795984,0.0
26|00|18|142|072|028,1073,466,607,77,4.1,262,240,1073.0,466.0,607.0,262.0,76.77,0.0,code_match,1073,0.459720390578473,2334.0
26|00|18|142|075|028,1448,636,812,78,4.3,340,355,1448.0,636.0,812.0,340.0,78.33,0.0,code_match,1448,0.2181815385925176,6636.7
26|00|18|142|114|448,0,0,0,0,0.0,0,0,,,,,,,gpkg_only_no_census_match,0,0.5692499812259182,0.0
26|00|18|142|119|048,593,256,337,76,4.1,146,145,593.0,256.0,337.0,146.0,75.96,0.0,code_match,593,0.14419891255261896,4112.4
26|00|18|142|155|068,2978,1390,1588,88,4.4,676,660,2978.0,1390.0,1588.0,676.0,87.53,0.0,code_match,2978,0.16469409241204547,18082.0
26|00|18|142|155|408,889,410,479,86,4.3,208,140,889.0,410.0,479.0,208.0,85.59,0.0,code_match,889,0.16256434508763978,5468.6
26|00|18|142|296|148,888,416,472,88,4.3,208,266,888.0,416.0,472.0,208.0,88.14,0.0,code_match,888,0.6393450991131477,1388.9
26|00|18|142|411|208,1209,570,639,89,4.3,280,300,1209.0,570.0,639.0,280.0,89.2,0.0,code_match,1209,0.48157402895260276,2510.5
26|00|18|142|412|208,125,61,64,95,4.8,26,45,125.0,61.0,64.0,26.0,95.31,0.0,code_match,125,0.7817330534390219,159.9
26|00|18|142|415|208,1337,606,731,83,4.4,305,350,1337.0,606.0,731.0,305.0,82.9,0.0,code_match,1337,0.6543743393123473,2043.2
26|00|18|142|493|248,891,386,505,76,4.1,217,226,891.0,386.0,505.0,217.0,76.44,0.0,code_match,891,0.3143934910606456,2834.0
26|00|18|142|609|308,751,331,420,79,4.0,189,206,751.0,331.0,420.0,189.0,78.81,0.0,code_match,751,0.7700726958808929,975.2
26|00|18|142|678|068,1271,597,674,89,4.3,293,240,1271.0,597.0,674.0,293.0,88.58,0.0,code_match,1271,0.38738276268177724,3281.0
26|00|18|142|678|408,1261,567,694,82,4.2,302,235,1261.0,567.0,694.0,302.0,81.7,0.0,code_match,1261,0.13975734340387505,9022.8
26|00|18|440|036|063,686,293,393,75,3.8,180,160,686.0,293.0,393.0,180.0,74.55,0.0,code_match,686,0.3723281503425112,1842.5
26|00|18|440|036|168,273,124,149,83,3.5,78,90,273.0,124.0,149.0,78.0,83.22,0.0,code_match,273,0.25703972968213545,1062.1
26|00|18|440|036|308,311,154,157,98,4.5,69,60,311.0,154.0,157.0,69.0,98.09,0.0,code_match,311,0.1402801581875539,2217.0
26|00|18|440|070|028,2904,1289,1615,80,3.9,745,720,2903.0,1288.0,1615.0,745.0,79.75,-1.0,code_match,2904,1.6166007370582753,1796.4
26|00|18|440|070|048,410,168,242,69,4.5,92,120,410.0,168.0,242.0,92.0,69.42,0.0,code_match,410,0.1047313874886138,3914.8
26|00|18|440|109|048,332,162,170,95,4.1,81,85,332.0,162.0,170.0,81.0,95.29,0.0,code_match,332,0.5073513758320766,654.4
26|00|18|440|109|208,720,351,369,95,4.4,163,165,722.0,353.0,369.0,163.0,95.66,2.0,code_match,720,0.2594856707363988,2774.7
26|00|18|440|112|048,3795,1637,2158,76,3.8,997,825,3795.0,1637.0,2158.0,997.0,75.86,0.0,code_match,3795,1.5760703303745864,2407.9
26|00|18|440|112|208,383,174,209,83,3.6,106,50,383.0,174.0,209.0,106.0,83.25,0.0,code_match,383,0.06404164189852972,5980.5
26|00|18|440|116|048,499,244,255,96,3.8,131,130,499.0,244.0,255.0,131.0,95.69,0.0,code_match,499,0.5326060650029583,936.9
26|00|18|440|117|067,1061,498,563,89,4.3,248,220,1061.0,498.0,563.0,248.0,88.45,0.0,code_match,1061,0.11688984642298875,9076.9
26|00|18|440|117|168,288,123,165,75,4.1,71,95,288.0,123.0,165.0,71.0,74.55,0.0,code_match,288,0.1084750459235384,2655.0
26|00|18|440|118|028,549,239,310,77,3.8,144,120,549.0,239.0,310.0,144.0,77.1,0.0,code_match,549,0.16132575853922,3403.1
26|00|18|440|118|308,371,169,202,84,3.5,107,75,371.0,169.0,202.0,107.0,83.66,0.0,code_match,371,0.16313714311011238,2274.2
26|00|18|440|156|068,375,176,199,88,4.0,93,90,375.0,176.0,199.0,93.0,88.44,0.0,code_match,375,0.4919430000157763,762.3
26|00|18|440|366|308,366,159,207,77,3.9,93,60,366.0,159.0,207.0,93.0,76.81,0.0,code_match,366,0.12716974938196277,2878.0
26|00|18|440|402|208,1876,846,1030,82,4.1,461,480,1874.0,846.0,1028.0,461.0,82.3,-2.0,code_match,1876,0.4099873324801839,4575.8
26|00|18|440|402|368,1196,538,658,82,4.3,277,270,1196.0,538.0,658.0,277.0,81.76,0.0,code_match,1196,0.29630505502195015,4036.4
26|00|18|440|413|208,1040,434,606,72,3.8,272,160,1040.0,434.0,606.0,272.0,71.62,0.0,code_match,1040,0.2556272539983453,4068.4
26|00|18|440|490|248,475,222,253,88,3.7,127,120,475.0,222.0,253.0,127.0,87.75,0.0,code_match,475,0.10017221304836635,4741.8
26|00|18|440|610|308,1111,548,563,97,4.1,269,190,1111.0,548.0,563.0,269.0,97.34,0.0,code_match,1111,0.27050283429200755,4107.2
26|00|18|440|610|368,429,188,241,78,3.8,113,125,429.0,188.0,241.0,113.0,78.01,0.0,code_match,429,0.0737194613857841,5819.4
26|00|18|440|716|068,3609,1594,2015,79,4.2,866,772,3609.0,1594.0,2015.0,866.0,79.11,0.0,code_match,3609,0.77230618274429,4673.0
26|00|18|440|716|408,2570,1135,1435,79,3.9,667,701,2570.0,1135.0,1435.0,667.0,79.09,0.0,code_match,2570,2.795094344238575,919.5
26|00|18|507|110|048,1232,568,664,86,4.3,286,245,1231.0,568.0,663.0,286.0,85.67,-1.0,code_match,1232,1.1916759671333785,1033.8
26|00|18|507|111|048,0,0,0,0,0.0,0,0,,,,,,,gpkg_only_no_census_match,0,4.545771989389844,0.0
26|00|18|507|113|048,4731,2161,2570,84,4.1,1159,1060,4731.0,2161.0,2570.0,1159.0,84.09,0.0,code_match,4731,1.7148389669077522,2758.9
26|00|18|507|293|148,1884,823,1061,78,4.1,461,255,1884.0,823.0,1061.0,461.0,77.57,0.0,code_match,1884,0.6785831755873223,2776.4
26|00|18|507|297|148,96,37,59,63,4.2,23,17,95.0,37.0,58.0,23.0,63.79,-1.0,code_match,96,0.0982312449809276,977.3
26|00|18|507|413|216,2555,1234,1320,94,3.8,667,665,2555.0,1234.0,1320.0,667.0,93.48,0.0,code_match,2555,1.1916978370818834,2144.0
26|00|18|507|452|056,3467,1593,1874,85,4.5,771,520,3466.0,1593.0,1873.0,771.0,85.05,-1.0,code_match,3467,0.8173438736036421,4241.8
26|00|18|507|491|248,0,0,0,0,0.0,0,0,,,,,,,gpkg_only_no_census_match,0,3.308864560486828,0.0
26|00|18|507|531|268,1263,566,697,81,4.4,290,250,1264.0,567.0,697.0,289.0,81.35,1.0,code_match,1263,13.420780914960087,94.1
26|00|18|507|611|308,213,86,127,68,4.7,45,62,213.0,86.0,127.0,45.0,67.72,0.0,code_match,213,0.3144929638866679,677.3
26|00|18|507|680|348,4108,1832,2274,81,4.1,994,890,4108.0,1832.0,2274.0,994.0,80.56,0.0,code_match,4108,0.38029337552963816,10802.2
26|00|18|507|718|368,92,41,51,80,5.8,16,22,92.0,41.0,51.0,16.0,80.39,0.0,code_match,92,6.592241899660045,14.0
26|00|18|507|719|368,1615,769,846,91,4.2,383,255,1615.0,769.0,846.0,383.0,90.9,0.0,code_match,1615,0.7764298506804237,2080.0
26|00|18|507|885|572,0,0,0,0,0.0,0,0,,,,,,,gpkg_only_no_census_match,0,10.302026383298372,0.0
26|00|18|516|074|028,2188,969,1219,80,3.9,556,330,2188.0,969.0,1219.0,556.0,79.49,0.0,code_match,2188,0.6586439923863343,3322.0
26|00|18|516|074|236,697,396,301,132,5.2,134,102,698.0,397.0,301.0,134.0,131.89,1.0,code_match,697,0.10111299785885791,6893.3
26|00|18|516|074|237,1263,730,533,137,4.6,274,220,1263.0,730.0,533.0,274.0,136.96,0.0,code_match,1263,0.27286356696151537,4628.7
26|00|18|516|409|208,640,301,339,89,3.5,183,200,640.0,301.0,339.0,183.0,88.79,0.0,code_match,640,0.18631338907458506,3435.1
26|00|18|516|409|216,533,225,308,73,3.6,148,120,533.0,225.0,308.0,148.0,73.05,0.0,code_match,533,0.17219083219208856,3095.4
26|00|18|516|409|251,538,263,275,96,4.0,133,120,538.0,263.0,275.0,133.0,95.64,0.0,code_match,538,0.16221913638505195,3316.5
26|00|18|516|409|368,651,286,365,78,4.0,163,210,651.0,286.0,365.0,163.0,78.36,0.0,code_match,651,0.1300911115174169,5004.2
26|00|18|516|489|028,672,290,382,76,3.8,176,250,672.0,290.0,382.0,176.0,75.92,0.0,code_match,672,0.5557022959198386,1209.3
26|00|18|516|489|148,394,175,219,80,4.0,99,130,394.0,175.0,219.0,99.0,79.91,0.0,code_match,394,0.07789980775345479,5057.8
26|00|18|516|489|248,2055,880,1175,75,3.9,528,440,2055.0,880.0,1175.0,528.0,74.89,0.0,code_match,2055,0.42218080976957656,4867.6
26|00|18|516|489|348,194,90,104,87,4.0,48,40,194.0,90.0,104.0,48.0,86.54,0.0,code_match,194,0.04233688337736786,4582.3
26|00|18|516|492|248,2538,1147,1391,83,3.9,643,469,2538.0,1147.0,1391.0,643.0,82.46,0.0,code_match,2538,1.810498042056973,1401.8
26|00|18|516|492|348,435,194,241,81,3.8,114,130,435.0,194.0,241.0,114.0,80.5,0.0,code_match,435,0.09028498605402828,4818.1
26|00|18|516|496|068,1195,541,654,83,4.0,302,231,1195.0,541.0,654.0,302.0,82.72,0.0,code_match,1195,0.755572208678778,1581.6
26|00|18|516|496|128,1935,1026,909,113,4.4,440,350,1936.0,1027.0,909.0,440.0,112.98,1.0,code_match,1935,0.5046665542108426,3834.2
26|00|18|516|496|248,339,169,170,99,4.0,84,100,339.0,169.0,170.0,84.0,99.41,0.0,code_match,339,1.1189414012112344,303.0
26|00|18|516|496|251,557,194,363,53,4.6,120,160,557.0,194.0,363.0,120.0,53.44,0.0,code_match,557,0.17459470709760275,3190.2
26|00|18|516|496|256,4271,2072,2199,94,4.4,966,741,4271.0,2072.0,2199.0,966.0,94.22,0.0,code_match,4271,2.126084398735394,2008.9
26|00|18|516|496|308,1471,680,791,86,4.3,341,240,1471.0,680.0,791.0,341.0,85.97,0.0,code_match,1471,1.0772423208415642,1365.5
26|00|18|516|605|048,353,160,193,83,4.1,86,110,353.0,160.0,193.0,86.0,82.9,0.0,code_match,353,0.3892230313839674,906.9
26|00|18|516|605|068,1256,529,727,73,4.0,315,360,1256.0,529.0,727.0,315.0,72.76,0.0,code_match,1256,0.5440280365995425,2308.7
26|00|18|516|605|076,2590,1102,1488,74,4.4,590,451,3068.0,1315.0,1753.0,708.0,75.01,478.0,code_match,2590,0.7064444981510135,3666.2
26|00|18|516|605|096,477,212,265,80,4.0,118,120,,,,,,,gpkg_only_no_census_match,477,0.3234982039382711,1474.5
26|00|18|516|605|248,3781,1730,2051,84,4.0,935,913,3781.0,1730.0,2051.0,935.0,84.35,0.0,code_match,3781,1.724867618125918,2192.1
26|00|18|542|715|284,2833,1385,1448,96,4.2,669,642,2833.0,1385.0,1448.0,669.0,95.65,0.0,code_match,2833,0.5730990579848845,4943.3
26|00|18|542|715|348,676,311,365,85,4.0,168,130,676.0,311.0,365.0,168.0,85.21,0.0,code_match,676,0.2795103956830265,2418.5
26|00|18|542|715|368,2826,1292,1534,84,4.0,701,711,2826.0,1292.0,1534.0,701.0,84.22,0.0,code_match,2826,0.8190703070447413,3450.3
26|00|18|542|717|068,5271,2347,2924,80,3.9,1349,1251,5270.0,2346.0,2924.0,1349.0,80.23,-1.0,code_match,5271,3.084937198387699,1708.6
26|00|18|542|717|268,1822,837,985,85,4.0,452,260,1822.0,837.0,985.0,452.0,84.97,0.0,code_match,1822,0.43393899857544543,4198.7
26|00|18|542|717|388,546,258,288,90,4.6,120,130,546.0,258.0,288.0,120.0,89.58,0.0,code_match,546,0.35680136505155297,1530.3
26|00|18|542|717|408,4457,2155,2302,94,4.2,1056,690,4345.0,2086.0,2259.0,1056.0,92.34,-112.0,code_match,4457,3.239968890410797,1375.6
26|00|18|551|153|028,2730,1245,1485,84,4.0,679,795,2730.0,1245.0,1485.0,679.0,83.84,0.0,code_match,2730,0.989188290789783,2759.8
26|00|18|551|153|057,3337,1489,1848,81,4.0,828,725,3337.0,1489.0,1848.0,828.0,80.57,0.0,code_match,3337,0.40898946525936153,8159.1
26|00|18|551|153|308,1673,825,848,97,4.3,388,240,1673.0,825.0,848.0,388.0,97.29,0.0,code_match,1673,0.29802422689761876,5613.6
26|00|18|551|157|248,1794,795,999,80,4.0,452,390,1794.0,795.0,999.0,452.0,79.58,0.0,code_match,1794,1.139932915704386,1573.8
26|00|18|551|294|152,0,0,0,0,0.0,0,0,,,,,,,gpkg_only_no_census_match,0,1.2982414899616153,0.0
26|00|18|551|295|308,383,182,201,91,3.9,97,100,383.0,182.0,201.0,97.0,90.55,0.0,code_match,383,0.24124447628484494,1587.6
26|00|18|551|403|234,0,0,0,0,0.0,0,0,,,,,,,gpkg_only_no_census_match,0,0.47344667496436227,0.0
26|00|18|551|410|248,130,72,58,124,3.7,35,65,130.0,72.0,58.0,35.0,124.14,0.0,code_match,130,1.6292383145836096,79.8
26|00|18|551|534|268,165,76,89,85,4.1,40,50,165.0,76.0,89.0,40.0,85.39,0.0,code_match,165,0.5117982965192551,322.4
26|00|18|551|535|276,0,0,0,0,0.0,0,0,,,,,,,gpkg_only_no_census_match,0,1.0823664184630268,0.0
26|00|18|551|604|308,319,146,173,84,3.8,85,100,319.0,146.0,173.0,85.0,84.39,0.0,code_match,319,0.17748922425849467,1797.3
26|00|18|551|604|316,1420,644,776,83,4.3,329,245,1420.0,644.0,776.0,329.0,82.99,0.0,code_match,1420,1.1659552945367782,1217.9
26|00|18|551|606|321,0,0,0,0,0.0,0,0,,,,,,,gpkg_only_no_census_match,0,1.1497134364503987,0.0
26|00|18|551|608|421,0,0,0,0,0.0,0,0,,,,,,,gpkg_only_no_census_match,0,3.945224390131963,0.0
26|00|18|676|071|088,5783,2622,3161,83,3.8,1504,1070,5783.0,2622.0,3161.0,1504.0,82.95,0.0,code_match,5783,1.3671274299097231,4230.0
26|00|18|676|071|148,389,164,225,73,3.6,108,85,389.0,164.0,225.0,108.0,72.89,0.0,code_match,389,0.09017418729634172,4313.9
26|00|18|676|071|228,995,438,557,79,3.5,284,160,995.0,438.0,557.0,284.0,78.64,0.0,code_match,995,0.6598329725954297,1508.0
26|00|18|676|071|308,1065,506,559,91,3.7,287,160,1065.0,506.0,559.0,287.0,90.52,0.0,code_match,1065,0.27955704851725277,3809.6
26|00|18|676|115|188,1043,469,574,82,3.8,275,230,1043.0,469.0,574.0,275.0,81.71,0.0,code_match,1043,0.47647090382730095,2189.0
26|00|18|676|408|184,745,355,390,91,3.7,199,180,745.0,355.0,390.0,199.0,91.03,0.0,code_match,745,0.7869920315936977,946.6
26|00|18|676|408|216,454,198,256,77,3.7,123,145,454.0,198.0,256.0,123.0,77.34,0.0,code_match,454,0.2492214122980244,1821.7
26|00|18|676|408|224,127,60,67,90,4.4,29,40,260.0,127.0,133.0,61.0,95.49,133.0,name_match_fallback,127,0.012951279763228516,9806.0
26|00|18|676|452|072,514,244,270,90,3.8,134,90,514.0,244.0,270.0,134.0,90.37,0.0,code_match,514,0.13735489059145292,3742.1
26|00|18|676|452|248,1855,825,1030,80,3.8,493,500,1855.0,825.0,1030.0,493.0,80.1,0.0,code_match,1855,0.3115083933504014,5954.9
26|00|18|676|452|296,1239,562,677,83,3.8,322,280,1239.0,562.0,677.0,322.0,83.01,0.0,code_match,1239,0.3310278141425014,3742.9
26|00|18|676|679|208,462,203,259,78,4.1,112,90,462.0,203.0,259.0,112.0,78.38,0.0,code_match,462,0.10690777766773937,4321.5
26|00|18|676|679|348,458,213,245,87,4.1,111,90,458.0,213.0,245.0,111.0,86.94,0.0,code_match,458,0.11984932769481256,3821.5
26|00|18|676|681|348,8250,3758,4492,84,4.0,2086,1650,8249.0,3757.0,4492.0,2086.0,83.64,-1.0,code_match,8250,1.308340836922576,6305.7
26|00|18|710|154|068,237,111,126,88,3.9,61,40,237.0,111.0,126.0,61.0,88.1,0.0,code_match,237,0.48899780678243865,484.7
26|00|18|710|154|128,114,51,63,81,3.9,29,50,114.0,51.0,63.0,29.0,80.95,0.0,code_match,114,0.15838029183632632,719.8
26|00|18|710|257|068,1738,761,977,78,3.5,492,510,1738.0,761.0,977.0,492.0,77.89,0.0,code_match,1738,1.1424701683319087,1521.3
26|00|18|710|405|208,1768,778,990,79,4.2,422,200,1768.0,778.0,990.0,422.0,78.59,0.0,code_match,1768,0.44189806800405257,4000.9
26|00|18|710|487|248,4685,2117,2568,82,4.3,1102,1040,4685.0,2117.0,2568.0,1102.0,82.44,0.0,code_match,4685,1.382367938910646,3389.1
26|00|18|710|487|249,2010,954,1046,91,4.2,473,450,2010.0,954.0,1046.0,473.0,91.2,0.0,code_match,2010,0.413690014711681,4858.7
26|00|18|710|497|128,110,42,68,62,4.2,26,40,110.0,42.0,68.0,26.0,61.76,0.0,code_match,110,0.17178495676755012,640.3
26|00|18|710|497|248,1016,440,576,76,4.1,248,331,1016.0,440.0,576.0,248.0,76.39,0.0,code_match,1016,0.3429910131326123,2962.2
26|00|18|710|720|068,1649,843,806,105,4.3,383,361,1648.0,843.0,805.0,383.0,104.72,-1.0,code_match,1649,1.1594649531363574,1422.2
26|00|18|710|720|076,1641,773,868,89,4.1,396,330,1641.0,773.0,868.0,396.0,89.06,0.0,code_match,1641,2.587094549561348,634.3
26|00|18|710|720|128,301,133,168,79,4.1,73,80,301.0,133.0,168.0,73.0,79.17,0.0,code_match,301,0.12917538343969673,2330.2
26|00|18|710|720|136,2313,1038,1275,81,4.1,565,500,2313.0,1038.0,1275.0,565.0,81.41,0.0,code_match,2313,0.5527755682222277,4184.3
26|00|18|710|720|248,500,233,267,87,4.1,122,100,500.0,233.0,267.0,122.0,87.27,0.0,code_match,500,0.6577232661304248,760.2
26|00|18|710|720|316,3479,1591,1888,84,4.2,831,790,3479.0,1591.0,1888.0,831.0,84.27,0.0,code_match,3479,0.5426130716088396,6411.6
26|00|18|710|720|324,1592,668,924,72,3.9,404,370,2602.0,1107.0,1495.0,671.0,74.05,1010.0,code_match,1592,0.14176443209838085,11229.9
26|00|18|710|720|332,1010,439,571,77,3.8,267,260,,,,,,,gpkg_only_no_census_match,1010,0.31272337791686383,3229.7
26|60|18|001|452|268,1850,887,963,92,4.1,450,270,1851.0,888.0,963.0,450.0,92.21,1.0,code_match,1850,0.18098092851944722,10222.1
26|60|18|001|452|328,2713,1320,1393,95,4.0,677,510,2714.0,1321.0,1393.0,677.0,94.83,1.0,code_match,2713,0.3124512357135386,8683.0
26|60|18|001|452|336,2473,1233,1240,99,3.8,649,370,2473.0,1233.0,1240.0,649.0,99.44,0.0,code_match,2473,0.2544142406648958,9720.4
26|60|18|002|367|068,2163,1099,1064,103,4.1,526,530,2142.0,1077.0,1065.0,526.0,101.13,-21.0,code_match,2163,0.3253667694159271,6647.9
26|60|18|002|367|408,1732,820,912,90,3.9,442,330,1732.0,820.0,912.0,442.0,89.91,0.0,code_match,1732,0.255814605366768,6770.5
26|60|18|002|408|232,1384,639,745,86,4.1,338,380,260.0,127.0,133.0,61.0,95.49,-1124.0,name_match_fallback,1384,0.30397279667787686,4553.0
26|60|18|003|367|416,1164,539,625,86,4.2,279,250,1164.0,539.0,625.0,279.0,86.24,0.0,code_match,1164,0.15976593119154342,7285.7
26|60|18|003|367|432,759,323,436,74,3.9,193,190,759.0,323.0,436.0,193.0,74.08,0.0,code_match,759,0.11443601675305494,6632.5
26|60|18|003|367|440,748,327,421,78,3.9,190,180,748.0,327.0,421.0,190.0,77.67,0.0,code_match,748,0.11547451126382723,6477.6
26|60|18|003|367|456,773,340,433,79,3.9,200,190,772.0,339.0,433.0,200.0,78.29,-1.0,code_match,773,0.11910220286651928,6490.2
26|60|18|003|408|168,1274,564,710,79,4.1,307,240,1271.0,564.0,707.0,307.0,79.77,-3.0,code_match,1274,0.9042600758454381,1408.9
26|60|18|003|408|428,1442,624,818,76,4.0,363,430,1441.0,623.0,818.0,363.0,76.16,-1.0,code_match,1442,0.14221813781346446,10139.4
26|60|18|004|367|068,923,438,485,90,4.3,215,140,923.0,438.0,485.0,215.0,90.31,0.0,code_match,923,0.09771861703140132,9445.5
26|60|18|004|367|100,3172,1506,1666,90,4.1,776,560,3152.0,1487.0,1665.0,776.0,89.31,-20.0,code_match,3172,0.3868087386007728,8200.4
26|60|18|004|367|424,2411,1094,1317,83,4.0,606,480,2411.0,1094.0,1317.0,606.0,83.07,0.0,code_match,2411,0.2955113011069635,8158.7
26|60|18|004|367|448,902,419,483,87,4.2,215,125,902.0,419.0,483.0,215.0,86.75,0.0,code_match,902,0.18722435798670448,4817.7
26|60|18|005|367|084,1399,660,739,89,3.8,364,340,1399.0,660.0,739.0,364.0,89.31,0.0,code_match,1399,0.18432330830730928,7589.9
26|60|18|005|367|092,941,425,516,82,3.8,246,210,941.0,425.0,516.0,246.0,82.36,0.0,code_match,941,0.4257914237502517,2210.0
26|60|18|005|367|108,2215,1016,1199,85,3.9,568,550,2214.0,1015.0,1199.0,568.0,84.65,-1.0,code_match,2215,0.4500524236564405,4921.6
26|60|18|005|536|276,673,284,389,73,4.2,162,140,673.0,284.0,389.0,162.0,73.01,0.0,code_match,673,0.10941927845775029,6150.7
26|60|18|006|073|028,2160,1045,1115,94,4.4,490,280,2160.0,1045.0,1115.0,490.0,93.72,0.0,code_match,2160,0.43689825551154843,4943.9
26|60|18|006|367|076,1109,574,535,107,4.2,261,261,1109.0,574.0,535.0,261.0,107.29,0.0,code_match,1109,0.19981426992893078,5550.2
26|60|18|006|452|064,1416,740,676,110,3.8,371,280,1415.0,739.0,676.0,371.0,109.32,-1.0,code_match,1416,0.16154976662531328,8765.1
26|60|18|006|536|276,1683,837,846,99,4.5,377,351,1683.0,837.0,846.0,377.0,98.94,0.0,code_match,1683,0.6452895026277011,2608.1
26|60|18|007|258|076,5427,2472,2955,84,4.0,1342,930,5428.0,2472.0,2956.0,1342.0,83.63,1.0,code_match,5427,1.8976506383532614,2859.9
26|60|18|007|404|208,852,383,469,82,4.7,183,230,852.0,383.0,469.0,183.0,81.66,0.0,code_match,852,0.5010516131409847,1700.4
26|60|18|007|720|076,377,167,210,80,4.0,95,100,377.0,167.0,210.0,95.0,79.52,0.0,code_match,377,0.2600533268087862,1449.7
26|60|18|008|257|028,2171,965,1206,80,3.9,559,410,2171.0,965.0,1206.0,559.0,80.02,0.0,code_match,2171,1.4856397690887042,1461.3
26|60|18|008|257|208,1231,561,670,84,3.9,318,420,1231.0,561.0,670.0,318.0,83.73,0.0,code_match,1231,0.42427330763672083,2901.4
26|60|18|008|257|268,1086,554,532,104,4.5,244,204,1086.0,554.0,532.0,244.0,104.14,0.0,code_match,1086,0.9676891945662259,1122.3
26|60|18|009|449|228,1131,504,627,80,3.7,302,220,1131.0,504.0,627.0,302.0,80.38,0.0,code_match,1131,1.0822284043485328,1045.1
26|60|18|009|449|232,430,206,224,92,4.0,108,90,260.0,127.0,133.0,61.0,95.49,-170.0,name_match_fallback,430,0.05637268452386977,7627.8
26|60|18|009|449|348,190,76,114,67,4.0,48,100,190.0,76.0,114.0,48.0,66.67,0.0,code_match,190,1.0530835308709434,180.4
26|60|18|009|919|068,1164,514,650,79,3.9,296,330,1164.0,514.0,650.0,296.0,79.08,0.0,code_match,1164,0.2277450748771833,5111.0
26|60|18|009|919|408,2836,1301,1535,85,4.0,712,640,2836.0,1301.0,1535.0,712.0,84.76,0.0,code_match,2836,1.0373964029998275,2733.8
26|00|38|109|144|048,8332,4375,3952,111,3.5,2349,2035,8332.0,4375.0,3952.0,2328.0,110.7,0.0,code_match,8332,0.0819378362560213,101686.8
26|00|38|109|144|128,1599,834,765,109,3.9,415,450,1599.0,834.0,765.0,415.0,109.02,0.0,code_match,1599,0.029049731460329645,55043.5
26|00|38|109|144|208,4238,2243,1995,112,3.7,1157,1160,4238.0,2243.0,1995.0,1157.0,112.43,0.0,code_match,4238,0.06816168972060646,62175.7
26|00|38|109|144|268,3086,1600,1486,108,3.9,799,680,3084.0,1600.0,1484.0,799.0,107.82,-2.0,code_match,3086,0.017588926885903248,175451.3
26|00|38|109|144|408,2317,1197,1120,107,3.8,607,535,2317.0,1197.0,1120.0,606.0,106.88,0.0,code_match,2317,0.019069034070849818,121505.9
26|00|38|109|393|308,3326,1717,1609,107,3.8,884,725,3326.0,1717.0,1609.0,884.0,106.71,0.0,code_match,3326,0.028896318609057083,115101.2
26|00|38|109|393|316,11582,6637,4945,134,3.9,2982,2739,11599.0,6654.0,4945.0,2982.0,134.56,17.0,code_match,11582,0.1065173398155838,108733.5
26|00|38|109|393|324,5536,3198,2338,137,4.0,1383,1174,5553.0,3215.0,2338.0,1383.0,137.51,17.0,code_match,5536,0.12158416529401642,45532.2
26|00|38|109|393|332,5613,4936,677,729,3.9,1430,1380,5667.0,4983.0,684.0,1430.0,728.51,54.0,code_match,5613,0.07833919764388048,71650.0
26|00|38|109|393|340,2977,1586,1391,114,3.7,798,660,2977.0,1586.0,1391.0,798.0,114.02,0.0,code_match,2977,0.028731109564491448,103615.9
26|00|38|109|393|348,2181,1404,777,181,3.5,628,570,2183.0,1406.0,777.0,628.0,180.95,2.0,code_match,2181,0.12270582416577892,17774.2
26|00|38|109|393|356,5148,3078,2070,149,3.9,1326,810,5148.0,3078.0,2070.0,1326.0,148.7,0.0,code_match,5148,0.03155225407754264,163157.9
26|00|38|109|393|364,11059,9338,1721,543,3.5,3179,3420,11265.0,9518.0,1747.0,3179.0,544.82,206.0,code_match,11059,0.17102157948712993,64664.4
26|00|38|109|393|372,2102,1117,985,113,3.9,542,530,2102.0,1117.0,985.0,542.0,113.4,0.0,code_match,2102,0.03823749634499258,54972.2
26|00|38|109|393|380,6102,3203,2899,111,3.8,1619,1090,6102.0,3203.0,2899.0,1619.0,110.49,0.0,code_match,6102,0.04052052904612524,150590.3
26|00|38|109|429|208,4247,3063,1178,260,3.9,1079,810,4247.0,3063.0,1178.0,1079.0,260.02,0.0,code_match,4247,0.03377329973339471,125750.2
26|00|38|143|000|000,0,0,0,0,0.0,0,0,,,,,,,gpkg_only_no_census_match,0,1.15514640840679,0.0
26|00|38|143|075|028,4273,2215,2058,108,4.1,1046,788,4273.0,2215.0,2058.0,1046.0,107.63,0.0,code_match,4273,1.1825744182209021,3613.3
26|00|38|143|075|068,2204,1062,1142,93,3.6,614,595,2204.0,1062.0,1142.0,613.0,92.99,0.0,code_match,2204,0.8751804307489233,2518.3
26|00|38|143|086|028,1306,689,617,112,4.4,299,260,1306.0,689.0,617.0,299.0,111.67,0.0,code_match,1306,0.34089343802714955,3831.1
26|00|38|143|086|048,383,198,185,107,4.2,92,78,383.0,198.0,185.0,92.0,107.03,0.0,code_match,383,0.3869821867402584,989.7
26|00|38|143|086|268,231,130,101,129,4.4,52,60,231.0,130.0,101.0,52.0,128.71,0.0,code_match,231,0.08493885895931769,2719.6
26|00|38|143|086|388,60,29,31,94,4.0,15,13,60.0,29.0,31.0,15.0,93.55,0.0,code_match,60,0.06393377571777167,938.5
26|00|38|143|086|408,1181,627,554,113,4.2,279,195,1179.0,627.0,552.0,278.0,113.59,-2.0,code_match,1181,0.8602350497277307,1372.9
26|00|38|143|095|028,224,125,99,126,3.1,72,68,224.0,125.0,99.0,72.0,126.26,0.0,code_match,224,0.15446950577500504,1450.1
26|00|38|143|095|036,556,314,242,130,4.0,139,117,556.0,314.0,242.0,139.0,129.75,0.0,code_match,556,1.2223527333266504,454.9
26|00|38|143|095|054,789,417,372,112,3.7,214,203,789.0,417.0,372.0,214.0,112.1,0.0,code_match,789,0.7826443807222537,1008.1
26|00|38|143|136|028,4687,2295,2392,96,3.5,1338,1200,4687.0,2295.0,2392.0,1338.0,95.94,0.0,code_match,4687,2.142927539327949,2187.2
26|00|38|143|136|036,1312,621,691,90,3.8,347,302,1312.0,621.0,691.0,346.0,89.87,0.0,code_match,1312,0.509727892927018,2573.9
26|00|38|143|136|044,4584,2373,2211,107,3.9,1184,1160,4583.0,2373.0,2210.0,1183.0,107.38,-1.0,code_match,4584,0.7053474249549799,6498.9
26|00|38|143|136|068,747,408,339,120,3.0,249,185,747.0,408.0,339.0,249.0,120.35,0.0,code_match,747,0.5159888025898411,1447.7
26|00|38|143|136|076,2955,1573,1382,114,4.2,700,644,2955.0,1573.0,1382.0,700.0,113.82,0.0,code_match,2955,1.9808895673544384,1491.8
26|00|38|143|136|348,3448,1877,1571,120,4.3,793,636,3446.0,1877.0,1569.0,793.0,119.63,-2.0,code_match,3448,0.4561462272224999,7559.0
26|00|38|143|137|048,910,431,479,90,3.2,282,344,910.0,431.0,479.0,282.0,89.98,0.0,code_match,910,1.1446974998997268,795.0
26|00|38|143|183|068,1372,686,686,100,3.8,359,200,1372.0,686.0,686.0,359.0,100.0,0.0,code_match,1372,0.37078296807061895,3700.3
26|00|38|143|185|068,420,196,224,88,3.8,111,120,420.0,196.0,224.0,111.0,87.5,0.0,code_match,420,0.9289858993052951,452.1
26|00|38|143|185|208,489,237,252,94,4.3,115,117,489.0,237.0,252.0,115.0,94.05,0.0,code_match,489,0.4733703301566073,1033.0
26|00|38|143|185|248,457,238,219,109,4.3,106,118,457.0,238.0,219.0,106.0,108.68,0.0,code_match,457,0.3960805773710965,1153.8
26|00|38|143|433|208,503,259,244,106,4.3,116,112,503.0,259.0,244.0,116.0,106.15,0.0,code_match,503,1.0428003997859945,482.4
26|00|38|143|433|216,935,505,430,117,4.1,229,225,935.0,505.0,430.0,229.0,117.44,0.0,code_match,935,0.8355983653077673,1119.0
26|00|38|143|435|208,1416,807,609,133,4.1,342,287,1415.0,807.0,608.0,342.0,132.73,-1.0,code_match,1416,0.42759827246146315,3311.5
26|00|38|143|435|216,117,55,62,89,3.0,39,35,117.0,55.0,62.0,39.0,88.71,0.0,code_match,117,0.17944962789786245,652.0
26|00|38|143|616|308,692,353,338,104,3.4,206,220,692.0,353.0,338.0,205.0,104.44,0.0,code_match,692,0.4290702256975304,1612.8
26|00|38|143|684|000,0,0,0,0,0.0,0,0,,,,,,,gpkg_only_no_census_match,0,0.3142149145525082,0.0
26|00|38|143|760|068,971,464,507,92,4.3,226,205,971.0,464.0,507.0,226.0,91.52,0.0,code_match,971,0.5565481900975005,1744.7
26|00|38|143|760|408,561,298,262,114,2.6,213,150,561.0,298.0,262.0,213.0,113.74,0.0,code_match,561,0.16459371669050019,3408.4
26|00|38|143|760|416,1118,567,551,103,4.5,247,160,1118.0,567.0,551.0,247.0,102.9,0.0,code_match,1118,0.1443076856959325,7747.3
26|00|38|342|132|028,1014,575,439,131,5.0,201,207,1013.0,574.0,439.0,201.0,130.75,-1.0,code_match,1014,0.6450900118578509,1571.9
26|00|38|342|132|048,375,184,191,96,4.1,92,113,375.0,184.0,191.0,92.0,96.34,0.0,code_match,375,0.1737206322965878,2158.6
26|00|38|342|132|054,1840,930,910,102,4.2,439,440,1840.0,930.0,910.0,439.0,102.2,0.0,code_match,1840,0.6889742403673814,2670.6
26|00|38|342|132|168,1856,868,988,88,3.8,485,440,1856.0,868.0,988.0,485.0,87.85,0.0,code_match,1856,0.6064232694896111,3060.6
26|00|38|342|132|208,1349,685,663,103,4.5,301,306,1349.0,685.0,664.0,301.0,103.16,0.0,code_match,1349,1.0193541679822586,1323.4
26|00|38|342|132|216,2654,1423,1231,116,4.3,614,412,2654.0,1423.0,1231.0,612.0,115.6,0.0,code_match,2654,2.243708579051751,1182.9
26|00|38|342|138|228,1737,1020,717,142,4.3,402,290,1735.0,1020.0,715.0,402.0,142.66,-2.0,code_match,1737,0.8511826462797969,2040.7
26|00|38|342|138|248,959,472,487,97,4.1,234,170,959.0,472.0,487.0,234.0,96.92,0.0,code_match,959,0.6469994035527176,1482.2
26|00|38|342|322|028,4137,1976,2161,91,3.8,1082,870,4137.0,1976.0,2161.0,1082.0,91.44,0.0,code_match,4137,0.9446635427466501,4379.3
26|00|38|342|322|036,1564,761,803,95,3.7,421,404,1564.0,761.0,803.0,421.0,94.77,0.0,code_match,1564,0.7301175276216536,2142.1
26|00|38|342|322|044,1018,519,499,104,4.1,250,230,1018.0,519.0,499.0,250.0,104.01,0.0,code_match,1018,0.39456214847882304,2580.1
26|00|38|342|322|052,2014,1148,866,133,4.5,445,440,2014.0,1148.0,866.0,445.0,132.56,0.0,code_match,2014,0.7034124808930359,2863.2
26|00|38|342|322|054,2320,1053,1267,83,4.1,564,520,2320.0,1053.0,1267.0,564.0,83.11,0.0,code_match,2320,0.7245105583117726,3202.2
26|00|38|342|322|088,2503,1197,1306,92,3.9,643,612,2503.0,1197.0,1306.0,643.0,91.65,0.0,code_match,2503,2.2046519031523912,1135.3
26|00|38|342|322|168,998,450,548,82,3.8,263,206,998.0,450.0,548.0,263.0,82.12,0.0,code_match,998,0.5954194974667006,1676.1
26|00|38|342|322|208,546,270,276,98,4.5,121,115,546.0,270.0,276.0,121.0,97.83,0.0,code_match,546,0.2946273253868724,1853.2
26|00|38|342|322|228,453,229,224,102,4.2,107,100,453.0,229.0,224.0,107.0,102.23,0.0,code_match,453,0.32491704925644327,1394.2
26|00|38|342|322|348,698,339,359,94,4.0,173,170,698.0,339.0,359.0,173.0,94.43,0.0,code_match,698,0.4744535738851006,1471.2
26|00|38|342|322|368,1222,591,631,94,3.7,332,273,1222.0,591.0,631.0,332.0,93.66,0.0,code_match,1222,0.5853011049556668,2087.8
26|00|38|342|323|148,1095,538,557,97,4.0,273,270,1095.0,538.0,557.0,273.0,96.59,0.0,code_match,1095,1.5599799871298514,701.9
26|00|38|342|323|248,1114,550,564,98,4.2,266,273,1114.0,550.0,564.0,266.0,97.52,0.0,code_match,1114,1.2554446329873257,887.3
26|00|38|342|389|188,1068,510,558,91,3.8,282,341,1068.0,510.0,558.0,282.0,91.4,0.0,code_match,1068,0.6034973406832054,1769.7
26|00|38|342|389|208,812,373,439,85,3.8,213,170,812.0,373.0,439.0,213.0,84.97,0.0,code_match,812,1.324213040251344,613.2
26|00|38|342|506|028,980,478,502,95,4.2,231,206,980.0,478.0,502.0,231.0,95.22,0.0,code_match,980,0.2116892624623954,4629.4
26|00|38|342|506|188,1237,573,664,86,3.9,318,200,1237.0,573.0,664.0,318.0,86.3,0.0,code_match,1237,0.14434652345488294,8569.7
26|00|38|342|506|248,3544,1700,1844,92,3.8,936,713,3544.0,1700.0,1844.0,936.0,92.19,0.0,code_match,3544,1.095032278033305,3236.4
26|00|38|342|506|348,789,413,376,110,3.5,228,210,789.0,413.0,376.0,228.0,109.84,0.0,code_match,789,0.2759003712813155,2859.7
26|00|38|409|139|048,5757,3042,2715,112,4.0,1450,1558,5756.0,3041.0,2715.0,1449.0,112.01,-1.0,code_match,5757,0.10277015031984281,56018.2
26|00|38|409|139|128,2223,1149,1074,107,4.1,547,450,2223.0,1150.0,1073.0,547.0,107.18,0.0,code_match,2223,0.041350940317217505,53759.4
26|00|38|409|139|228,2228,1199,1029,117,4.2,532,438,2237.0,1208.0,1029.0,532.0,117.4,9.0,code_match,2228,0.06667800532953813,33414.3
26|00|38|409|179|028,18578,9952,8626,115,3.4,5442,4517,18576.0,9952.0,8624.0,5441.0,115.4,-2.0,code_match,18578,0.21839277339644972,85066.9
26|00|38|409|179|068,3031,1528,1503,102,3.6,846,730,3031.0,1528.0,1503.0,846.0,101.66,0.0,code_match,3031,0.04239862429783058,71488.2
26|00|38|409|392|028,2240,1136,1104,103,4.0,556,480,2240.0,1136.0,1104.0,556.0,102.9,0.0,code_match,2240,0.03451565624597252,64898.1
26|00|38|409|392|056,9044,4668,4372,107,3.4,2641,1824,9044.0,4668.0,4372.0,2641.0,106.77,0.0,code_match,9044,0.16019080720774903,56457.7
26|00|38|409|392|148,4304,2279,2025,113,4.0,1083,1047,4304.0,2279.0,2025.0,1083.0,112.54,0.0,code_match,4304,0.05603070427075837,76815.0
26|00|38|409|392|156,4321,2149,2172,99,3.7,1162,1120,4321.0,2149.0,2172.0,1162.0,98.94,0.0,code_match,4321,0.04805982967409856,89908.8
26|00|38|409|392|168,11967,6435,5531,116,3.6,3287,2781,11966.0,6435.0,5530.0,3284.0,116.37,-1.0,code_match,11967,0.1257031686554729,95200.5
26|00|38|409|392|188,1630,839,791,106,3.5,471,510,1630.0,839.0,791.0,471.0,106.07,0.0,code_match,1630,0.016698421540627655,97614.0
26|00|38|409|392|268,5026,2581,2445,106,3.6,1414,1220,5026.0,2581.0,2445.0,1413.0,105.56,0.0,code_match,5026,0.06696160458525638,75057.9
26|00|38|409|392|308,2282,1192,1090,109,3.7,613,625,2289.0,1199.0,1090.0,613.0,110.0,7.0,code_match,2282,0.17845400705793663,12787.6
26|00|38|409|505|028,2797,1470,1327,111,3.5,804,650,2797.0,1470.0,1327.0,804.0,110.78,0.0,code_match,2797,0.06498834663565549,43038.5
26|00|38|409|505|048,2794,1519,1275,119,4.0,692,635,2794.0,1519.0,1275.0,692.0,119.14,0.0,code_match,2794,0.03968929937856589,70396.8
26|00|38|409|505|056,3568,1830,1738,105,4.0,893,745,3567.0,1829.0,1738.0,893.0,105.24,-1.0,code_match,3568,0.058124643686809925,61385.3
26|00|38|409|505|208,1060,554,506,110,3.5,307,375,1060.0,554.0,506.0,307.0,109.49,0.0,code_match,1060,0.0083206735164379,127393.5
26|00|38|409|505|216,4934,2535,2399,106,3.9,1250,1106,4934.0,2535.0,2399.0,1250.0,105.67,0.0,code_match,4934,0.17592339478274066,28046.3
26|00|38|409|505|248,20653,10678,9975,107,3.9,5336,4776,20653.0,10678.0,9975.0,5336.0,107.05,0.0,code_match,20653,0.37026688089657983,55778.7
26|00|38|409|505|268,6432,3296,3136,105,3.7,1721,1248,6432.0,3296.0,3136.0,1721.0,105.1,0.0,code_match,6432,0.06397411544319855,100540.7
26|00|38|409|505|348,9901,5037,4864,104,3.9,2563,2298,9900.0,5037.0,4863.0,2563.0,103.58,-1.0,code_match,9901,0.17543474306474452,56436.9
26|00|38|443|034|016,494,222,272,82,2.9,168,64,494.0,222.0,272.0,168.0,81.62,0.0,code_match,494,0.9926864548112433,497.6
26|00|38|443|034|028,85,42,43,98,4.5,19,20,85.0,42.0,43.0,19.0,97.67,0.0,code_match,85,0.05613607926742869,1514.2
26|00|38|443|034|036,428,224,204,110,3.6,118,128,428.0,224.0,204.0,118.0,109.8,0.0,code_match,428,0.07368049188314393,5808.9
26|00|38|443|034|049,1304,636,668,95,3.6,367,320,1304.0,636.0,668.0,367.0,95.21,0.0,code_match,1304,1.6144786041403918,807.7
26|00|38|443|034|168,140,71,69,103,4.4,32,20,140.0,71.0,69.0,32.0,102.9,0.0,code_match,140,0.0672987633101308,2080.3
26|00|38|443|034|268,1070,575,495,116,3.7,288,251,1070.0,575.0,495.0,288.0,116.16,0.0,code_match,1070,0.2969366286838709,3603.5
26|00|38|443|034|348,921,483,438,110,3.7,248,167,921.0,483.0,438.0,248.0,110.27,0.0,code_match,921,0.16121824333076606,5712.8
26|00|38|443|034|368,100,47,53,89,3.2,31,45,100.0,47.0,53.0,31.0,88.68,0.0,code_match,100,0.09025729452144934,1107.9
26|00|38|443|034|388,408,286,122,234,4.9,84,129,408.0,286.0,122.0,84.0,234.43,0.0,code_match,408,0.048226252916244716,8460.1
26|00|38|443|036|016,1017,482,535,90,3.4,299,374,1017.0,482.0,535.0,299.0,90.09,0.0,code_match,1017,0.35912440595277406,2831.9
26|00|38|443|036|048,624,306,318,96,3.7,170,198,624.0,306.0,318.0,170.0,96.23,0.0,code_match,624,0.8744749476053024,713.6
26|00|38|443|036|053,1021,502,519,97,3.5,289,345,1021.0,502.0,519.0,289.0,96.72,0.0,code_match,1021,0.6591037253212195,1549.1
26|00|38|443|036|128,637,303,334,91,3.2,201,275,637.0,303.0,334.0,201.0,90.72,0.0,code_match,637,0.208904578778585,3049.2
26|00|38|443|037|054,863,403,460,88,3.9,222,212,863.0,403.0,460.0,222.0,87.61,0.0,code_match,863,0.41718662078226443,2068.6
26|00|38|443|076|028,107,56,51,110,3.2,33,53,107.0,56.0,51.0,33.0,109.8,0.0,code_match,107,0.2987024479414751,358.2
26|00|38|443|084|268,387,202,185,109,3.0,128,65,387.0,202.0,185.0,128.0,109.19,0.0,code_match,387,0.8489982398157875,455.8
26|00|38|443|088|028,1636,809,826,98,3.5,466,480,1636.0,809.0,826.0,466.0,97.94,0.0,code_match,1636,0.86965386852455,1881.2
26|00|38|443|088|036,1525,684,841,81,3.4,443,380,1524.0,684.0,840.0,443.0,81.43,-1.0,code_match,1525,0.71955704861067,2119.4
26|00|38|443|088|208,1609,754,855,88,3.4,469,419,1609.0,754.0,855.0,469.0,88.19,0.0,code_match,1609,0.8421119360342082,1910.7
26|00|38|443|088|248,51,23,28,82,3.0,17,55,51.0,23.0,28.0,17.0,82.14,0.0,code_match,51,0.03971280279182869,1284.2
26|00|38|443|088|348,416,215,201,107,3.7,112,75,416.0,215.0,201.0,112.0,106.97,0.0,code_match,416,0.14002853728618259,2970.8
26|00|38|443|091|028,784,375,409,92,3.7,212,206,784.0,375.0,409.0,212.0,91.69,0.0,code_match,784,0.3712078310281491,2112.0
26|00|38|443|091|048,1187,548,639,86,3.5,337,356,1187.0,548.0,639.0,337.0,85.76,0.0,code_match,1187,0.17736497259376122,6692.4
26|00|38|443|091|208,1821,865,956,91,3.3,560,658,1821.0,865.0,956.0,560.0,90.48,0.0,code_match,1821,0.6218349193171336,2928.4
26|00|38|443|091|248,345,175,170,103,3.1,111,120,345.0,175.0,170.0,110.0,102.94,0.0,code_match,345,0.41800718064660325,825.3
26|00|38|443|091|268,749,356,393,91,3.6,207,185,749.0,356.0,393.0,207.0,90.59,0.0,code_match,749,0.2299812144655974,3256.8
26|00|38|443|091|348,430,209,221,95,3.6,120,70,430.0,209.0,221.0,120.0,94.57,0.0,code_match,430,0.07213970846575843,5960.7
26|00|38|443|091|368,847,382,465,82,3.6,235,170,847.0,382.0,465.0,235.0,82.15,0.0,code_match,847,0.4551639674960176,1860.9
26|00|38|443|091|388,790,386,404,96,3.5,226,225,790.0,386.0,404.0,226.0,95.54,0.0,code_match,790,0.2505213399033222,3153.4
26|00|38|443|135|048,1517,745,772,97,2.9,522,653,3018.0,1430.0,1588.0,983.0,90.05,1501.0,code_match,1517,0.7837020920506219,1935.7
26|00|38|443|251|108,2554,1273,1281,99,3.5,721,602,2554.0,1273.0,1281.0,721.0,99.38,0.0,code_match,2554,0.5363547805632407,4761.8
26|00|38|443|390|028,159,71,88,81,3.2,50,75,159.0,71.0,88.0,50.0,80.68,0.0,code_match,159,0.04895470753426443,3247.9
26|00|38|443|390|048,1663,813,850,96,3.9,422,455,1663.0,813.0,850.0,422.0,95.65,0.0,code_match,1663,0.16242448421273464,10238.6
26|00|38|443|390|056,601,283,318,89,3.4,179,115,601.0,283.0,318.0,179.0,88.99,0.0,code_match,601,0.039078648025838436,15379.2
26|00|38|443|390|188,1391,644,747,86,3.7,378,413,1391.0,644.0,747.0,378.0,86.21,0.0,code_match,1391,0.42081807034299823,3305.5
26|00|38|443|390|268,337,174,163,107,4.2,81,110,337.0,174.0,163.0,81.0,106.75,0.0,code_match,337,0.021492210324363395,15680.1
26|00|38|443|427|064,836,423,413,102,3.8,218,165,836.0,423.0,413.0,218.0,102.42,0.0,code_match,836,0.15655838771327257,5339.9
26|00|38|443|427|208,111,58,53,109,3.0,37,27,111.0,58.0,53.0,37.0,109.43,0.0,code_match,111,0.049797502553382555,2229.0
26|00|38|443|427|248,347,166,181,92,3.2,107,126,347.0,166.0,181.0,107.0,91.71,0.0,code_match,347,0.21110241744981595,1643.8
26|00|38|443|427|256,2148,1094,1054,104,3.4,629,419,2145.0,1091.0,1054.0,629.0,103.51,-3.0,code_match,2148,0.274225466545977,7833.0
26|00|38|443|427|368,922,444,478,93,3.5,267,192,922.0,444.0,478.0,267.0,92.89,0.0,code_match,922,0.21300240354266667,4328.6
26|00|38|443|427|376,1179,594,585,102,3.7,316,262,1179.0,594.0,585.0,316.0,101.54,0.0,code_match,1179,0.12493209793809776,9437.1
26|00|38|443|434|208,3320,1498,1822,82,3.7,899,818,4068.0,2166.0,1902.0,981.0,113.88,748.0,code_match,3320,2.395502957237209,1385.9
26|00|38|443|510|248,1057,478,579,83,3.5,302,259,1057.0,478.0,579.0,302.0,82.56,0.0,code_match,1057,0.43236694995868713,2444.7
26|00|38|443|510|308,289,128,161,80,4.1,70,51,289.0,128.0,161.0,70.0,79.5,0.0,code_match,289,0.01778455712585423,16250.1
26|00|38|443|510|348,207,98,109,90,4.4,47,55,207.0,98.0,109.0,47.0,89.91,0.0,code_match,207,0.02018946977381456,10252.9
26|00|38|443|510|368,232,115,117,98,2.7,85,87,232.0,115.0,117.0,85.0,98.29,0.0,code_match,232,0.03274110357723069,7085.9
26|00|38|443|545|268,740,383,357,107,3.6,204,310,740.0,383.0,357.0,204.0,107.28,0.0,code_match,740,0.5769193351344415,1282.7
26|00|38|443|546|268,474,234,240,98,3.2,147,175,474.0,234.0,240.0,147.0,97.5,0.0,code_match,474,0.6631782844642024,714.7
26|00|38|443|547|268,1688,814,874,93,3.6,467,400,1688.0,814.0,874.0,467.0,93.14,0.0,code_match,1688,0.43703890489940606,3862.4
26|00|38|443|719|368,134,70,64,109,3.8,35,81,134.0,70.0,64.0,35.0,109.38,0.0,code_match,134,0.11379607575064252,1177.5
26|00|38|443|720|368,213,104,109,95,3.0,70,68,213.0,104.0,109.0,70.0,95.41,0.0,code_match,213,0.09476899722906604,2247.6
26|00|38|443|725|368,852,396,456,87,4.0,214,168,852.0,396.0,456.0,214.0,86.84,0.0,code_match,852,0.2998096043305798,2841.8
26|00|38|452|040|065,1232,614,618,99,3.9,319,228,1232.0,614.0,618.0,319.0,99.35,0.0,code_match,1232,0.4991478434902764,2468.2
26|00|38|452|040|208,707,342,365,94,4.4,161,102,707.0,342.0,365.0,161.0,93.7,0.0,code_match,707,0.09577013694056806,7382.3
26|00|38|452|085|268,1828,923,905,102,3.9,467,365,1828.0,923.0,905.0,467.0,101.99,0.0,code_match,1828,0.09689245051168967,18866.3
26|00|38|452|085|308,5195,2663,2532,105,3.8,1385,1302,5195.0,2663.0,2532.0,1385.0,105.17,0.0,code_match,5195,0.20081079345606484,25870.1
26|00|38|452|085|316,2784,1438,1346,107,3.3,836,776,2784.0,1438.0,1346.0,836.0,106.84,0.0,code_match,2784,0.15398596793822344,18079.6
26|00|38|452|097|028,842,427,415,103,3.9,218,214,842.0,427.0,415.0,218.0,102.89,0.0,code_match,842,0.14499951091132834,5806.9
26|00|38|452|097|036,792,420,372,113,3.2,245,184,792.0,420.0,372.0,245.0,112.9,0.0,code_match,792,0.03046061850646407,26000.8
26|00|38|452|097|044,469,243,226,108,3.8,124,55,469.0,243.0,226.0,124.0,107.52,0.0,code_match,469,0.036898343024386764,12710.6
26|00|38|452|097|068,526,252,274,92,4.3,121,75,526.0,252.0,274.0,121.0,91.97,0.0,code_match,526,0.025853840095201676,20345.1
26|00|38|452|097|076,952,503,449,112,3.8,249,248,952.0,503.0,449.0,249.0,112.03,0.0,code_match,952,0.09939273674749699,9578.2
26|00|38|452|097|208,1627,829,798,104,4.0,402,321,1627.0,829.0,798.0,402.0,103.88,0.0,code_match,1627,0.12820333639597964,12690.8
26|00|38|452|097|216,2278,1187,1091,109,3.5,645,464,2278.0,1187.0,1091.0,645.0,108.8,0.0,code_match,2278,0.6082762837789246,3745.0
26|00|38|452|097|248,1610,820,790,104,3.9,408,390,1610.0,820.0,790.0,408.0,103.8,0.0,code_match,1610,0.991974097011384,1623.0
26|00|38|452|097|308,2866,1558,1308,119,4.0,716,599,2866.0,1558.0,1308.0,716.0,119.11,0.0,code_match,2866,0.9687000000603807,2958.6
26|00|38|452|097|316,630,309,321,96,3.3,191,163,630.0,309.0,321.0,191.0,96.26,0.0,code_match,630,0.1067946655547984,5899.2
26|00|38|452|097|324,1271,718,552,130,3.1,408,352,1271.0,718.0,552.0,408.0,130.07,0.0,code_match,1271,0.13840401921377712,9183.3
26|00|38|452|284|128,1828,985,843,117,4.0,458,257,1828.0,985.0,843.0,458.0,116.84,0.0,code_match,1828,0.9739530151905517,1876.9
26|00|38|452|287|028,1570,782,788,99,4.2,370,350,1570.0,782.0,788.0,370.0,99.24,0.0,code_match,1570,0.18605884644267678,8438.2
26|00|38|452|287|036,4519,2373,2146,111,3.4,1339,1213,4519.0,2373.0,2146.0,1339.0,110.58,0.0,code_match,4519,0.573803541662821,7875.5
26|00|38|452|287|044,1772,892,880,101,3.9,455,380,1772.0,892.0,880.0,454.0,101.36,0.0,code_match,1772,0.17848415387980335,9928.1
26|00|38|452|287|128,2628,1331,1297,103,3.8,686,600,2628.0,1331.0,1297.0,686.0,102.62,0.0,code_match,2628,0.11170247963948107,23526.8
26|00|38|452|287|148,1409,691,718,96,3.9,360,350,1409.0,691.0,718.0,360.0,96.24,0.0,code_match,1409,0.03422418223759531,41169.7
26|00|38|452|287|156,1246,632,614,103,3.5,352,335,1246.0,632.0,614.0,352.0,102.93,0.0,code_match,1246,0.042671815066749,29199.6
26|00|38|452|287|208,1074,546,528,103,3.4,317,305,1074.0,546.0,528.0,317.0,103.41,0.0,code_match,1074,0.02014969097068516,53301.1
26|00|38|452|287|248,2176,1075,1101,98,3.2,677,592,2176.0,1075.0,1101.0,677.0,97.64,0.0,code_match,2176,0.09283840534241639,23438.6
26|00|38|452|287|256,897,462,435,106,3.8,233,200,897.0,462.0,435.0,233.0,106.21,0.0,code_match,897,0.09068366770431778,9891.5
26|00|38|452|287|264,1325,673,652,103,4.0,328,300,1325.0,673.0,652.0,328.0,103.22,0.0,code_match,1325,0.17119853222300058,7739.6
26|00|38|452|287|308,5483,2812,2671,105,3.8,1446,1278,5483.0,2812.0,2671.0,1446.0,105.28,0.0,code_match,5483,0.09650500212895757,56815.7
26|00|38|452|430|208,3129,1680,1449,116,3.2,971,930,3129.0,1680.0,1449.0,971.0,115.94,0.0,code_match,3129,0.35500996774762605,8813.8
26|00|38|461|035|248,908,473,435,109,3.9,230,197,908.0,473.0,435.0,230.0,108.74,0.0,code_match,908,0.37809916862140414,2401.5
26|00|38|461|035|308,4947,2590,2357,110,4.3,1159,942,4947.0,2590.0,2357.0,1159.0,109.89,0.0,code_match,4947,1.1390831160907755,4343.0
26|00|38|461|035|316,3534,1932,1602,121,4.2,843,630,3534.0,1932.0,1602.0,843.0,120.6,0.0,code_match,3534,0.49888698677655724,7083.8
26|00|38|461|038|248,859,448,411,109,4.2,205,200,859.0,448.0,411.0,205.0,109.0,0.0,code_match,859,0.135186226334648,6354.2
26|00|38|461|038|268,635,304,331,92,3.1,202,192,635.0,304.0,331.0,202.0,91.84,0.0,code_match,635,0.29758606656972864,2133.8
26|00|38|461|038|308,955,477,478,100,3.9,247,210,955.0,477.0,478.0,247.0,99.79,0.0,code_match,955,0.27059677881618965,3529.2
26|00|38|461|038|316,845,787,58,1357,22.8,37,233,845.0,787.0,58.0,37.0,1356.9,0.0,code_match,845,0.31600852726232553,2674.0
26|00|38|461|039|064,2736,1449,1286,113,4.2,656,522,2736.0,1449.0,1286.0,656.0,112.67,0.0,code_match,2736,0.34853479733052445,7850.0
26|00|38|461|078|068,897,392,505,78,4.3,209,230,897.0,392.0,505.0,209.0,77.62,0.0,code_match,897,0.13075302063412936,6860.3
26|00|38|461|078|208,732,306,426,72,4.0,185,116,732.0,306.0,426.0,185.0,71.83,0.0,code_match,732,0.03356963819710002,21805.4
26|00|38|461|078|248,771,408,363,112,3.6,215,200,771.0,408.0,363.0,215.0,112.4,0.0,code_match,771,0.10943259159653024,7045.4
26|00|38|461|078|308,942,477,465,103,4.4,214,236,942.0,477.0,465.0,214.0,102.58,0.0,code_match,942,0.06713813652731834,14030.8
26|00|38|461|078|316,853,421,432,98,4.0,211,185,853.0,421.0,432.0,211.0,97.45,0.0,code_match,853,0.011051338265030634,77185.2
26|00|38|461|078|324,551,279,271,103,3.1,176,160,551.0,279.0,271.0,176.0,102.95,0.0,code_match,551,0.05561883124440053,9906.7
26|00|38|461|078|332,1224,599,625,96,4.4,277,250,1224.0,599.0,625.0,277.0,95.84,0.0,code_match,1224,0.19360177839061177,6322.3
26|00|38|461|078|340,850,393,457,86,3.3,261,205,850.0,393.0,457.0,261.0,86.0,0.0,code_match,850,0.050829699722829205,16722.5
26|00|38|461|078|348,1279,618,661,94,4.0,318,310,1275.0,617.0,658.0,318.0,93.77,-4.0,code_match,1279,0.04441224006942202,28798.4
26|00|38|461|078|428,1452,754,698,108,4.4,332,283,1452.0,754.0,698.0,332.0,108.02,0.0,code_match,1452,0.044616947862660544,32543.7
26|00|38|461|090|028,0,0,0,0,0.0,0,10,,,,,,,gpkg_only_no_census_match,0,0.04082335783295307,0.0
26|00|38|461|093|028,2197,1106,1091,101,3.7,590,549,2197.0,1106.0,1091.0,590.0,101.37,0.0,code_match,2197,2.2687532482973367,968.4
26|00|38|461|093|268,484,229,255,90,4.1,117,127,484.0,229.0,255.0,117.0,89.8,0.0,code_match,484,0.5416649861914735,893.5
26|00|38|461|096|308,1461,763,698,109,3.9,370,320,1461.0,763.0,698.0,370.0,109.31,0.0,code_match,1461,0.4104752209422752,3559.3
26|00|38|461|096|316,914,472,442,107,3.8,238,221,914.0,472.0,442.0,238.0,106.79,0.0,code_match,914,0.4281753742207634,2134.6
26|00|38|461|131|048,0,0,0,0,0.0,0,5,,,,,,,gpkg_only_no_census_match,0,0.26463981330840175,0.0
26|00|38|461|133|048,146,76,70,109,2.8,53,20,146.0,76.0,70.0,53.0,108.57,0.0,code_match,146,0.07948731409673007,1836.8
26|00|38|461|134|048,493,246,247,100,3.5,139,175,493.0,246.0,247.0,139.0,99.6,0.0,code_match,493,2.2333705438315086,220.7
26|00|38|461|140|,0,0,0,0,0.0,0,0,,,,,,,gpkg_only_no_census_match,0,0.7511467335124965,0.0
26|00|38|461|141|,0,0,0,0,0.0,0,0,,,,,,,gpkg_only_no_census_match,0,0.6955402798784729,0.0
26|00|38|461|180|068,375,195,180,108,3.6,103,95,375.0,195.0,180.0,103.0,108.33,0.0,code_match,375,0.1351063809667895,2775.6
26|00|38|461|182|068,49,25,24,104,3.1,16,30,49.0,25.0,24.0,16.0,104.17,0.0,code_match,49,0.5890245854716971,83.2
26|00|38|461|186|308,4853,2476,2377,104,3.7,1309,1080,4853.0,2476.0,2377.0,1309.0,104.16,0.0,code_match,4853,0.1992343604562268,24358.2
26|00|38|461|186|316,3551,1931,1620,119,3.9,904,914,3551.0,1931.0,1620.0,904.0,119.2,0.0,code_match,3551,1.1224308976219641,3163.7
26|00|38|461|286|128,1145,556,589,94,4.4,261,269,1145.0,556.0,589.0,261.0,94.4,0.0,code_match,1145,0.4986340554553439,2296.3
26|00|38|461|321|148,2193,1550,643,241,6.1,357,765,2193.0,1550.0,643.0,357.0,241.06,0.0,code_match,2193,0.5697660521693146,3848.9
26|00|38|461|391|248,517,271,246,110,3.5,146,125,517.0,271.0,246.0,146.0,110.16,0.0,code_match,517,0.6515713011126849,793.5
26|00|38|461|391|308,964,511,453,113,3.6,265,120,964.0,511.0,453.0,265.0,112.8,0.0,code_match,964,1.0669668075631693,903.5
26|00|38|461|391|316,519,277,242,115,3.5,149,170,519.0,277.0,242.0,149.0,114.46,0.0,code_match,519,0.7489576056393012,693.0
26|00|38|461|432|068,1011,498,513,97,3.9,262,239,1011.0,498.0,513.0,262.0,97.08,0.0,code_match,1011,0.6277884000778944,1610.4
26|00|38|461|432|208,973,497,476,104,4.3,227,200,973.0,497.0,476.0,227.0,104.41,0.0,code_match,973,0.09599738236222982,10135.7
26|00|38|461|432|216,3814,1922,1892,102,3.9,988,821,3814.0,1922.0,1892.0,988.0,101.59,0.0,code_match,3814,1.607822556123567,2372.2
26|00|38|461|432|224,2178,1219,959,127,4.3,506,411,2178.0,1219.0,959.0,506.0,127.11,0.0,code_match,2178,0.35357862351092784,6159.9
26|00|38|461|436|208,1749,896,853,105,4.1,424,346,1749.0,896.0,853.0,424.0,105.04,0.0,code_match,1749,1.4410408393914478,1213.7
26|00|38|461|507|248,869,444,425,105,4.0,220,185,869.0,444.0,425.0,220.0,104.47,0.0,code_match,869,0.1776245334715887,4892.3
26|00|38|461|613|068,3991,2168,1823,119,4.2,954,751,3991.0,2168.0,1823.0,954.0,118.92,0.0,code_match,3991,0.7482942701354914,5333.5
26|00|38|461|613|208,3510,1793,1717,104,3.9,908,713,3510.0,1793.0,1717.0,908.0,104.43,0.0,code_match,3510,0.812050485923104,4322.4
26|00|38|461|613|408,6579,3627,2952,123,4.1,1613,1441,6579.0,3627.0,2952.0,1613.0,122.87,0.0,code_match,6579,1.423184632232355,4622.7
26|00|38|461|618|308,938,498,440,113,4.4,215,232,938.0,498.0,440.0,215.0,113.18,0.0,code_match,938,1.0806579900221565,868.0
26|00|38|461|718|368,2114,1175,939,125,4.6,459,409,2114.0,1175.0,939.0,459.0,125.13,0.0,code_match,2114,1.2881331337808044,1641.1
26|00|38|461|795|408,1379,692,687,101,4.1,334,307,1379.0,692.0,687.0,334.0,100.73,0.0,code_match,1379,0.21698286835470668,6355.3
26|00|38|677|184|068,3127,1539,1588,97,4.0,778,752,3127.0,1539.0,1588.0,778.0,96.91,0.0,code_match,3127,0.703843024266165,4442.8
26|00|38|677|184|348,2023,1016,1007,101,4.0,508,424,2023.0,1016.0,1007.0,508.0,100.89,0.0,code_match,2023,0.21503429478135935,9407.8
26|00|38|677|509|048,2915,1419,1496,95,4.2,702,563,2915.0,1419.0,1496.0,702.0,94.85,0.0,code_match,2915,0.7978280992479213,3653.7
26|00|38|677|509|056,2259,1121,1138,99,4.0,563,557,2259.0,1121.0,1138.0,563.0,98.51,0.0,code_match,2259,0.5817367562965031,3883.2
26|00|38|677|509|228,1977,975,1002,97,3.7,538,568,1977.0,975.0,1002.0,538.0,97.31,0.0,code_match,1977,0.8125400498556249,2433.1
26|00|38|677|509|248,4997,2326,2671,87,4.2,1195,1247,4997.0,2326.0,2671.0,1195.0,87.08,0.0,code_match,4997,2.341290500858212,2134.3
26|00|38|677|509|308,794,364,430,85,3.9,203,220,794.0,364.0,430.0,203.0,84.65,0.0,code_match,794,0.3223926354348776,2462.8
26|00|38|677|685|057,905,428,477,90,3.7,242,228,905.0,428.0,477.0,242.0,89.73,0.0,code_match,905,0.13526067922518506,6690.8
26|00|38|677|685|248,784,384,400,96,3.8,207,213,784.0,384.0,400.0,207.0,96.0,0.0,code_match,784,0.27989485853469903,2801.1
26|00|38|677|685|348,3923,2031,1891,107,4.0,990,748,3923.0,2031.0,1891.0,990.0,107.4,0.0,code_match,3923,0.8651841068899453,4534.3
26|00|38|677|724|028,1764,884,880,101,4.0,444,457,1763.0,884.0,879.0,444.0,100.57,-1.0,code_match,1764,0.8929183441534141,1975.5
26|00|38|677|724|036,958,450,508,89,4.1,234,230,958.0,450.0,508.0,234.0,88.58,0.0,code_match,958,0.07875523536758611,12164.3
26|00|38|677|724|048,781,402,379,106,3.6,214,228,781.0,402.0,379.0,213.0,106.07,0.0,code_match,781,1.3140128351700748,594.4
26|00|38|677|724|228,5527,2978,2544,117,3.5,1563,1245,5526.0,2977.0,2544.0,1563.0,117.02,-1.0,code_match,5527,1.770407633802223,3121.9
26|00|38|677|724|268,2574,1323,1251,106,3.8,680,684,2574.0,1323.0,1251.0,680.0,105.76,0.0,code_match,2574,0.774564432142537,3323.2
26|00|38|677|724|368,1362,609,753,81,4.0,339,344,1362.0,609.0,753.0,339.0,80.88,0.0,code_match,1362,1.400469583896267,972.5
26|00|38|677|724|376,7087,3328,3759,89,4.0,1764,1718,7087.0,3328.0,3759.0,1764.0,88.53,0.0,code_match,7087,3.8535075701692647,1839.1
26|00|38|711|041|016,3011,1555,1456,107,3.8,795,621,3011.0,1555.0,1456.0,795.0,106.8,0.0,code_match,3011,0.7086363961682892,4249.0
26|00|38|711|041|024,2040,1054,986,107,3.3,611,466,2040.0,1054.0,986.0,610.0,106.9,0.0,code_match,2040,0.2226444895426759,9162.6
26|00|38|711|041|028,1161,613,548,112,4.6,252,228,1160.0,613.0,547.0,252.0,112.07,-1.0,code_match,1161,0.13108347764235398,8857.0
26|00|38|711|041|036,2529,1264,1265,100,4.0,636,627,2528.0,1264.0,1264.0,636.0,100.0,-1.0,code_match,2529,1.046235918921831,2417.2
26|00|38|711|041|057,325,164,161,102,3.3,100,105,325.0,164.0,161.0,100.0,101.86,0.0,code_match,325,0.014403343718114652,22564.2
26|00|38|711|041|068,2270,1161,1109,105,4.3,529,310,2270.0,1161.0,1109.0,529.0,104.69,0.0,code_match,2270,0.3907952982944611,5808.7
26|00|38|711|041|148,655,314,341,92,3.8,173,128,655.0,314.0,341.0,173.0,92.08,0.0,code_match,655,0.03233502106602596,20256.7
26|00|38|711|041|156,2863,1419,1444,98,4.3,664,607,2863.0,1419.0,1444.0,664.0,98.27,0.0,code_match,2863,0.3315291106623521,8635.7
26|00|38|711|041|188,1055,533,522,102,4.0,262,224,1054.0,533.0,521.0,262.0,102.3,-1.0,code_match,1055,0.08233767946769113,12813.1
26|00|38|711|041|208,689,350,339,103,3.4,203,211,689.0,350.0,339.0,203.0,103.24,0.0,code_match,689,0.07205029194761245,9562.8
26|00|38|711|041|216,2152,1082,1070,101,3.8,563,411,2152.0,1082.0,1070.0,563.0,101.12,0.0,code_match,2152,0.268852951064546,8004.4
26|00|38|711|041|224,3420,1729,1691,102,3.9,880,642,3420.0,1729.0,1691.0,880.0,102.25,0.0,code_match,3420,0.2514931049340928,13598.8
26|00|38|711|041|248,996,541,455,119,3.8,259,240,996.0,541.0,455.0,259.0,118.9,0.0,code_match,996,0.028848894193093073,34524.7
26|00|38|711|041|256,1444,748,696,108,3.9,375,332,1444.0,748.0,696.0,374.0,107.47,0.0,code_match,1444,0.05880054785157594,24557.6
26|00|38|711|041|268,1291,658,633,104,3.6,354,205,1291.0,658.0,633.0,354.0,103.95,0.0,code_match,1291,0.047529297508400355,27162.2
26|00|38|711|041|308,2760,1521,1239,123,4.0,685,525,2759.0,1521.0,1238.0,685.0,122.86,-1.0,code_match,2760,0.09473700025400317,29133.3
26|00|38|711|041|348,3118,1575,1543,102,4.3,732,474,3118.0,1575.0,1543.0,732.0,102.07,0.0,code_match,3118,0.2732430915278603,11411.1
26|00|38|711|041|388,624,302,322,94,3.9,162,104,624.0,302.0,322.0,162.0,93.79,0.0,code_match,624,0.008817200173158433,70770.8
26|00|38|711|041|488,1117,567,550,103,4.0,278,209,1117.0,567.0,550.0,278.0,103.09,0.0,code_match,1117,0.07060929828556861,15819.4
26|00|38|711|079|028,319,181,138,131,4.4,72,100,319.0,181.0,138.0,72.0,131.16,0.0,code_match,319,0.6809431751381876,468.5
26|00|38|711|079|036,2809,1410,1399,101,4.4,640,576,2809.0,1410.0,1399.0,640.0,100.79,0.0,code_match,2809,1.022652829793222,2746.8
26|00|38|711|079|048,607,288,319,90,3.8,158,235,607.0,288.0,319.0,158.0,90.28,0.0,code_match,607,0.6933423238281737,875.5
26|00|38|711|079|208,342,158,184,86,4.0,85,130,342.0,158.0,184.0,85.0,85.87,0.0,code_match,342,0.4431415020496241,771.8
26|00|38|711|079|248,847,426,421,101,4.0,213,215,847.0,426.0,421.0,213.0,101.19,0.0,code_match,847,0.5466147245605489,1549.5
26|00|38|711|079|268,1150,586,564,104,4.2,275,240,1150.0,586.0,564.0,275.0,103.9,0.0,code_match,1150,0.28013199205040656,4105.2
26|00|38|711|082|028,1290,616,674,91,3.9,333,430,1290.0,616.0,674.0,333.0,91.39,0.0,code_match,1290,0.0688280071000495,18742.4
26|00|38|711|082|128,1055,546,509,107,3.5,298,437,1055.0,546.0,509.0,298.0,107.27,0.0,code_match,1055,0.05112459088203155,20635.9
26|00|38|711|082|368,1550,810,740,110,3.8,404,465,1550.0,810.0,740.0,404.0,109.46,0.0,code_match,1550,0.03791198516772907,40884.2
26|00|38|711|092|208,1543,792,751,106,3.8,401,451,1543.0,792.0,751.0,401.0,105.46,0.0,code_match,1543,0.0560922295763718,27508.3
26|00|38|711|092|268,1586,811,775,105,4.1,389,461,1586.0,811.0,775.0,389.0,104.65,0.0,code_match,1586,0.11844916444348022,13389.7
26|00|38|711|092|308,4974,2536,2438,104,4.1,1224,1366,4974.0,2536.0,2438.0,1224.0,104.02,0.0,code_match,4974,0.19223486082737337,25874.6
26|00|38|711|094|028,274,138,136,102,3.9,70,140,274.0,138.0,136.0,70.0,101.47,0.0,code_match,274,0.08230884686653382,3328.9
26|00|38|711|094|036,346,167,179,93,4.1,85,60,346.0,167.0,179.0,85.0,93.3,0.0,code_match,346,0.05080729100499288,6810.0
26|00|38|711|426|128,583,280,303,92,3.4,173,270,583.0,280.0,303.0,173.0,92.41,0.0,code_match,583,0.5255314019203399,1109.4
26|00|38|711|426|208,276,134,142,94,3.9,70,60,276.0,134.0,142.0,70.0,94.37,0.0,code_match,276,0.2384630506940742,1157.4
26|00|38|711|502|028,1300,671,629,107,4.5,291,227,1300.0,671.0,629.0,291.0,106.68,0.0,code_match,1300,0.4278009173802125,3038.8
26|00|38|711|502|188,918,464,454,102,4.3,214,236,918.0,464.0,454.0,214.0,102.2,0.0,code_match,918,0.18974760393403456,4838.0
26|00|38|711|502|248,4392,2253,2139,105,3.9,1114,913,4391.0,2252.0,2139.0,1114.0,105.28,-1.0,code_match,4392,0.5477800426861595,8017.8
26|00|38|711|502|268,4711,2383,2328,102,3.9,1196,1279,4709.0,2383.0,2326.0,1196.0,102.45,-2.0,code_match,4711,0.5429668135109124,8676.4
26|00|38|711|504|248,3865,2003,1861,108,4.2,927,696,3865.0,2003.0,1861.0,927.0,107.63,0.0,code_match,3865,1.1125862802726083,3473.9
26|00|38|711|543|268,1109,550,559,98,3.7,296,427,1109.0,550.0,559.0,296.0,98.39,0.0,code_match,1109,0.26233989620683085,4227.3
26|00|38|711|544|268,3991,2030,1961,104,4.0,1007,1022,3991.0,2030.0,1961.0,1007.0,103.52,0.0,code_match,3991,0.2718573122480979,14680.5
26|00|38|711|721|028,479,224,255,88,4.0,120,120,479.0,224.0,255.0,120.0,87.84,0.0,code_match,479,0.1501697027917171,3189.7
26|00|38|711|721|068,2566,1329,1237,107,3.9,663,670,2566.0,1329.0,1237.0,663.0,107.44,0.0,code_match,2566,0.7083092587014499,3622.7
26|00|38|711|721|208,2410,1255,1155,109,4.3,567,560,2410.0,1255.0,1155.0,567.0,108.66,0.0,code_match,2410,0.09581805195058134,25151.8
26|00|38|711|721|268,1058,487,571,85,4.1,255,225,1058.0,487.0,571.0,255.0,85.29,0.0,code_match,1058,0.09497011290143569,11140.3
26|00|38|711|721|348,428,212,216,98,4.4,97,90,428.0,212.0,216.0,97.0,98.15,0.0,code_match,428,0.042412019141697864,10091.5
26|00|38|711|721|368,2300,1171,1129,104,4.5,508,470,2300.0,1171.0,1129.0,508.0,103.72,0.0,code_match,2300,1.6470673187732805,1396.4
26|00|38|711|721|408,2471,1271,1200,106,4.2,585,660,2471.0,1271.0,1200.0,585.0,105.92,0.0,code_match,2471,1.1180336967691398,2210.1
26|00|38|711|888|048,5449,2826,2623,108,3.7,1463,2011,5449.0,2826.0,2623.0,1461.0,107.74,0.0,code_match,5449,1.0785006447743557,5052.4
26|00|38|720|145|028,3306,1768,1538,115,3.8,877,629,3306.0,1768.0,1538.0,877.0,114.95,0.0,code_match,3306,0.037879195960491954,87277.5
26|00|38|720|145|048,9296,4842,4453,109,3.7,2527,2344,9296.0,4842.0,4453.0,2527.0,108.74,0.0,code_match,9296,0.15292376074204522,60788.5
26|00|38|720|145|056,5499,2854,2645,108,3.8,1460,1173,5499.0,2854.0,2645.0,1460.0,107.9,0.0,code_match,5499,0.08704615154168857,63173.4
26|00|38|720|145|064,10513,5423,5089,107,3.6,2889,2355,10513.0,5423.0,5089.0,2889.0,106.56,0.0,code_match,10513,0.2600666447783294,40424.3
26|00|38|720|145|188,6539,3664,2875,127,3.9,1693,1166,6539.0,3664.0,2875.0,1693.0,127.44,0.0,code_match,6539,0.03916099320502908,166977.4
26|00|38|720|145|208,5727,3013,2710,111,3.7,1551,1175,5727.0,3013.0,2710.0,1551.0,111.18,0.0,code_match,5727,0.12719070275702168,45026.9
26|00|38|720|145|248,7575,3795,3780,100,4.0,1893,1169,7575.0,3795.0,3780.0,1893.0,100.4,0.0,code_match,7575,0.03847835573826236,196863.9
26|00|38|720|145|268,7643,4129,3514,118,3.9,1944,1115,7640.0,4129.0,3511.0,1944.0,117.6,-3.0,code_match,7643,1.4731997477847756,5188.0
26|00|38|720|145|308,4680,2478,2202,113,3.7,1278,971,4680.0,2478.0,2202.0,1278.0,112.53,0.0,code_match,4680,0.1145778247843152,40845.6
26|00|38|720|320|148,19686,10410,9275,112,3.8,5144,5692,19686.0,10410.0,9275.0,5144.0,112.24,0.0,code_match,19686,1.0995108722961178,17904.3
26|00|38|720|320|248,3282,1807,1473,123,3.7,880,1009,3282.0,1807.0,1473.0,880.0,122.67,0.0,code_match,3282,0.327134654462828,10032.6
26|00|38|720|356|168,2850,1465,1385,106,3.8,757,548,2850.0,1465.0,1385.0,757.0,105.78,0.0,code_match,2850,0.12574726537640257,22664.5
26|00|38|720|356|176,15931,8376,7555,111,3.8,4141,3009,15931.0,8376.0,7555.0,4141.0,110.87,0.0,code_match,15931,0.3815733787771053,41750.8
26|00|38|720|356|184,2268,1241,1027,121,4.1,554,376,2268.0,1241.0,1027.0,554.0,120.84,0.0,code_match,2268,0.0659824261564826,34372.8
26|00|38|720|356|248,956,476,480,99,4.2,229,193,956.0,476.0,480.0,229.0,99.17,0.0,code_match,956,0.07209281272346173,13260.7
26|00|38|720|356|308,1199,623,576,108,4.1,296,205,1199.0,623.0,576.0,296.0,108.16,0.0,code_match,1199,0.12182870654963901,9841.7
26|00|38|720|356|316,1044,558,486,115,3.8,272,205,1044.0,558.0,486.0,272.0,114.81,0.0,code_match,1044,0.05354854533867439,19496.3
26|00|38|720|356|368,3006,1594,1412,113,3.9,777,512,3006.0,1594.0,1412.0,777.0,112.89,0.0,code_match,3006,0.09136628265561797,32900.5
26|00|38|720|356|388,1408,727,681,107,4.1,342,202,1408.0,727.0,681.0,342.0,106.75,0.0,code_match,1408,0.06657892981393847,21147.8
26|00|38|720|356|556,2727,1467,1260,116,3.8,725,446,2727.0,1467.0,1260.0,725.0,116.43,0.0,code_match,2727,0.3344414795736612,8153.9
26|00|38|720|428|208,12770,7293,5475,133,3.6,3559,3212,12770.0,7293.0,5475.0,3559.0,133.21,0.0,code_match,12770,0.04734924846317917,269698.1
26|00|38|720|428|216,22831,13531,9299,146,3.9,5917,5263,22830.0,13531.0,9298.0,5915.0,145.53,-1.0,code_match,22831,0.12990250788055197,175754.9
26|00|38|720|508|028,414,208,206,101,3.9,106,105,428.0,221.0,207.0,106.0,106.76,14.0,code_match,414,0.37854263161102797,1093.7
26|00|38|720|508|036,2551,1370,1181,116,3.5,723,603,2554.0,1373.0,1181.0,723.0,116.26,3.0,code_match,2551,0.124655038827884,20464.5
26|00|38|720|508|048,9642,5092,4546,112,3.7,2591,2460,9654.0,5104.0,4546.0,2591.0,112.27,12.0,code_match,9642,0.34616852801860215,27853.5
26|00|38|720|508|208,44766,23265,21501,108,3.4,13120,13529,44766.0,23265.0,21501.0,13118.0,108.2,0.0,code_match,44766,0.620019556868949,72200.9
26|00|38|720|508|248,9729,5225,4503,116,3.5,2742,2475,9733.0,5228.0,4504.0,2741.0,116.07,4.0,code_match,9729,0.4828815051193133,20147.8
26|00|38|720|508|308,18733,9701,9032,107,3.5,5359,4490,18732.0,9701.0,9031.0,5359.0,107.42,-1.0,code_match,18733,0.4550798076021416,41164.2
26|00|38|720|508|348,1336,672,664,101,2.8,469,430,1336.0,672.0,664.0,469.0,101.2,0.0,code_match,1336,0.02819501064130565,47384.3
26|00|38|720|723|028,764,405,359,113,2.9,262,240,764.0,405.0,359.0,262.0,112.81,0.0,code_match,764,0.8101613376966207,943.0
26|00|38|720|723|036,458,229,229,100,3.6,129,100,458.0,229.0,229.0,129.0,100.0,0.0,code_match,458,0.30919286655453565,1481.3
26|00|38|720|723|068,1135,588,545,108,3.8,298,250,1135.0,588.0,545.0,298.0,107.89,0.0,code_match,1135,0.9628028652777622,1178.8
26|00|38|720|723|208,2017,1069,948,113,3.6,554,470,2017.0,1069.0,948.0,554.0,112.76,0.0,code_match,2017,0.1108542315087656,18195.1
26|00|38|720|723|248,2497,1256,1241,101,3.4,728,710,2497.0,1256.0,1241.0,728.0,101.21,0.0,code_match,2497,0.14184561425578085,17603.6
26|00|38|720|723|268,975,518,457,113,4.0,246,235,975.0,518.0,457.0,246.0,113.35,0.0,code_match,975,0.06538465926646407,14911.8
26|00|38|720|723|308,1361,714,647,110,3.7,365,345,1361.0,714.0,647.0,365.0,110.36,0.0,code_match,1361,0.5040579469774362,2700.1
26|00|38|720|723|316,6623,3407,3211,106,3.4,1926,1660,6623.0,3407.0,3211.0,1925.0,106.1,0.0,code_match,6623,0.6351914272561096,10426.8
26|00|38|720|723|324,13604,7221,6383,113,3.4,3983,3552,13604.0,7221.0,6383.0,3983.0,113.13,0.0,code_match,13604,0.31367793757350976,43369.3
26|00|38|720|723|408,20991,10952,10038,109,3.5,6057,5223,20991.0,10952.0,10038.0,6055.0,109.11,0.0,code_match,20991,0.7567749689087877,27737.4
26|00|38|746|080|068,2698,1331,1367,97,4.1,657,689,2698.0,1331.0,1367.0,657.0,97.37,0.0,code_match,2698,0.33165564932412034,8134.9
26|00|38|746|080|408,1718,870,848,103,4.3,399,461,1718.0,870.0,848.0,399.0,102.59,0.0,code_match,1718,0.1312250676774716,13092.0
26|00|38|746|081|028,1172,597,575,104,4.0,291,231,1172.0,597.0,575.0,291.0,103.83,0.0,code_match,1172,0.21910337946951494,5349.1
26|00|38|746|081|036,939,473,466,102,4.6,205,224,939.0,473.0,466.0,205.0,101.5,0.0,code_match,939,0.3926276387090191,2391.6
26|00|38|746|081|044,1419,752,667,113,4.4,322,326,1418.0,752.0,666.0,322.0,112.91,-1.0,code_match,1419,0.3483528369220466,4073.5
26|00|38|746|081|052,525,279,246,113,4.3,122,118,525.0,279.0,246.0,122.0,113.41,0.0,code_match,525,0.0909469639523461,5772.6
26|00|38|746|081|068,898,471,427,110,4.0,224,235,898.0,471.0,427.0,224.0,110.3,0.0,code_match,898,0.17980804625174052,4994.2
26|00|38|746|081|228,395,200,195,103,4.1,97,114,395.0,200.0,195.0,97.0,102.56,0.0,code_match,395,0.06637494551325493,5951.0
26|00|38|746|083|028,1882,972,910,107,4.1,463,430,1882.0,972.0,910.0,463.0,106.81,0.0,code_match,1882,0.9993776303595021,1883.2
26|00|38|746|083|036,3950,2114,1836,115,4.2,947,860,3950.0,2114.0,1836.0,947.0,115.14,0.0,code_match,3950,1.0181953219116673,3879.4
26|00|38|746|083|168,656,322,334,96,4.1,161,100,656.0,322.0,334.0,161.0,96.41,0.0,code_match,656,0.06150284934372669,10666.2
26|00|38|746|084|028,434,205,229,90,4.3,100,100,434.0,205.0,229.0,100.0,89.52,0.0,code_match,434,1.5267607374147656,284.3
26|00|38|746|089|028,396,212,184,115,4.0,100,110,396.0,212.0,184.0,100.0,115.22,0.0,code_match,396,0.2198255747021025,1801.4
26|00|38|746|089|036,798,421,377,112,3.9,205,210,798.0,421.0,377.0,205.0,111.67,0.0,code_match,798,0.3096857647194251,2576.8
26|00|38|746|089|044,1778,916,862,106,4.1,438,447,1778.0,916.0,862.0,438.0,106.26,0.0,code_match,1778,1.2160090954386966,1462.2
26|00|38|746|130|048,2795,1415,1380,103,4.2,661,557,2777.0,1398.0,1379.0,661.0,101.38,-18.0,code_match,2795,0.7523021251511852,3715.3
26|00|38|746|142|048,5047,2657,2389,111,4.1,1232,1106,5047.0,2657.0,2389.0,1232.0,111.22,0.0,code_match,5047,0.9153692137077687,5513.6
26|00|38|746|143|048,890,449,441,102,4.0,221,210,890.0,449.0,441.0,221.0,101.81,0.0,code_match,890,0.3115314726785272,2856.9
26|00|38|746|178|068,409,192,217,89,4.5,91,120,409.0,192.0,217.0,91.0,88.48,0.0,code_match,409,0.7109527293803792,575.3
26|00|38|746|181|068,780,402,378,106,4.1,192,205,780.0,402.0,378.0,192.0,106.35,0.0,code_match,780,0.41836214493456025,1864.4
26|00|38|746|181|268,929,479,450,106,4.4,212,230,929.0,479.0,450.0,212.0,106.44,0.0,code_match,929,0.39696400423978456,2340.3
26|00|38|746|285|148,464,250,214,117,3.7,127,110,464.0,250.0,214.0,127.0,116.82,0.0,code_match,464,0.1632259622095273,2842.7
26|00|38|746|285|208,1403,722,681,106,4.0,354,220,1403.0,722.0,681.0,354.0,106.02,0.0,code_match,1403,0.11608461401880531,12086.0
26|00|38|746|285|268,1464,742,722,103,4.0,368,210,1464.0,742.0,722.0,368.0,102.77,0.0,code_match,1464,0.1347219825748321,10866.8
26|00|38|746|285|288,5362,2788,2574,108,3.7,1451,1060,5362.0,2788.0,2574.0,1451.0,108.31,0.0,code_match,5362,0.49816064785718384,10763.6
26|00|38|746|285|368,1221,666,555,120,3.8,322,220,1221.0,666.0,555.0,322.0,120.0,0.0,code_match,1221,0.09635485870135532,12671.9
26|00|38|746|285|388,2714,1437,1277,113,3.7,731,420,2714.0,1437.0,1277.0,731.0,112.53,0.0,code_match,2714,0.27068298630083976,10026.5
26|00|38|746|431|208,414,210,204,103,4.4,94,115,412.0,208.0,204.0,94.0,101.96,-2.0,code_match,414,0.36240852882408237,1142.4
26|00|38|746|615|308,3464,1745,1719,102,3.9,898,980,3464.0,1745.0,1719.0,898.0,101.51,0.0,code_match,3464,1.9565304438777802,1770.5
26|00|38|746|683|348,391,191,200,96,3.9,101,116,391.0,191.0,200.0,101.0,95.5,0.0,code_match,391,0.3434562340791696,1138.4
26|00|38|746|722|368,354,186,168,111,4.0,89,100,354.0,186.0,168.0,89.0,110.71,0.0,code_match,354,0.6111720534924908,579.2
26|00|38|746|758|128,440,236,204,116,4.1,107,120,440.0,236.0,204.0,107.0,115.69,0.0,code_match,440,0.09806373924454484,4486.9
26|00|38|746|758|208,3635,1735,1900,91,4.0,910,898,3635.0,1735.0,1900.0,910.0,91.32,0.0,code_match,3635,0.9627853459611282,3775.5
26|00|38|746|758|216,399,213,186,115,4.0,100,110,399.0,213.0,186.0,100.0,114.52,0.0,code_match,399,0.1609957489459703,2478.3
26|00|38|746|761|308,716,356,360,99,3.5,203,220,716.0,356.0,360.0,203.0,98.89,0.0,code_match,716,0.3753728059541855,1907.4
26|00|38|746|761|316,826,429,397,108,3.3,248,230,826.0,429.0,397.0,248.0,108.06,0.0,code_match,826,0.17350977693310832,4760.5
26|00|38|746|794|028,1155,599,556,108,4.1,279,344,1155.0,599.0,556.0,279.0,107.73,0.0,code_match,1155,0.5373293806817477,2149.5
26|00|38|746|794|208,393,202,191,106,4.6,86,118,393.0,202.0,191.0,86.0,105.76,0.0,code_match,393,0.1823931545928529,2154.7
26|00|38|746|796|408,4119,2133,1985,108,3.5,1164,1142,4117.0,2132.0,1984.0,1164.0,107.46,-2.0,code_match,4119,1.7927103299944442,2297.6
26|00|38|755|033|048,799,423,376,113,4.1,193,217,799.0,423.0,376.0,193.0,112.5,0.0,code_match,799,0.34326572867313265,2327.6
26|00|38|755|033|148,1094,546,548,100,4.3,253,260,1094.0,546.0,548.0,253.0,99.64,0.0,code_match,1094,0.31099992209962046,3517.7
26|00|38|755|033|208,2051,1042,1009,103,4.1,500,440,2051.0,1042.0,1009.0,499.0,103.27,0.0,code_match,2051,0.5405411998634571,3794.3
26|00|38|755|033|216,2377,1119,1256,89,4.8,498,456,2377.0,1119.0,1256.0,498.0,89.09,0.0,code_match,2377,0.17515913760016844,13570.5
26|00|38|755|033|248,934,560,374,150,4.3,216,250,934.0,560.0,374.0,216.0,149.73,0.0,code_match,934,2.6926584656335346,346.9
26|00|38|755|033|268,1614,771,843,92,4.2,380,330,1613.0,771.0,842.0,380.0,91.57,-1.0,code_match,1614,0.21092625452781355,7652.0
26|00|38|755|033|308,3668,1895,1773,107,4.0,913,935,3668.0,1895.0,1773.0,913.0,106.88,0.0,code_match,3668,0.11080505953614803,33103.2
26|00|38|755|033|316,3698,1905,1793,106,4.4,850,625,3698.0,1905.0,1793.0,850.0,106.25,0.0,code_match,3698,1.0805354530019908,3422.4
26|00|38|755|033|368,417,201,216,93,4.3,96,100,417.0,201.0,216.0,96.0,93.06,0.0,code_match,417,0.042040590794314436,9919.0
26|00|38|755|074|028,780,462,318,145,4.3,180,210,780.0,462.0,318.0,180.0,145.28,0.0,code_match,780,0.026355285695311436,29595.6
26|00|38|755|074|036,339,164,175,94,4.2,81,80,339.0,164.0,175.0,81.0,93.71,0.0,code_match,339,0.04217509815550566,8037.9
26|00|38|755|074|048,1157,620,537,116,4.0,288,230,1157.0,620.0,537.0,288.0,115.46,0.0,code_match,1157,0.04823964022439261,23984.4
26|00|38|755|074|054,752,391,361,108,4.4,171,200,752.0,391.0,361.0,171.0,108.31,0.0,code_match,752,0.06317992350346384,11902.5
26|00|38|755|074|068,593,297,296,100,4.4,136,80,593.0,297.0,296.0,136.0,100.34,0.0,code_match,593,0.26571837885616334,2231.7
26|00|38|755|074|128,832,454,378,120,4.6,179,200,832.0,454.0,378.0,179.0,120.11,0.0,code_match,832,0.0618701840197152,13447.5
26|00|38|755|074|136,358,176,182,97,4.2,85,40,358.0,176.0,182.0,85.0,96.7,0.0,code_match,358,0.0424696188762396,8429.6
26|00|38|755|074|148,348,176,172,102,4.2,83,120,348.0,176.0,172.0,83.0,102.33,0.0,code_match,348,0.01513230316186115,22997.2
26|00|38|755|074|208,385,196,189,104,4.4,87,70,385.0,196.0,189.0,87.0,103.7,0.0,code_match,385,0.02291489458434408,16801.3
26|00|38|755|074|216,701,375,326,115,4.1,171,200,701.0,375.0,326.0,171.0,115.03,0.0,code_match,701,0.06769298019810169,10355.6
26|00|38|755|074|248,406,207,199,104,4.8,85,75,406.0,207.0,199.0,85.0,104.02,0.0,code_match,406,0.09439268085906248,4301.2
26|00|38|755|074|256,367,198,169,117,4.5,81,110,367.0,198.0,169.0,81.0,117.16,0.0,code_match,367,0.11221038309353164,3270.6
26|00|38|755|074|264,329,163,166,98,4.0,83,120,329.0,163.0,166.0,83.0,98.19,0.0,code_match,329,0.09175892291686086,3585.5
26|00|38|755|074|268,1584,805,779,103,4.6,342,350,1581.0,805.0,776.0,341.0,103.74,-3.0,code_match,1584,0.17526862488295586,9037.6
26|00|38|755|074|308,345,173,172,101,4.2,82,70,345.0,173.0,172.0,82.0,100.58,0.0,code_match,345,0.0274849666017568,12552.3
26|00|38|755|074|348,1203,629,574,110,4.5,268,300,1202.0,629.0,573.0,268.0,109.77,-1.0,code_match,1203,0.056095306323950316,21445.6
26|00|38|755|074|368,349,184,165,112,3.9,90,40,349.0,184.0,165.0,90.0,111.52,0.0,code_match,349,0.011182926270424767,31208.3
26|00|38|755|074|388,385,189,196,96,4.3,90,80,385.0,189.0,196.0,90.0,96.43,0.0,code_match,385,0.02105541646569416,18285.1
26|00|38|755|087|028,1216,610,606,101,3.4,353,335,1215.0,610.0,605.0,353.0,100.83,-1.0,code_match,1216,0.23105168201071077,5262.9
26|00|38|755|087|036,1300,666,634,105,3.8,345,340,1300.0,666.0,634.0,345.0,105.05,0.0,code_match,1300,0.40852684549701573,3182.2
26|00|38|755|087|044,3884,1949,1934,101,4.1,958,900,3884.0,1949.0,1934.0,958.0,100.78,0.0,code_match,3884,0.5915576037418632,6565.7
26|00|38|755|087|128,408,223,185,121,4.3,96,50,408.0,223.0,185.0,96.0,120.54,0.0,code_match,408,0.10101211353266772,4039.1
26|00|38|755|087|136,373,191,182,105,3.7,102,120,373.0,191.0,182.0,102.0,104.95,0.0,code_match,373,0.46055214070583306,809.9
26|00|38|755|087|308,359,180,179,101,3.7,96,40,359.0,180.0,179.0,96.0,100.56,0.0,code_match,359,0.10151791906206267,3536.3
26|00|38|755|087|388,1448,736,712,103,3.9,369,340,1448.0,736.0,712.0,369.0,103.37,0.0,code_match,1448,0.5497430861784355,2634.0
26|00|38|755|503|028,1044,519,525,99,4.6,228,220,1044.0,519.0,525.0,228.0,98.86,0.0,code_match,1044,0.08425311671326335,12391.2
26|00|38|755|503|068,393,204,189,108,3.9,100,70,393.0,204.0,189.0,100.0,107.94,0.0,code_match,393,0.033255054139977244,11817.8
26|00|38|755|503|248,2376,1213,1163,104,3.9,606,660,2376.0,1213.0,1163.0,605.0,104.3,0.0,code_match,2376,0.3769888160253033,6302.6
26|00|38|755|548|268,847,462,385,120,4.3,199,185,847.0,462.0,385.0,199.0,120.0,0.0,code_match,847,0.35832492427334534,2363.8
26|00|38|755|614|028,701,361,340,106,4.1,170,200,701.0,361.0,340.0,170.0,106.18,0.0,code_match,701,0.12031584647188702,5826.3
26|00|38|755|614|036,12632,11570,1060,1092,18.9,668,684,12632.0,11570.0,1060.0,636.0,1091.51,0.0,code_match,12632,1.3562144295633758,9314.2
26|00|38|755|614|044,331,166,165,101,3.3,100,100,331.0,166.0,165.0,100.0,100.61,0.0,code_match,331,0.13001721042955341,2545.8
26|00|38|755|614|128,780,390,390,100,2.8,283,300,780.0,390.0,390.0,283.0,100.0,0.0,code_match,780,0.4664397890533286,1672.2
26|00|38|755|759|368,968,539,429,126,4.2,231,230,968.0,539.0,429.0,231.0,125.64,0.0,code_match,968,0.2739806446895304,3533.1
26|00|38|755|759|388,3134,1722,1412,122,4.2,750,650,3133.0,1722.0,1411.0,750.0,122.04,-1.0,code_match,3134,1.4957290843241435,2095.3
26|00|62|109|031|048,1117,499,618,81,3.9,288,170,1117.0,499.0,618.0,288.0,80.74,0.0,code_match,1117,5.7196915310291505,195.3
26|00|62|109|091|028,947,416,531,78,3.7,253,170,947.0,416.0,531.0,253.0,78.34,0.0,code_match,947,0.729077958266781,1298.9
26|00|62|109|091|068,355,182,173,105,3.8,93,95,355.0,182.0,173.0,93.0,105.2,0.0,code_match,355,0.15920957057276927,2229.8
26|00|62|109|132|048,240,113,127,89,3.2,74,40,240.0,113.0,127.0,74.0,88.98,0.0,code_match,240,0.325018649137318,738.4
26|00|62|109|132|056,1422,627,795,79,3.5,408,325,1422.0,627.0,795.0,408.0,78.87,0.0,code_match,1422,0.6725296369675356,2114.4
26|00|62|109|132|068,320,175,145,121,3.6,88,195,320.0,175.0,145.0,88.0,120.69,0.0,code_match,320,0.940771171032509,340.1
26|00|62|109|135|048,1263,563,700,80,3.7,341,300,1263.0,563.0,700.0,341.0,80.43,0.0,code_match,1263,0.34477031768397187,3663.3
26|00|62|109|135|056,234,101,133,76,3.4,69,45,234.0,101.0,133.0,69.0,75.94,0.0,code_match,234,0.024146417767647806,9690.9
26|00|62|109|280|128,688,319,369,86,3.6,189,170,688.0,319.0,369.0,189.0,86.45,0.0,code_match,688,0.5033410592985524,1366.9
26|00|62|109|418|016,588,261,327,80,3.5,169,218,588.0,261.0,327.0,169.0,79.82,0.0,code_match,588,0.25580802237227407,2298.6
26|00|62|109|418|048,467,208,259,80,4.0,116,118,467.0,208.0,259.0,116.0,80.31,0.0,code_match,467,0.05862990177444882,7965.2
26|00|62|109|418|068,1156,523,633,83,3.7,310,237,1156.0,523.0,633.0,310.0,82.62,0.0,code_match,1156,0.2729258862598044,4235.6
26|00|62|109|418|408,1701,786,915,86,3.8,446,413,1699.0,785.0,914.0,446.0,85.89,-2.0,code_match,1701,0.29398460500853724,5786.0
26|00|62|109|506|208,378,155,223,70,3.6,106,115,378.0,155.0,223.0,106.0,69.51,0.0,code_match,378,0.6623576418604558,570.7
26|00|62|109|506|248,1797,828,969,85,3.9,466,415,1789.0,820.0,969.0,466.0,84.62,-8.0,code_match,1797,0.6975264901965229,2576.2
26|00|62|109|507|248,623,296,327,91,4.0,155,215,623.0,296.0,327.0,155.0,90.52,0.0,code_match,623,1.05568621183978,590.1
26|00|62|109|513|248,1299,550,749,73,3.9,336,302,1299.0,550.0,749.0,336.0,73.43,0.0,code_match,1299,1.3091681733282772,992.2
26|00|62|109|513|268,1053,443,610,73,3.7,284,302,1053.0,443.0,610.0,284.0,72.62,0.0,code_match,1053,1.224463831497968,860.0
26|00|62|109|623|048,811,367,444,83,3.6,225,165,811.0,367.0,444.0,225.0,82.66,0.0,code_match,811,0.14126354457680787,5741.0
26|00|62|109|769|388,2739,1640,1097,150,4.9,555,345,2738.0,1639.0,1097.0,555.0,149.41,-1.0,code_match,2739,0.4996721352806781,5481.6
26|00|62|143|035|054,1614,777,837,93,4.0,406,365,1610.0,774.0,836.0,406.0,92.58,-4.0,code_match,1614,0.4898446623600917,3294.9
26|00|62|143|074|268,818,410,408,101,5.0,165,187,818.0,410.0,408.0,165.0,100.49,0.0,code_match,818,1.4675562275305627,557.4
26|00|62|143|074|308,4224,2043,2181,94,4.2,995,939,4194.0,2015.0,2179.0,995.0,92.47,-30.0,code_match,4224,2.045340766715609,2065.2
26|00|62|143|074|316,6591,3198,3393,94,4.1,1613,1449,6531.0,3142.0,3389.0,1613.0,92.71,-60.0,code_match,6591,2.4596632934169027,2679.6
26|00|62|143|076|028,2777,1283,1494,86,3.7,750,685,2776.0,1282.0,1494.0,750.0,85.81,-1.0,code_match,2777,0.5889836188858357,4714.9
26|00|62|143|137|048,1129,538,591,91,3.7,309,250,1129.0,538.0,591.0,309.0,91.03,0.0,code_match,1129,2.0346890030939795,554.9
26|00|62|143|139|048,1235,567,668,85,3.9,317,270,1234.0,566.0,668.0,317.0,84.73,-1.0,code_match,1235,0.1805957175242739,6838.5
26|00|62|143|177|068,1457,672,785,86,4.0,367,355,1457.0,672.0,785.0,367.0,85.61,0.0,code_match,1457,0.17238042438062012,8452.2
26|00|62|143|414|028,207,104,103,101,3.5,59,50,207.0,104.0,103.0,59.0,100.97,0.0,code_match,207,0.14254486020734158,1452.2
26|00|62|143|414|208,517,243,274,89,3.5,149,150,517.0,243.0,274.0,149.0,88.69,0.0,code_match,517,0.7783368191600861,664.2
26|00|62|143|422|208,2784,1291,1493,87,3.8,730,650,2784.0,1291.0,1493.0,730.0,86.47,0.0,code_match,2784,1.7264453637982102,1612.6
26|00|62|143|508|140,547,228,319,72,3.0,182,200,547.0,228.0,319.0,182.0,71.47,0.0,code_match,547,0.2634732371658413,2076.1
26|00|62|143|508|248,686,369,317,116,4.2,162,100,686.0,369.0,317.0,162.0,116.4,0.0,code_match,686,0.890620020700075,770.2
26|00|62|143|730|368,933,464,469,99,4.1,229,258,933.0,464.0,469.0,229.0,98.93,0.0,code_match,933,0.6260843901635299,1490.2
26|00|62|143|805|308,497,220,277,79,3.7,133,83,497.0,220.0,277.0,133.0,79.42,0.0,code_match,497,1.049157156412389,473.7
26|00|62|143|805|408,455,246,209,118,4.1,112,81,455.0,246.0,209.0,112.0,117.7,0.0,code_match,455,1.0101501356987983,450.4
26|00|62|143|806|408,196,80,116,69,3.9,50,35,196.0,80.0,116.0,50.0,68.97,0.0,code_match,196,0.24644682889832842,795.3
26|00|62|143|808|408,1584,749,835,90,4.0,396,375,1584.0,749.0,835.0,396.0,89.7,0.0,code_match,1584,0.5327065960006263,2973.5
26|00|62|152|075|028,869,376,493,76,4.0,220,180,868.0,376.0,492.0,220.0,76.42,-1.0,code_match,869,0.573148464435093,1516.2
26|00|62|152|075|036,370,160,210,76,3.7,101,108,370.0,160.0,210.0,101.0,76.19,0.0,code_match,370,0.17210759221961125,2149.8
26|00|62|152|075|044,657,302,355,85,3.2,204,165,657.0,302.0,355.0,204.0,85.07,0.0,code_match,657,0.45298350414174715,1450.4
26|00|62|152|075|052,1178,503,675,75,3.6,328,307,1178.0,503.0,675.0,328.0,74.52,0.0,code_match,1178,0.5438981343756031,2165.8
26|00|62|152|075|068,389,197,192,103,3.6,107,90,389.0,197.0,192.0,107.0,102.6,0.0,code_match,389,1.0736497734720891,362.3
26|00|62|152|075|076,834,392,442,89,3.5,236,180,834.0,392.0,442.0,236.0,88.69,0.0,code_match,834,0.21288821276639266,3917.5
26|00|62|152|085|028,3294,1549,1745,89,3.9,837,850,3294.0,1549.0,1745.0,837.0,88.77,0.0,code_match,3294,1.2686368701028077,2596.5
26|00|62|152|085|048,559,266,293,91,3.8,147,95,559.0,266.0,293.0,147.0,90.78,0.0,code_match,559,0.16164856121965848,3458.1
26|00|62|152|138|048,2821,1320,1500,88,3.9,728,596,2821.0,1320.0,1500.0,728.0,88.0,0.0,code_match,2821,0.434682956516098,6489.8
26|00|62|152|141|048,592,260,332,78,3.7,162,187,592.0,260.0,332.0,162.0,78.31,0.0,code_match,592,0.29243771331382545,2024.4
26|00|62|152|141|188,306,149,157,95,4.2,73,42,306.0,149.0,157.0,73.0,94.9,0.0,code_match,306,0.14976063971753975,2043.3
26|00|62|152|182|028,787,365,422,87,3.6,218,165,787.0,365.0,422.0,218.0,86.49,0.0,code_match,787,0.07640180226186864,10300.8
26|00|62|152|182|068,3986,1852,2134,87,4.2,952,818,3978.0,1846.0,2132.0,952.0,86.59,-8.0,code_match,3986,0.915393796634766,4354.4
26|00|62|152|182|076,1327,628,698,90,4.0,330,210,1327.0,628.0,698.0,329.0,89.97,0.0,code_match,1327,1.5761885179611899,841.9
26|00|62|152|433|128,367,177,189,94,3.7,98,95,367.0,177.0,189.0,98.0,93.65,0.0,code_match,367,0.08612604742691944,4261.2
26|00|62|152|433|208,2370,1165,1205,97,3.7,645,555,2370.0,1165.0,1205.0,645.0,96.68,0.0,code_match,2370,0.255104672817062,9290.3
26|00|62|152|433|308,778,349,429,81,3.7,208,232,778.0,349.0,429.0,208.0,81.35,0.0,code_match,778,0.1816388573739795,4283.2
26|00|62|152|772|368,387,184,203,91,4.2,93,95,387.0,184.0,203.0,93.0,90.64,0.0,code_match,387,0.09908863700960799,3905.6
26|00|62|152|772|388,1030,487,543,90,3.7,276,249,1030.0,487.0,543.0,276.0,89.69,0.0,code_match,1030,0.1015175676927896,10146.0
26|00|62|161|032|049,1029,439,590,74,3.9,266,320,1029.0,439.0,590.0,266.0,74.41,0.0,code_match,1029,0.1436844198860178,7161.5
26|00|62|161|079|028,800,393,407,97,4.1,195,160,800.0,393.0,407.0,195.0,96.56,0.0,code_match,800,0.8135486109806227,983.3
26|00|62|161|315|148,718,323,395,82,3.9,184,165,718.0,323.0,395.0,184.0,81.77,0.0,code_match,718,0.2690629740918477,2668.5
26|00|62|161|315|368,545,234,311,75,4.1,132,160,545.0,234.0,311.0,132.0,75.24,0.0,code_match,545,0.06403596301869414,8510.8
26|00|62|161|316|148,3029,1382,1647,84,4.0,764,495,3029.0,1382.0,1647.0,764.0,83.91,0.0,code_match,3029,1.8473762822399464,1639.6
26|00|62|161|347|168,586,265,321,83,3.7,158,130,586.0,265.0,321.0,158.0,82.55,0.0,code_match,586,0.1943158895829565,3015.7
26|00|62|161|423|208,1418,679,739,92,4.3,326,310,1418.0,679.0,739.0,326.0,91.88,0.0,code_match,1418,0.4864498530057167,2915.0
26|00|62|161|428|368,91,42,49,86,4.3,21,20,91.0,42.0,49.0,21.0,85.71,0.0,code_match,91,0.2010792246997037,452.6
26|00|62|161|430|,0,0,0,0,0.0,0,0,,,,,,,gpkg_only_no_census_match,0,0.7774774444666832,0.0
26|00|62|161|502|248,3612,1687,1925,88,4.0,913,800,3611.0,1687.0,1924.0,912.0,87.68,-1.0,code_match,3612,1.2793498446154858,2823.3
26|00|62|161|505|248,1431,642,789,81,4.2,340,290,1431.0,642.0,789.0,340.0,81.37,0.0,code_match,1431,0.6057946354463647,2362.2
26|00|62|161|514|248,987,437,550,80,3.9,251,200,987.0,437.0,550.0,251.0,79.45,0.0,code_match,987,0.4071108708920302,2424.4
26|00|62|161|516|248,376,173,203,85,4.1,91,85,376.0,173.0,203.0,91.0,85.22,0.0,code_match,376,0.24853359023297705,1512.9
26|00|62|161|549|248,273,134,139,96,3.6,75,80,273.0,134.0,139.0,75.0,96.4,0.0,code_match,273,0.014094608191060384,19369.1
26|00|62|161|549|268,4045,1920,2125,90,4.2,961,770,4043.0,1919.0,2124.0,961.0,90.35,-2.0,code_match,4045,0.53060313400308,7623.4
26|00|62|161|619|028,687,305,382,80,3.7,185,175,687.0,305.0,382.0,185.0,79.84,0.0,code_match,687,2.9508407780543737,232.8
26|00|62|161|619|048,314,133,181,74,3.7,86,80,314.0,133.0,181.0,86.0,73.48,0.0,code_match,314,0.21042560841916694,1492.2
26|00|62|161|619|268,1874,809,1065,76,4.0,473,380,1874.0,809.0,1065.0,473.0,75.96,0.0,code_match,1874,0.7817749087144895,2397.1
26|00|62|161|619|276,835,365,470,78,3.9,214,240,835.0,365.0,470.0,214.0,77.66,0.0,code_match,835,0.7028380678000595,1188.0
26|00|62|161|620|248,1038,548,490,112,3.6,288,280,1038.0,548.0,490.0,287.0,111.84,0.0,code_match,1038,0.13708719489100113,7571.8
26|00|62|161|620|308,3818,1843,1975,93,3.7,1032,1020,3816.0,1842.0,1974.0,1032.0,93.31,-2.0,code_match,3818,1.6565752221093495,2304.8
26|00|62|161|720|368,2374,1096,1277,86,4.1,583,490,2374.0,1096.0,1277.0,582.0,85.83,0.0,code_match,2374,0.2847691411414617,8336.6
26|00|62|161|738|368,1125,490,635,77,3.4,333,340,1125.0,490.0,635.0,333.0,77.17,0.0,code_match,1125,0.31189149913134157,3607.0
26|00|62|170|034|068,943,409,534,77,3.9,243,280,943.0,409.0,534.0,243.0,76.59,0.0,code_match,943,0.26440557701938955,3566.5
26|00|62|170|034|348,313,134,179,75,3.8,83,50,313.0,134.0,179.0,83.0,74.86,0.0,code_match,313,0.04440156378336843,7049.3
26|00|62|170|034|408,599,258,341,76,3.7,160,200,599.0,258.0,341.0,160.0,75.66,0.0,code_match,599,0.20676612535266994,2897.0
26|00|62|170|070|028,1157,525,632,83,4.1,280,240,1157.0,525.0,632.0,280.0,83.07,0.0,code_match,1157,0.6796057880350322,1702.5
26|00|62|170|070|036,473,223,250,89,4.1,116,225,473.0,223.0,250.0,116.0,89.2,0.0,code_match,473,0.14633196237434914,3232.4
26|00|62|170|070|068,579,266,313,85,3.9,150,10,579.0,266.0,313.0,150.0,84.98,0.0,code_match,579,0.18159904963532525,3188.3
26|00|62|170|077|028,269,131,138,95,3.1,88,70,268.0,131.0,137.0,88.0,95.62,-1.0,code_match,269,0.35303270742528625,762.0
26|00|62|170|077|048,348,158,190,83,3.5,100,90,348.0,158.0,190.0,100.0,83.16,0.0,code_match,348,0.2636240707312573,1320.1
26|00|62|170|081|028,876,407,469,87,3.5,252,315,876.0,407.0,469.0,252.0,86.78,0.0,code_match,876,0.17982442323723116,4871.4
26|00|62|170|083|076,590,439,151,291,7.3,81,50,590.0,439.0,151.0,81.0,290.73,0.0,code_match,590,0.33373978057445114,1767.8
26|00|62|170|087|048,410,185,225,82,3.9,105,80,410.0,185.0,225.0,105.0,82.22,0.0,code_match,410,0.4946855836374544,828.8
26|00|62|170|087|068,737,330,407,81,3.8,192,220,737.0,330.0,407.0,192.0,81.08,0.0,code_match,737,0.14079836365187132,5234.4
26|00|62|170|087|248,463,212,251,85,3.7,124,120,463.0,212.0,251.0,124.0,84.46,0.0,code_match,463,0.1464042671075891,3162.5
26|00|62|170|087|408,1087,499,588,85,3.5,308,365,1087.0,499.0,588.0,308.0,84.86,0.0,code_match,1087,0.3263186833226352,3331.1
26|00|62|170|092|028,366,163,203,80,4.0,91,120,366.0,163.0,203.0,91.0,80.3,0.0,code_match,366,0.6069374922105581,603.0
26|00|62|170|094|028,575,258,317,81,3.2,178,170,575.0,258.0,317.0,178.0,81.39,0.0,code_match,575,0.3700353306130692,1553.9
26|00|62|170|136|123,723,312,411,76,4.2,172,160,723.0,312.0,411.0,172.0,75.91,0.0,code_match,723,0.6581548500444456,1098.5
26|00|62|170|136|368,216,102,114,90,2.5,85,50,216.0,102.0,114.0,85.0,89.47,0.0,code_match,216,0.3925283738252995,550.3
26|00|62|170|142|048,653,279,374,75,3.7,176,175,653.0,279.0,374.0,176.0,74.6,0.0,code_match,653,0.06928797951597765,9424.4
26|00|62|170|143|048,859,386,473,82,3.8,227,240,857.0,386.0,471.0,227.0,81.95,-2.0,code_match,859,0.6817467800263342,1260.0
26|00|62|170|153|,0,0,0,0,0.0,0,0,,,,,,,gpkg_only_no_census_match,0,0.7722157883581097,0.0
26|00|62|170|183|068,926,388,538,72,3.8,244,275,924.0,386.0,538.0,244.0,71.75,-2.0,code_match,926,1.3523556751252996,684.7
26|00|62|170|313|068,309,119,190,63,3.7,83,80,309.0,119.0,190.0,83.0,62.63,0.0,code_match,309,0.7068278753116563,437.2
26|00|62|170|378|188,474,218,256,85,2.7,175,160,474.0,218.0,256.0,175.0,85.16,0.0,code_match,474,0.3039872475611071,1559.3
26|00|62|170|379|188,323,134,189,71,3.7,88,70,323.0,134.0,189.0,88.0,70.9,0.0,code_match,323,0.5535955120787078,583.5
26|00|62|170|420|208,227,106,121,88,2.8,82,120,227.0,106.0,121.0,82.0,87.6,0.0,code_match,227,0.09479383303512338,2394.7
26|00|62|170|421|208,1040,464,576,81,3.3,315,318,1040.0,464.0,576.0,315.0,80.56,0.0,code_match,1040,0.3083193112341707,3373.1
26|00|62|170|424|208,286,130,156,83,3.4,83,120,286.0,130.0,156.0,83.0,83.33,0.0,code_match,286,0.3436774509182953,832.2
26|00|62|170|436|208,721,300,421,71,4.1,177,240,721.0,300.0,421.0,177.0,71.26,0.0,code_match,721,0.0645386545569836,11171.6
26|00|62|170|517|248,664,304,360,84,3.8,173,240,664.0,304.0,360.0,173.0,84.44,0.0,code_match,664,0.3807093273452748,1744.1
26|00|62|170|688|028,217,103,114,90,2.7,80,80,217.0,103.0,114.0,80.0,90.35,0.0,code_match,217,0.0847474453368529,2560.5
26|00|62|170|688|036,458,207,251,83,2.8,162,165,458.0,207.0,251.0,162.0,82.47,0.0,code_match,458,0.1852462218134684,2472.4
26|00|62|170|688|048,238,111,127,87,3.0,80,80,238.0,111.0,127.0,80.0,87.4,0.0,code_match,238,0.08389817429117308,2836.8
26|00|62|170|688|348,196,80,116,69,2.5,80,80,196.0,80.0,116.0,80.0,68.97,0.0,code_match,196,0.11104372286675393,1765.1
26|00|62|180|078|048,54,22,32,69,4.2,13,16,54.0,22.0,32.0,13.0,68.75,0.0,code_match,54,0.025505688796820022,2117.2
26|00|62|180|078|056,634,275,359,77,3.5,181,145,634.0,275.0,359.0,181.0,76.6,0.0,code_match,634,0.04468215551241844,14189.1
26|00|62|180|078|128,1334,625,709,88,3.7,363,409,1334.0,625.0,709.0,363.0,88.15,0.0,code_match,1334,1.4738005511016783,905.1
26|00|62|180|078|248,2823,1277,1546,83,3.9,720,645,2809.0,1263.0,1546.0,720.0,81.69,-14.0,code_match,2823,3.168849468782464,890.9
26|00|62|180|078|308,420,184,236,78,4.0,105,105,420.0,184.0,236.0,105.0,77.97,0.0,code_match,420,0.3786556019174659,1109.2
26|00|62|180|078|316,1962,926,1036,89,4.0,490,385,1962.0,926.0,1036.0,490.0,89.38,0.0,code_match,1962,2.2795123814592464,860.7
26|00|62|180|078|368,871,360,511,71,3.7,238,190,871.0,360.0,511.0,238.0,70.45,0.0,code_match,871,0.12688247305187472,6864.6
26|00|62|180|078|376,733,491,242,203,11.8,62,56,733.0,491.0,242.0,62.0,202.89,0.0,code_match,733,0.02461133176802896,29783.0
26|00|62|180|078|384,1113,512,601,85,4.2,265,240,1113.0,512.0,601.0,265.0,85.19,0.0,code_match,1113,1.3634803133851439,816.3
26|00|62|180|146|308,2913,1351,1562,87,4.0,721,600,2912.0,1350.0,1562.0,721.0,86.43,-1.0,code_match,2913,1.7062977980286786,1707.2
26|00|62|180|146|316,2237,1007,1230,82,3.6,618,495,2237.0,1007.0,1230.0,618.0,81.87,0.0,code_match,2237,0.5691812427765365,3930.2
26|00|62|180|184|068,2116,969,1147,85,3.7,576,520,2113.0,967.0,1146.0,576.0,84.38,-3.0,code_match,2116,0.9622945390520127,2198.9
26|00|62|180|184|208,889,397,492,81,3.9,229,200,889.0,397.0,492.0,229.0,80.69,0.0,code_match,889,0.9555521351859693,930.4
26|00|62|180|419|208,1245,613,632,97,4.5,276,280,1245.0,613.0,632.0,276.0,96.99,0.0,code_match,1245,0.7896218277915412,1576.7
26|00|62|180|518|248,434,227,207,110,4.5,97,100,434.0,227.0,207.0,97.0,109.66,0.0,code_match,434,0.22850432418251745,1899.3
26|00|62|180|518|308,1629,731,898,81,4.0,408,290,1629.0,731.0,898.0,408.0,81.4,0.0,code_match,1629,1.3754944859662828,1184.3
26|00|62|180|518|316,1499,639,860,74,3.6,415,400,1499.0,639.0,860.0,415.0,74.3,0.0,code_match,1499,0.3952905829068184,3792.1
26|00|62|180|615|048,928,440,488,90,3.9,240,200,928.0,440.0,488.0,240.0,90.16,0.0,code_match,928,1.1034087814727465,841.0
26|00|62|180|615|068,350,172,178,97,3.5,99,100,350.0,172.0,178.0,99.0,96.63,0.0,code_match,350,0.38810228678387443,901.8
26|00|62|180|615|248,1102,467,635,74,3.7,301,380,1102.0,467.0,635.0,301.0,73.54,0.0,code_match,1102,1.3087758035849073,842.0
26|00|62|180|733|068,674,301,373,81,4.3,156,95,674.0,301.0,373.0,156.0,80.7,0.0,code_match,674,1.6437940107912754,410.0
26|00|62|180|786|000,0,0,0,0,0.0,0,0,,,,,,,gpkg_only_no_census_match,0,0.40729804638351585,0.0
26|00|62|313|275|016,1127,496,631,79,3.8,298,255,1127.0,496.0,631.0,298.0,78.61,0.0,code_match,1127,0.31352447315266646,3594.6
26|00|62|313|275|028,1458,613,845,73,3.6,409,390,1458.0,613.0,845.0,409.0,72.54,0.0,code_match,1458,0.5944847366341273,2452.5
26|00|62|313|275|043,308,134,174,77,3.4,91,110,308.0,134.0,174.0,91.0,77.01,0.0,code_match,308,0.09766440255441472,3153.7
26|00|62|313|275|048,485,219,266,82,3.8,126,105,485.0,219.0,266.0,126.0,82.33,0.0,code_match,485,0.3324454313864954,1458.9
26|00|62|313|275|188,850,464,386,120,4.0,211,220,850.0,464.0,386.0,211.0,120.21,0.0,code_match,850,0.1258100003772213,6756.2
26|00|62|313|275|208,1187,587,600,98,4.0,300,270,1187.0,587.0,600.0,300.0,97.83,0.0,code_match,1187,0.06643853734006415,17866.1
26|00|62|313|275|216,448,180,268,67,4.7,95,100,448.0,180.0,268.0,95.0,67.16,0.0,code_match,448,0.21122806761201732,2120.9
26|00|62|313|275|248,614,300,314,96,3.9,156,140,614.0,300.0,314.0,156.0,95.54,0.0,code_match,614,0.0568593233162395,10798.6
26|00|62|313|275|268,402,218,184,119,4.0,100,90,402.0,218.0,184.0,100.0,118.48,0.0,code_match,402,0.09103745840300412,4415.8
26|00|62|313|275|276,1447,692,755,92,3.9,374,325,1447.0,692.0,755.0,374.0,91.66,0.0,code_match,1447,0.6031624433401465,2399.0
26|00|62|313|275|308,560,228,332,69,3.7,150,135,560.0,228.0,332.0,150.0,68.67,0.0,code_match,560,2.338724309696271,239.4
26|00|62|313|275|348,599,261,338,77,3.9,152,145,599.0,261.0,338.0,152.0,77.22,0.0,code_match,599,0.07833515255668419,7646.6
26|00|62|313|275|368,685,327,358,91,3.4,199,145,685.0,327.0,358.0,199.0,91.34,0.0,code_match,685,0.046658967186082374,14681.0
26|00|62|313|275|376,773,338,435,78,4.0,195,160,773.0,338.0,435.0,195.0,77.7,0.0,code_match,773,1.0737713664484858,719.9
26|00|62|313|275|384,1858,840,1018,83,4.0,466,470,1858.0,840.0,1018.0,466.0,82.51,0.0,code_match,1858,1.628353886228123,1141.0
26|00|62|313|275|392,1309,719,590,122,4.5,292,292,1309.0,719.0,590.0,292.0,121.86,0.0,code_match,1309,0.21328519575515661,6137.3
26|00|62|313|737|368,743,327,416,79,3.8,197,220,743.0,327.0,416.0,197.0,78.61,0.0,code_match,743,1.082565392096127,686.3
26|00|62|413|073|048,1013,515,498,103,4.2,243,275,1013.0,515.0,498.0,243.0,103.41,0.0,code_match,1013,0.5977455672445503,1694.7
26|00|62|413|073|068,291,116,175,66,3.6,80,120,291.0,116.0,175.0,80.0,66.29,0.0,code_match,291,0.42248970352764964,688.8
26|00|62|413|073|188,319,139,180,77,3.8,84,120,319.0,139.0,180.0,84.0,77.22,0.0,code_match,319,0.2312013152351404,1379.7
26|00|62|413|073|268,644,299,345,87,3.7,175,185,644.0,299.0,345.0,175.0,86.67,0.0,code_match,644,0.45318874602532466,1421.0
26|00|62|413|073|276,755,365,390,94,4.3,175,230,755.0,365.0,390.0,175.0,93.59,0.0,code_match,755,1.0089536503190566,748.3
26|00|62|413|130|048,2029,900,1129,80,3.9,521,435,2029.0,900.0,1129.0,521.0,79.72,0.0,code_match,2029,1.6385462222771503,1238.3
26|00|62|413|130|068,307,138,169,82,3.3,92,80,307.0,138.0,169.0,92.0,81.66,0.0,code_match,307,0.5041961595564398,608.9
26|00|62|413|140|028,594,254,339,75,3.5,169,180,594.0,254.0,339.0,169.0,74.93,0.0,code_match,594,0.4702468112473277,1263.2
26|00|62|413|140|128,3267,1462,1805,81,3.8,859,800,3267.0,1462.0,1805.0,859.0,81.0,0.0,code_match,3267,1.3968111699428072,2338.9
26|00|62|413|314|148,5768,2678,3090,87,4.1,1423,1325,5768.0,2678.0,3090.0,1423.0,86.67,0.0,code_match,5768,3.351350071041735,1721.1
26|00|62|413|380|188,1516,689,827,83,3.7,408,283,1515.0,688.0,827.0,408.0,83.19,-1.0,code_match,1516,0.6500659090831169,2332.1
26|00|62|413|382|028,844,386,458,84,4.3,198,200,844.0,386.0,458.0,198.0,84.28,0.0,code_match,844,0.2541431568187018,3321.0
26|00|62|413|382|074,1397,645,752,86,4.1,339,280,1397.0,645.0,752.0,339.0,85.77,0.0,code_match,1397,0.37640225253194115,3711.5
26|00|62|413|382|188,2278,1060,1218,87,3.8,604,720,2278.0,1060.0,1218.0,604.0,87.03,0.0,code_match,2278,1.6989833848052822,1340.8
26|00|62|413|382|308,647,317,330,96,3.1,212,195,647.0,317.0,330.0,212.0,96.06,0.0,code_match,647,0.26108281777905096,2478.1
26|00|62|413|432|028,404,201,203,99,4.0,100,100,404.0,201.0,203.0,100.0,99.01,0.0,code_match,404,0.4163577112416853,970.3
26|00|62|413|432|208,953,478,475,101,4.1,234,191,953.0,478.0,475.0,234.0,100.63,0.0,code_match,953,3.715723352220026,256.5
26|00|62|413|432|408,792,361,431,84,3.8,211,200,792.0,361.0,431.0,211.0,83.76,0.0,code_match,792,1.4426116896373236,549.0
26|00|62|413|515|248,1211,530,681,78,3.8,316,291,1211.0,530.0,681.0,316.0,77.83,0.0,code_match,1211,0.7556644862852749,1602.6
26|00|62|422|037|064,684,332,352,94,3.4,204,220,683.0,331.0,352.0,204.0,94.03,-1.0,code_match,684,0.8739264429267687,782.7
26|00|62|422|069|028,617,270,347,78,3.6,173,200,617.0,270.0,347.0,173.0,77.81,0.0,code_match,617,0.609794766778396,1011.8
26|00|62|422|072|028,369,155,214,72,3.7,101,120,369.0,155.0,214.0,101.0,72.43,0.0,code_match,369,0.5543849790930164,665.6
26|00|62|422|088|028,149,77,72,107,2.9,51,30,149.0,77.0,72.0,51.0,106.94,0.0,code_match,149,0.2020017676839881,737.6
26|00|62|422|089|208,88,50,38,132,2.9,30,50,88.0,50.0,38.0,30.0,131.58,0.0,code_match,88,0.3110057172846985,283.0
26|00|62|422|096|028,82,50,32,156,2.7,30,20,82.0,50.0,32.0,30.0,156.25,0.0,code_match,82,0.5202065756477379,157.6
26|00|62|422|099|028,324,149,175,85,3.6,90,120,324.0,149.0,175.0,90.0,85.14,0.0,code_match,324,0.17232874154372982,1880.1
26|00|62|422|134|123,170,94,76,124,4.0,43,25,170.0,94.0,76.0,43.0,123.68,0.0,code_match,170,0.1786652047573491,951.5
26|00|62|422|278|063,594,270,324,83,3.6,166,180,594.0,270.0,324.0,166.0,83.33,0.0,code_match,594,0.8261491350755436,719.0
26|00|62|422|278|128,1188,544,644,85,3.8,314,300,1188.0,544.0,644.0,314.0,84.47,0.0,code_match,1188,0.5843055122623405,2033.2
26|00|62|422|383|188,483,199,284,70,3.0,162,170,483.0,199.0,284.0,162.0,70.07,0.0,code_match,483,0.20007295112857018,2414.1
26|00|62|422|426|208,395,192,203,95,3.8,103,110,395.0,192.0,203.0,103.0,94.58,0.0,code_match,395,0.2677141711375454,1475.5
26|00|62|422|435|208,1648,742,906,82,3.9,421,440,1648.0,742.0,906.0,421.0,81.9,0.0,code_match,1648,1.4324221177972802,1150.5
26|00|62|422|511|,0,0,0,0,0.0,0,0,,,,,,,gpkg_only_no_census_match,0,0.23111972577140702,0.0
26|00|62|422|612|308,735,342,393,87,3.5,211,180,735.0,342.0,393.0,211.0,87.02,0.0,code_match,735,0.6753416709432536,1088.3
26|00|62|422|622|,0,0,0,0,0.0,0,0,,,,,,,gpkg_only_no_census_match,0,0.24902321511786749,0.0
26|00|62|422|686|028,1371,679,692,98,3.5,397,380,1370.0,678.0,692.0,397.0,97.98,-1.0,code_match,1371,0.2966243411476756,4622.0
26|00|62|422|686|068,302,163,139,117,3.4,88,90,302.0,163.0,139.0,88.0,117.27,0.0,code_match,302,0.33305550072975026,906.8
26|00|62|422|686|208,487,230,257,90,4.1,118,120,487.0,230.0,257.0,118.0,89.49,0.0,code_match,487,0.3406189989260535,1429.7
26|00|62|422|686|268,318,134,184,73,3.2,99,80,318.0,134.0,184.0,99.0,72.83,0.0,code_match,318,0.3879100747408621,819.8
26|00|62|422|686|348,1116,471,645,73,3.7,305,360,1116.0,471.0,645.0,305.0,73.02,0.0,code_match,1116,1.8601283995692088,600.0
26|00|62|422|689|208,143,65,78,83,4.3,33,80,143.0,65.0,78.0,33.0,83.33,0.0,code_match,143,0.16434193305872083,870.1
26|00|62|422|689|348,644,278,366,76,3.7,175,220,644.0,278.0,366.0,175.0,75.96,0.0,code_match,644,0.29938485170402773,2151.1
26|00|62|422|724|128,415,228,187,122,3.0,140,180,415.0,228.0,187.0,140.0,121.93,0.0,code_match,415,0.05908841146922737,7023.4
26|00|62|422|724|368,596,301,295,102,3.4,173,220,596.0,301.0,295.0,173.0,102.03,0.0,code_match,596,0.28567851542714057,2086.3
26|00|62|422|724|376,240,115,125,92,2.7,88,93,240.0,115.0,125.0,88.0,92.0,0.0,code_match,240,0.019534926429762837,12285.7
26|00|62|422|734|208,756,331,425,78,3.6,212,220,756.0,331.0,425.0,212.0,77.88,0.0,code_match,756,1.470133252916536,514.2
26|00|62|422|734|368,4380,2112,2268,93,3.8,1148,1150,4380.0,2112.0,2268.0,1148.0,93.12,0.0,code_match,4380,2.696889162208006,1624.1
26|00|62|422|771|388,582,243,339,72,3.2,184,220,582.0,243.0,339.0,184.0,71.68,0.0,code_match,582,0.21635158734086232,2690.1
26|00|62|448|179|028,2504,1227,1277,96,3.8,657,690,2504.0,1227.0,1277.0,657.0,96.08,0.0,code_match,2504,4.364685467618185,573.7
26|00|62|448|179|068,3485,1640,1844,89,3.9,895,722,3485.0,1640.0,1844.0,895.0,88.94,0.0,code_match,3485,3.806877768046706,915.4
26|00|62|448|181|068,1514,756,758,100,4.0,377,464,1511.0,753.0,758.0,377.0,99.34,-3.0,code_match,1514,0.9471528700502609,1598.5
26|00|62|448|181|248,449,193,256,75,3.5,130,108,449.0,193.0,256.0,130.0,75.39,0.0,code_match,449,0.5501335924743328,816.2
26|00|62|448|181|348,703,322,381,85,4.0,175,95,703.0,322.0,381.0,175.0,84.51,0.0,code_match,703,0.6475032334654669,1085.7
26|00|62|448|415|208,3504,1603,1901,84,3.9,893,902,3504.0,1603.0,1901.0,893.0,84.32,0.0,code_match,3504,9.844987826223276,355.9
26|00|62|448|415|368,716,327,389,84,4.1,176,162,716.0,327.0,389.0,176.0,84.06,0.0,code_match,716,0.49517379885094687,1446.0
26|00|62|448|415|388,1304,627,677,93,4.2,312,364,1262.0,585.0,677.0,312.0,86.41,-42.0,code_match,1304,1.4178392875300114,919.7
26|00|62|448|438|208,211,94,117,80,3.8,55,50,211.0,94.0,117.0,55.0,80.34,0.0,code_match,211,0.4528679852024486,465.9
26|00|62|448|510|068,2919,1308,1611,81,3.9,753,806,2919.0,1308.0,1611.0,753.0,81.19,0.0,code_match,2919,2.3934554714162046,1219.6
26|00|62|448|510|248,631,269,362,74,3.9,162,110,631.0,269.0,362.0,162.0,74.31,0.0,code_match,631,0.13726614587386074,4596.9
26|00|62|448|510|256,1900,850,1050,81,3.6,525,585,1900.0,850.0,1050.0,525.0,80.95,0.0,code_match,1900,3.584311593443057,530.1
26|00|62|448|510|264,551,275,276,100,4.3,129,120,551.0,275.0,276.0,129.0,99.64,0.0,code_match,551,0.10400241506242743,5298.0
26|00|62|448|510|268,1787,874,913,96,4.0,447,596,1787.0,874.0,913.0,447.0,95.73,0.0,code_match,1787,1.9492742338414661,916.8
26|00|62|448|512|068,1209,538,671,80,3.6,335,358,1209.0,538.0,671.0,335.0,80.18,0.0,code_match,1209,0.8297884434831396,1457.0
26|00|62|448|512|208,457,242,215,113,4.1,111,40,457.0,242.0,215.0,111.0,112.56,0.0,code_match,457,0.421294917367776,1084.8
26|00|62|448|512|248,1478,644,834,77,3.6,411,416,1478.0,644.0,834.0,411.0,77.22,0.0,code_match,1478,1.4029815907536498,1053.5
26|00|62|448|614|248,2027,934,1089,86,3.6,560,580,2027.0,934.0,1089.0,560.0,85.77,0.0,code_match,2027,1.104186309677398,1835.7
26|00|62|448|614|308,1559,742,817,91,4.0,391,271,1559.0,742.0,817.0,391.0,90.82,0.0,code_match,1559,0.8278374267615712,1883.2
26|00|62|457|068|028,1124,531,592,90,3.9,288,280,1124.0,531.0,592.0,288.0,89.7,0.0,code_match,1124,0.14721646316716863,7635.0
26|00|62|457|068|368,654,318,336,95,3.7,177,160,654.0,318.0,336.0,177.0,94.64,0.0,code_match,654,0.07986133263460625,8189.2
26|00|62|457|080|028,1177,533,644,83,3.8,308,207,1177.0,533.0,644.0,308.0,82.76,0.0,code_match,1177,0.46470399123878775,2532.8
26|00|62|457|080|056,1009,491,518,95,3.5,285,228,1008.0,490.0,518.0,285.0,94.59,-1.0,code_match,1009,0.6589115911141118,1531.3
26|00|62|457|080|188,1743,793,950,84,3.7,476,289,1743.0,793.0,950.0,476.0,83.47,0.0,code_match,1743,0.6288031021575121,2771.9
26|00|62|457|095|029,0,0,0,0,0.0,0,0,,,,,,,gpkg_only_no_census_match,0,0.16719841675097025,0.0
26|00|62|457|417|028,369,171,198,86,3.8,96,89,369.0,171.0,198.0,96.0,86.36,0.0,code_match,369,0.11054260250566278,3338.1
26|00|62|457|417|036,15,5,10,50,3.0,5,20,15.0,5.0,10.0,5.0,50.0,0.0,code_match,15,0.029687936310017392,505.3
26|00|62|457|417|044,294,137,157,87,3.6,81,87,294.0,137.0,157.0,81.0,87.26,0.0,code_match,294,0.05469103284502644,5375.7
26|00|62|457|417|052,380,186,194,96,3.8,100,90,380.0,186.0,194.0,100.0,95.88,0.0,code_match,380,0.07895754901690301,4812.7
26|00|62|457|417|060,544,264,280,94,3.2,171,160,544.0,264.0,280.0,171.0,94.29,0.0,code_match,544,0.06246674464942888,8708.6
26|00|62|457|417|148,252,132,120,110,3.1,81,80,252.0,132.0,120.0,81.0,110.0,0.0,code_match,252,0.049147148749736934,5127.5
26|00|62|457|417|156,659,338,321,105,4.0,164,160,659.0,338.0,321.0,164.0,105.3,0.0,code_match,659,0.08956016011521226,7358.2
26|00|62|457|417|164,270,131,139,94,3.1,86,20,270.0,131.0,139.0,86.0,94.24,0.0,code_match,270,0.045459143058412955,5939.4
26|00|62|457|417|228,81,36,45,80,3.1,26,90,81.0,36.0,45.0,26.0,80.0,0.0,code_match,81,0.05506898449235921,1470.9
26|00|62|457|417|268,239,115,124,93,3.5,69,60,239.0,115.0,124.0,69.0,92.74,0.0,code_match,239,0.07912226900454096,3020.6
26|00|62|457|417|276,51,27,24,113,3.4,15,20,51.0,27.0,24.0,15.0,112.5,0.0,code_match,51,0.08782040753828084,580.7
26|00|62|457|417|328,190,79,111,71,3.7,52,40,190.0,79.0,111.0,52.0,71.17,0.0,code_match,190,0.30508869722242016,622.8
26|00|62|457|417|368,127,52,75,69,3.5,36,40,127.0,52.0,75.0,36.0,69.33,0.0,code_match,127,0.031953971420196854,3974.5
26|00|62|457|425|208,5036,2438,2598,94,3.7,1373,760,5036.0,2438.0,2598.0,1372.0,93.84,0.0,code_match,5036,0.540463188073617,9317.9
26|00|62|457|425|268,520,340,180,189,4.7,110,80,520.0,340.0,180.0,110.0,188.89,0.0,code_match,520,0.08164529948643566,6369.0
26|00|62|457|501|208,1170,521,649,80,4.0,292,280,1170.0,521.0,649.0,292.0,80.28,0.0,code_match,1170,0.35025162663413983,3340.5
26|00|62|457|501|248,1160,517,643,80,3.8,305,330,1160.0,517.0,643.0,305.0,80.4,0.0,code_match,1160,1.4190002336404222,817.5
26|00|62|457|618|308,913,411,502,82,4.0,229,220,913.0,411.0,502.0,229.0,81.87,0.0,code_match,913,0.3053263116600988,2990.2
26|00|62|457|687|308,1513,746,767,97,3.7,409,280,1513.0,746.0,767.0,409.0,97.26,0.0,code_match,1513,0.14530069244814425,10412.9
26|00|62|457|687|348,581,300,281,107,3.4,172,200,581.0,300.0,281.0,172.0,106.76,0.0,code_match,581,0.1849338602466494,3141.7
26|00|62|457|721|308,1697,855,842,102,3.9,433,360,1697.0,855.0,842.0,433.0,101.54,0.0,code_match,1697,0.13341132569095684,12720.1
26|00|62|457|721|316,2411,1155,1256,92,3.7,657,440,2411.0,1155.0,1256.0,657.0,91.96,0.0,code_match,2411,0.32850816471509003,7339.2
26|00|62|549|082|028,1189,560,629,89,3.8,309,240,1161.0,534.0,627.0,309.0,85.17,-28.0,code_match,1189,0.9538078666502644,1246.6
26|00|62|549|086|,0,0,0,0,0.0,0,0,,,,,,,gpkg_only_no_census_match,0,0.14182387008702635,0.0
26|00|62|549|093|028,1188,512,676,76,3.7,321,270,1188.0,512.0,676.0,321.0,75.74,0.0,code_match,1188,0.9575859445125063,1240.6
26|00|62|549|095|028,2093,950,1142,83,3.8,550,310,2093.0,950.0,1142.0,550.0,83.19,0.0,code_match,2093,1.0524393824643412,1988.7
26|00|62|549|097|028,928,446,482,93,4.7,198,175,927.0,446.0,481.0,198.0,92.72,-1.0,code_match,928,2.6686089201067986,347.7
26|00|62|549|097|048,253,107,146,73,3.6,70,80,252.0,106.0,146.0,70.0,72.6,-1.0,code_match,253,0.8197743724021674,308.6
26|00|62|549|112|123,783,382,401,95,4.7,165,70,744.0,343.0,401.0,165.0,85.54,-39.0,code_match,783,0.4010583872215082,1952.3
26|00|62|549|133|048,494,211,282,75,3.9,128,117,493.0,211.0,281.0,128.0,75.09,-1.0,code_match,494,0.19809833266323454,2493.7
26|00|62|549|144|048,1406,669,737,91,4.0,355,220,1406.0,669.0,737.0,355.0,90.77,0.0,code_match,1406,1.2487885970967647,1125.9
26|00|62|549|145|368,677,291,386,75,3.8,178,180,677.0,291.0,386.0,178.0,75.39,0.0,code_match,677,1.4899849301814425,454.4
26|00|62|549|180|068,409,174,235,74,3.6,114,80,409.0,174.0,235.0,114.0,74.04,0.0,code_match,409,0.12148974582983034,3366.5
26|00|62|549|180|076,1023,450,573,79,3.8,267,240,1023.0,450.0,573.0,267.0,78.53,0.0,code_match,1023,0.7990904350910009,1280.2
26|00|62|549|180|308,257,107,150,71,2.9,88,80,257.0,107.0,150.0,88.0,71.33,0.0,code_match,257,0.0699877497505722,3672.1
26|00|62|549|277|,0,0,0,0,0.0,0,0,,,,,,,gpkg_only_no_census_match,0,0.15338067866704488,0.0
26|00|62|549|279|128,1291,661,630,105,4.7,276,240,1289.0,659.0,630.0,276.0,104.6,-2.0,code_match,1291,0.41424331485821253,3116.5
26|00|62|549|281|028,421,186,235,79,3.8,110,120,421.0,186.0,235.0,110.0,79.15,0.0,code_match,421,0.1931355945472816,2179.8
26|00|62|549|281|048,387,160,227,71,2.8,136,112,387.0,160.0,227.0,135.0,70.48,0.0,code_match,387,0.2965344990411012,1305.1
26|00|62|549|281|208,393,162,231,70,3.9,101,80,393.0,162.0,231.0,101.0,70.13,0.0,code_match,393,0.3109536689978238,1263.9
26|00|62|549|281|216,414,184,230,80,3.5,117,84,413.0,184.0,229.0,117.0,80.35,-1.0,code_match,414,0.0972143631808937,4258.6
26|00|62|549|281|248,420,180,240,75,3.9,108,80,420.0,180.0,240.0,108.0,75.0,0.0,code_match,420,0.11962688842996973,3510.9
26|00|62|549|381|028,366,171,195,88,3.0,121,122,366.0,171.0,195.0,121.0,87.69,0.0,code_match,366,0.8564073639114627,427.4
26|00|62|549|427|308,417,185,232,80,4.1,102,80,417.0,185.0,232.0,102.0,79.74,0.0,code_match,417,0.4316558699076659,966.0
26|00|62|549|429|048,623,277,346,80,4.1,151,70,623.0,277.0,346.0,151.0,80.06,0.0,code_match,623,0.5301974429010867,1175.0
26|00|62|549|429|208,1150,506,644,79,3.8,302,230,1150.0,506.0,644.0,302.0,78.57,0.0,code_match,1150,0.5002730887045439,2298.7
26|00|62|549|430|208,660,301,359,84,4.3,152,110,660.0,301.0,359.0,152.0,83.84,0.0,code_match,660,0.4101028069949397,1609.4
26|00|62|549|442|245,0,0,0,0,0.0,0,0,,,,,,,gpkg_only_no_census_match,0,0.1292772125479654,0.0
26|00|62|549|469|208,304,124,180,69,3.3,91,90,304.0,124.0,180.0,91.0,68.89,0.0,code_match,304,0.16446273513952295,1848.4
26|00|62|549|469|368,330,150,180,83,3.9,84,80,330.0,150.0,180.0,84.0,83.33,0.0,code_match,330,0.14036158139792562,2351.1
26|00|62|549|550|268,1886,850,1036,82,3.9,484,360,1886.0,850.0,1036.0,484.0,82.05,0.0,code_match,1886,0.6590945262585598,2861.5
26|00|62|549|616|308,400,160,240,67,3.5,113,120,400.0,160.0,240.0,113.0,66.67,0.0,code_match,400,0.17333186640009401,2307.7
26|00|62|549|621|308,539,262,277,95,3.9,139,100,539.0,262.0,277.0,139.0,94.58,0.0,code_match,539,0.5167590142110007,1043.0
26|00|62|549|684|348,1423,626,797,79,3.8,372,320,1423.0,626.0,797.0,372.0,78.54,0.0,code_match,1423,0.4612093700151422,3085.4
26|00|62|549|685|348,648,277,371,75,3.8,171,120,648.0,277.0,371.0,171.0,74.66,0.0,code_match,648,0.42151556089381487,1537.3
26|00|62|549|722|368,383,188,195,96,4.2,92,120,383.0,188.0,195.0,92.0,96.41,0.0,code_match,383,0.16455827988415883,2327.4
26|00|62|549|723|368,1023,421,602,70,3.6,288,200,1023.0,421.0,602.0,288.0,69.93,0.0,code_match,1023,1.2702325912750874,805.4
26|00|62|549|726|028,849,367,482,76,3.9,217,160,849.0,367.0,482.0,217.0,76.14,0.0,code_match,849,0.49445715722607997,1717.0
26|00|62|549|773|046,317,144,173,83,3.9,81,100,317.0,144.0,173.0,81.0,83.24,0.0,code_match,317,0.1718249989733134,1844.9
26|00|62|549|773|048,561,248,313,79,3.9,144,120,561.0,248.0,313.0,144.0,79.23,0.0,code_match,561,0.2822495474078974,1987.6
26|00|62|549|773|268,401,193,208,93,4.6,88,70,401.0,193.0,208.0,88.0,92.79,0.0,code_match,401,0.10353048344361648,3873.3
26|00|62|549|773|388,1993,860,1133,76,3.7,532,470,1993.0,860.0,1133.0,532.0,75.9,0.0,code_match,1993,1.133733803885004,1757.9
26|00|62|549|807|268,337,144,193,75,3.4,99,70,337.0,144.0,193.0,99.0,74.61,0.0,code_match,337,0.23444085743264517,1437.5
26|00|62|549|807|408,1269,612,657,93,4.5,285,240,1269.0,612.0,657.0,285.0,93.15,0.0,code_match,1269,1.1593397177525049,1094.6
26|00|62|715|098|028,1011,469,542,87,3.5,292,300,1011.0,469.0,542.0,292.0,86.53,0.0,code_match,1011,1.530686418027928,660.5
26|00|62|715|131|048,84,40,44,91,3.4,25,30,84.0,40.0,44.0,25.0,90.91,0.0,code_match,84,0.5644677244544399,148.8
26|00|62|715|276|128,713,325,388,84,3.9,185,180,713.0,325.0,388.0,185.0,83.76,0.0,code_match,713,0.26911099022619533,2649.5
26|00|62|715|312|148,1567,717,850,84,4.1,385,350,1567.0,717.0,850.0,385.0,84.35,0.0,code_match,1567,0.7370164489608003,2126.1
26|00|62|715|312|268,234,121,113,107,4.0,58,80,234.0,121.0,113.0,58.0,107.08,0.0,code_match,234,0.0910897769535194,2568.9
26|00|62|715|503|248,476,209,267,78,3.8,125,120,476.0,209.0,267.0,125.0,78.28,0.0,code_match,476,0.2119604407327508,2245.7
26|00|62|715|509|057,606,275,331,83,3.7,165,240,606.0,275.0,331.0,165.0,83.08,0.0,code_match,606,0.22618239139540172,2679.3
26|00|62|715|509|248,1309,627,682,92,3.7,358,360,1309.0,627.0,682.0,358.0,91.94,0.0,code_match,1309,0.5180927334949458,2526.6
26|00|62|715|551|028,305,151,154,98,3.4,90,60,305.0,151.0,154.0,90.0,98.05,0.0,code_match,305,0.1270151183360121,2401.3
26|00|62|715|551|268,298,140,158,89,3.2,93,110,298.0,140.0,158.0,93.0,88.61,0.0,code_match,298,0.35603035376352915,837.0
26|00|62|715|551|276,292,121,171,71,3.6,82,80,292.0,121.0,171.0,82.0,70.76,0.0,code_match,292,0.1959602784862062,1490.1
26|00|62|715|551|368,102,42,60,70,4.1,25,40,102.0,42.0,60.0,25.0,70.0,0.0,code_match,102,0.1781735332320215,572.5
26|00|62|715|613|028,1590,734,856,86,4.0,396,400,1590.0,734.0,856.0,396.0,85.75,0.0,code_match,1590,0.18444543244376477,8620.4
26|00|62|715|613|128,1002,459,543,85,3.9,254,260,1002.0,459.0,543.0,254.0,84.53,0.0,code_match,1002,0.6174998298970124,1622.7
26|00|62|715|613|308,1187,518,669,77,3.8,310,330,1187.0,518.0,669.0,310.0,77.43,0.0,code_match,1187,0.9454070301977795,1255.5
26|00|62|715|726|268,277,115,162,71,3.4,81,75,277.0,115.0,162.0,81.0,70.99,0.0,code_match,277,0.29613501781273344,935.4
26|00|62|715|726|368,618,268,350,77,3.5,175,160,618.0,268.0,350.0,175.0,76.57,0.0,code_match,618,0.26823726209216414,2303.9
26|00|62|715|727|368,511,237,274,87,3.8,135,120,511.0,237.0,274.0,135.0,86.5,0.0,code_match,511,0.28572198267922877,1788.5
26|00|62|715|728|208,526,231,295,78,3.1,167,160,526.0,231.0,295.0,167.0,78.31,0.0,code_match,526,0.5466822324233377,962.2
26|00|62|715|728|228,778,376,402,94,4.1,189,150,778.0,376.0,402.0,189.0,93.53,0.0,code_match,778,0.17653943027750968,4406.9
26|00|62|715|728|368,2008,902,1106,82,3.5,566,650,2008.0,902.0,1106.0,566.0,81.56,0.0,code_match,2008,1.1332554614140897,1771.9
26|00|62|715|735|048,409,186,223,83,3.7,110,120,409.0,186.0,223.0,110.0,83.41,0.0,code_match,409,0.6188664261490852,660.9
26|00|62|715|735|368,399,189,210,90,3.6,110,110,399.0,189.0,210.0,110.0,90.0,0.0,code_match,399,0.2783237181081034,1433.6
26|00|62|715|736|068,1011,471,540,87,4.1,248,240,1011.0,471.0,540.0,248.0,87.22,0.0,code_match,1011,0.20499467832208979,4931.8
26|00|62|715|736|268,750,328,422,78,3.8,198,240,750.0,328.0,422.0,198.0,77.73,0.0,code_match,750,0.29198959626030513,2568.6
26|00|62|715|736|368,911,407,504,81,3.7,246,180,911.0,407.0,504.0,246.0,80.75,0.0,code_match,911,0.30014083335288766,3035.2
26|00|62|724|033|052,506,253,253,100,4.1,123,107,506.0,253.0,253.0,123.0,100.0,0.0,code_match,506,0.7811794411421452,647.7
26|00|62|724|036|048,566,263,303,87,3.6,158,70,566.0,263.0,303.0,158.0,86.8,0.0,code_match,566,0.29034576312525523,1949.4
26|00|62|724|036|056,739,386,353,109,3.3,221,215,738.0,385.0,353.0,221.0,109.07,-1.0,code_match,739,1.0587596349768003,698.0
26|00|62|724|036|058,996,433,563,77,3.8,264,198,996.0,433.0,563.0,264.0,76.91,0.0,code_match,996,1.663065938958205,598.9
26|00|62|724|036|148,641,280,361,78,4.0,161,80,641.0,280.0,361.0,161.0,77.56,0.0,code_match,641,0.4903893317270762,1307.1
26|00|62|724|071|065,1417,701,716,98,4.3,332,240,1417.0,701.0,716.0,332.0,97.91,0.0,code_match,1417,2.216012682197991,639.4
26|00|62|724|071|068,2614,1196,1418,84,4.0,655,395,2614.0,1196.0,1418.0,655.0,84.34,0.0,code_match,2614,2.002880043549294,1305.1
26|00|62|724|071|076,1011,471,540,87,4.1,248,200,1011.0,471.0,540.0,248.0,87.22,0.0,code_match,1011,1.4438393517269155,700.2
26|00|62|724|071|408,2094,993,1101,90,4.1,510,371,2094.0,993.0,1101.0,510.0,90.19,0.0,code_match,2094,2.3914103482228457,875.6
26|00|62|724|178|068,2718,1272,1446,88,3.8,706,611,2718.0,1272.0,1446.0,706.0,87.97,0.0,code_match,2718,2.3385687086342233,1162.2
26|00|62|724|431|208,2305,1071,1234,87,3.8,607,396,2305.0,1071.0,1234.0,607.0,86.79,0.0,code_match,2305,1.2524403988012436,1840.4
26|00|62|724|431|216,1004,545,457,119,3.9,259,220,1004.0,545.0,457.0,259.0,119.26,0.0,code_match,1004,0.8879053194911397,1130.8
26|00|62|724|431|348,623,313,310,101,3.3,190,160,623.0,313.0,310.0,190.0,100.97,0.0,code_match,623,0.7943907852182482,784.2
26|00|62|724|434|208,395,190,205,93,3.8,103,100,395.0,190.0,205.0,103.0,92.68,0.0,code_match,395,0.47313578965435066,834.9
26|00|62|724|434|216,620,284,336,85,4.0,155,115,620.0,284.0,336.0,155.0,84.52,0.0,code_match,620,1.0522958536182263,589.2
26|00|62|724|437|208,986,527,459,115,4.3,229,171,986.0,527.0,459.0,229.0,114.81,0.0,code_match,986,2.25253734596488,437.7
26|00|62|724|504|248,1153,524,629,83,4.0,285,240,1153.0,524.0,629.0,285.0,83.31,0.0,code_match,1153,1.067526143572371,1080.1
26|00|62|724|617|028,769,370,399,93,3.8,203,105,769.0,370.0,399.0,203.0,92.73,0.0,code_match,769,0.4873328913348691,1578.0
26|00|62|724|617|308,1538,693,845,82,3.8,403,221,1538.0,693.0,845.0,403.0,82.01,0.0,code_match,1538,1.1819278870445684,1301.3
26|00|62|724|617|368,1251,565,686,82,4.0,316,240,1249.0,564.0,685.0,316.0,82.34,-2.0,code_match,1251,0.7320763788541275,1708.8
26|00|62|724|729|028,798,425,373,114,4.8,165,115,798.0,425.0,373.0,165.0,113.94,0.0,code_match,798,0.6296589892870158,1267.4
26|00|62|724|729|068,994,488,506,96,4.4,226,193,994.0,488.0,506.0,226.0,96.44,0.0,code_match,994,1.2049774269549647,824.9
26|00|62|724|729|368,2294,1078,1216,89,3.9,585,490,2294.0,1078.0,1216.0,585.0,88.65,0.0,code_match,2294,2.523825006448605,908.9
26|00|62|724|731|041,462,209,253,83,3.8,123,90,462.0,209.0,253.0,123.0,82.61,0.0,code_match,462,1.1177689328372447,413.3
26|00|62|724|731|048,1199,552,647,85,4.0,303,220,1199.0,552.0,647.0,303.0,85.32,0.0,code_match,1199,0.6460406822666912,1855.9
26|00|62|724|731|056,1206,545,661,83,4.0,300,215,1206.0,545.0,661.0,300.0,82.45,0.0,code_match,1206,1.5415948619514226,782.3
26|00|62|724|731|064,848,351,497,71,3.6,238,180,848.0,351.0,497.0,238.0,70.62,0.0,code_match,848,0.7450303223311956,1138.2
26|00|62|724|731|188,716,346,370,94,4.4,163,50,716.0,346.0,370.0,163.0,93.51,0.0,code_match,716,1.0179177425851222,703.4
26|00|62|724|731|308,901,420,481,87,4.0,227,70,901.0,420.0,481.0,227.0,87.32,0.0,code_match,901,0.11538209349872126,7808.8
26|00|62|724|731|368,2096,1015,1081,94,4.0,525,350,2096.0,1015.0,1081.0,525.0,93.89,0.0,code_match,2096,0.797764548775058,2627.3
26|00|62|724|732|048,453,211,242,87,3.7,123,80,453.0,211.0,242.0,123.0,87.19,0.0,code_match,453,0.5160305243617193,877.9
26|00|62|724|732|368,2557,1192,1365,87,3.6,703,680,2557.0,1192.0,1365.0,703.0,87.33,0.0,code_match,2557,1.013102355200375,2523.9
26|00|62|724|732|376,926,422,500,84,3.9,240,185,926.0,422.0,500.0,240.0,84.4,0.0,code_match,926,0.5619708247374827,1647.8
26|00|72|109|092|256,1265,680,584,116,3.6,350,340,1265.0,680.0,584.0,350.0,116.44,0.0,code_match,1265,0.042463685261005246,29790.2
26|00|72|109|092|264,904,449,455,99,4.0,224,206,904.0,449.0,455.0,224.0,98.68,0.0,code_match,904,0.027961140670223997,32330.6
26|00|72|109|092|268,861,411,450,91,3.9,219,210,861.0,411.0,450.0,219.0,91.33,0.0,code_match,861,0.02061929795529769,41757.0
26|00|72|109|092|308,1161,670,490,137,4.4,264,225,1161.0,670.0,490.0,264.0,136.73,0.0,code_match,1161,0.00641536213752239,180971.9
26|00|72|109|092|316,4471,2423,2048,118,3.7,1215,985,4476.0,2427.0,2049.0,1215.0,118.45,5.0,code_match,4471,0.09493736070121361,47094.2
26|00|72|109|092|324,3177,1635,1542,106,3.6,882,870,3177.0,1635.0,1542.0,882.0,106.03,0.0,code_match,3177,0.0528136738538296,60154.9
26|00|72|109|092|368,1083,508,575,88,4.0,273,235,1083.0,508.0,575.0,273.0,88.35,0.0,code_match,1083,0.008718744623095676,124215.1
26|00|72|109|092|376,1127,643,484,133,3.6,312,285,1127.0,643.0,484.0,312.0,132.85,0.0,code_match,1127,0.015353266060335234,73404.6
26|00|72|109|728|048,2733,1997,736,271,7.4,369,350,2733.0,1997.0,736.0,369.0,271.33,0.0,code_match,2733,0.15796735643205254,17301.0
26|00|72|109|728|368,3580,1898,1682,113,3.5,1009,1025,3580.0,1898.0,1682.0,1009.0,112.84,0.0,code_match,3580,0.2832355754902417,12639.7
26|00|72|118|036|012,0,0,0,0,0.0,0,0,,,,,,,gpkg_only_no_census_match,0,0.6137291285869403,0.0
26|00|72|118|037|016,4456,2314,2142,108,3.0,1470,1809,4456.0,2314.0,2142.0,1470.0,108.03,0.0,code_match,4456,0.21975247123759079,20277.4
26|00|72|118|037|067,13860,7386,6474,114,3.0,4613,3070,13859.0,7386.0,6473.0,4612.0,114.1,-1.0,code_match,13860,1.3707787797686974,10111.0
26|00|72|118|077|008,48519,25633,22886,112,3.0,16161,15190,48519.0,25633.0,22886.0,16160.0,112.0,0.0,code_match,48519,1.5248339560048536,31819.2
26|00|72|118|077|008,48519,25633,22886,112,3.0,16161,15190,48519.0,25633.0,22886.0,16160.0,112.0,0.0,code_match,48519,0.49030736192301755,98956.3
26|00|72|118|077|388,23089,12626,10463,121,2.8,8366,7915,23089.0,12626.0,10463.0,8366.0,120.67,0.0,code_match,23089,1.3021726803348939,17731.1
26|00|72|118|082|268,1164,561,603,93,3.4,347,486,1164.0,561.0,603.0,347.0,93.03,0.0,code_match,1164,0.16575008334219765,7022.6
26|00|72|118|082|308,9335,5126,4209,122,3.2,2895,2335,9335.0,5126.0,4209.0,2895.0,121.79,0.0,code_match,9335,1.3844453769372111,6742.8
26|00|72|118|082|368,1066,519,547,95,3.6,298,356,1066.0,519.0,547.0,298.0,94.88,0.0,code_match,1066,0.22783861611240355,4678.8
26|00|72|118|083|068,36806,19946,16860,118,2.6,13954,12766,36808.0,19948.0,16860.0,13954.0,118.32,2.0,code_match,36806,2.1561653148004916,17070.1
26|00|72|118|083|348,5091,2668,2423,110,2.7,1852,1411,5091.0,2668.0,2423.0,1852.0,110.11,0.0,code_match,5091,0.24685861804721776,20623.1
26|00|72|118|090|028,5678,3046,2632,116,2.8,2009,2103,5678.0,3046.0,2632.0,2009.0,115.73,0.0,code_match,5678,0.36760194859785994,15446.1
26|00|72|118|090|048,10955,6253,4698,133,3.1,3491,2409,10954.0,6253.0,4697.0,3491.0,133.13,-1.0,code_match,10955,0.6564696996967078,16687.7
26|00|72|118|090|063,2671,1416,1255,113,3.6,747,593,2671.0,1416.0,1255.0,747.0,112.83,0.0,code_match,2671,0.6565924268989883,4068.0
26|00|72|118|090|068,5735,3000,2735,110,3.3,1763,1465,5733.0,2999.0,2734.0,1759.0,109.69,-2.0,code_match,5735,0.9685468254536025,5921.2
26|00|72|118|090|208,7104,3649,3455,106,2.8,2530,2171,7103.0,3649.0,3454.0,2527.0,105.65,-1.0,code_match,7104,0.3821272260556154,18590.7
26|00|72|118|093|028,2326,1267,1057,120,2.7,852,712,2326.0,1267.0,1057.0,852.0,119.87,0.0,code_match,2326,1.077331792403163,2159.0
26|00|72|118|093|188,1660,880,777,113,2.7,626,546,1660.0,880.0,777.0,626.0,113.26,0.0,code_match,1660,0.8593837525177487,1931.6
26|00|72|118|134|054,0,0,0,0,0.0,0,0,,,,,,,gpkg_only_no_census_match,0,1.4047415994372832,0.0
26|00|72|118|140|048,9618,5299,4319,123,2.8,3487,2332,9619.0,5300.0,4319.0,3487.0,122.71,1.0,code_match,9618,0.27521746087157617,34946.9
26|00|72|118|146|049,0,0,0,0,0.0,0,0,,,,,,,gpkg_only_no_census_match,0,1.017794047843181,0.0
26|00|72|118|202|068,11070,5758,5312,108,3.0,3694,3540,11069.0,5758.0,5311.0,3689.0,108.42,-1.0,code_match,11070,0.43477849100475446,25461.2
26|00|72|118|205|208,11609,5990,5619,107,2.9,3951,2295,11609.0,5990.0,5619.0,3951.0,106.6,0.0,code_match,11609,0.5511861064544247,21061.9
26|00|72|118|205|216,40962,21317,19645,109,2.8,14383,11352,40963.0,21318.0,19645.0,14382.0,108.52,1.0,code_match,40962,2.104971088491693,19459.6
26|00|72|118|205|268,4515,2288,2227,103,3.2,1422,1167,4515.0,2288.0,2227.0,1422.0,102.74,0.0,code_match,4515,0.7861177638277933,5743.4
26|00|72|118|308|128,27611,14976,12631,119,2.9,9573,8346,27611.0,14976.0,12631.0,9573.0,118.57,0.0,code_match,27611,2.440417940989987,11314.0
26|00|72|118|456|208,12745,6669,6076,110,2.9,4457,3654,12746.0,6670.0,6076.0,4457.0,109.78,1.0,code_match,12745,0.6704267613297571,19010.3
26|00|72|118|519|248,3696,2520,1176,214,4.2,889,1205,3696.0,2520.0,1176.0,889.0,214.29,0.0,code_match,3696,0.27794763219396285,13297.5
26|00|72|118|631|308,1194,660,534,124,3.3,358,286,1194.0,660.0,534.0,358.0,123.6,0.0,code_match,1194,0.3532996163197192,3379.6
26|00|72|118|695|028,1393,747,646,116,3.3,418,435,1393.0,747.0,646.0,418.0,115.63,0.0,code_match,1393,0.22892435128895514,6085.0
26|00|72|118|695|348,610,303,307,99,3.4,178,130,610.0,303.0,307.0,178.0,98.7,0.0,code_match,610,0.08075380371932231,7553.8
26|00|72|118|725|368,3037,1579,1458,108,2.8,1102,1000,3037.0,1579.0,1458.0,1102.0,108.3,0.0,code_match,3037,0.42188000571628625,7198.7
26|00|72|118|740|368,6175,3240,2935,110,2.9,2149,1388,6175.0,3240.0,2935.0,2149.0,110.39,0.0,code_match,6175,0.768337239399952,8036.8
26|00|72|118|742|368,3365,1770,1588,112,2.7,1233,1197,3368.0,1772.0,1589.0,1233.0,111.52,3.0,code_match,3365,0.06254685625356972,53799.7
26|00|72|144|074|028,2995,1672,1323,126,3.5,868,721,2995.0,1672.0,1323.0,867.0,126.38,0.0,code_match,2995,1.5963563673254049,1876.1
26|00|72|144|075|028,1512,754,758,100,4.1,373,302,1512.0,754.0,758.0,373.0,99.47,0.0,code_match,1512,1.904083495580917,794.1
26|00|72|144|075|308,2428,1256,1172,107,4.1,599,435,2428.0,1256.0,1172.0,599.0,107.17,0.0,code_match,2428,1.2664993962203537,1917.1
26|00|72|144|075|348,303,166,137,121,4.3,71,13,303.0,166.0,137.0,71.0,121.17,0.0,code_match,303,0.6351004620592557,477.1
26|00|72|144|100|028,152,75,77,97,4.1,37,43,152.0,75.0,77.0,37.0,97.4,0.0,code_match,152,1.7618228143134267,86.3
26|00|72|144|136|048,2079,1056,1023,103,3.6,573,448,2079.0,1056.0,1023.0,573.0,103.23,0.0,code_match,2079,1.1509992607058321,1806.3
26|00|72|144|137|048,40,23,17,135,4.4,9,17,40.0,23.0,17.0,9.0,135.29,0.0,code_match,40,0.20825759619906142,192.1
26|00|72|144|299|128,2455,1271,1184,107,3.2,767,813,2455.0,1271.0,1184.0,767.0,107.35,0.0,code_match,2455,1.1657924655478906,2105.9
26|00|72|144|442|208,3160,1617,1543,105,3.3,964,834,3160.0,1617.0,1543.0,964.0,104.8,0.0,code_match,3160,0.32269051075713917,9792.7
26|00|72|144|450|028,2429,1257,1172,107,3.2,762,757,2429.0,1257.0,1172.0,762.0,107.25,0.0,code_match,2429,0.7486996369209742,3244.3
26|00|72|144|450|070,302,171,131,131,2.9,105,103,302.0,171.0,131.0,105.0,130.53,0.0,code_match,302,0.17425656817965948,1733.1
26|00|72|144|450|236,1039,542,497,109,3.2,321,305,1039.0,542.0,497.0,321.0,109.05,0.0,code_match,1039,1.4940791212572548,695.4
26|00|72|144|450|268,13814,7145,6669,107,3.6,3822,3236,13813.0,7145.0,6668.0,3822.0,107.15,-1.0,code_match,13814,1.638285173665723,8432.0
26|00|72|144|559|268,1477,749,728,103,3.5,424,416,1477.0,749.0,728.0,424.0,102.88,0.0,code_match,1477,0.43023870075038,3433.0
26|00|72|144|632|421,0,0,0,0,0.0,0,0,,,,,,,gpkg_only_no_census_match,0,0.09525301739291554,0.0
26|00|72|144|724|368,5953,3033,2920,104,3.7,1626,1414,5952.0,3033.0,2919.0,1626.0,103.91,-1.0,code_match,5953,3.6668742287201774,1623.5
26|00|72|153|089|068,1218,633,585,108,3.6,337,309,1218.0,633.0,585.0,337.0,108.21,0.0,code_match,1218,0.3461862999147914,3518.3
26|00|72|153|094|028,1971,949,1022,93,4.0,491,438,1970.0,949.0,1021.0,491.0,92.95,-1.0,code_match,1971,1.146047866512952,1719.8
26|00|72|153|094|148,3840,1997,1843,108,4.3,901,687,3840.0,1997.0,1843.0,901.0,108.36,0.0,code_match,3840,1.4563619073887633,2636.7
26|00|72|153|094|208,3284,1677,1607,104,4.0,829,640,3284.0,1677.0,1607.0,829.0,104.36,0.0,code_match,3284,0.8436062869930139,3892.8
26|00|72|153|133|048,3170,1651,1519,109,4.0,802,598,3171.0,1652.0,1519.0,802.0,108.76,1.0,code_match,3170,0.9013577980035654,3516.9
26|00|72|153|133|208,2633,1307,1326,99,3.6,726,680,2633.0,1307.0,1326.0,726.0,98.57,0.0,code_match,2633,0.828209990173218,3179.1
26|00|72|153|153|048,2373,1247,1126,111,4.2,559,527,2373.0,1247.0,1126.0,559.0,110.75,0.0,code_match,2373,2.1981982505371445,1079.5
26|00|72|153|153|068,948,469,479,98,3.9,246,246,948.0,469.0,479.0,246.0,97.91,0.0,code_match,948,0.14857536442986283,6380.6
26|00|72|153|153|208,1084,611,473,129,4.2,256,227,1084.0,611.0,473.0,256.0,129.18,0.0,code_match,1084,0.2821705361465264,3841.6
26|00|72|153|153|268,1433,737,696,106,3.8,380,430,1433.0,737.0,696.0,380.0,105.89,0.0,code_match,1433,0.6020196669327084,2380.3
26|00|72|153|338|148,1336,676,660,102,3.8,352,320,1336.0,676.0,660.0,352.0,102.42,0.0,code_match,1336,1.148721991742844,1163.0
26|00|72|153|338|268,832,420,412,102,3.6,228,212,832.0,420.0,412.0,228.0,101.94,0.0,code_match,832,0.1800105596237605,4622.0
26|00|72|153|522|028,1734,903,831,109,3.8,458,540,1734.0,903.0,831.0,458.0,108.66,0.0,code_match,1734,0.7035154010046254,2464.8
26|00|72|153|522|048,733,390,343,114,3.3,224,193,733.0,390.0,343.0,224.0,113.7,0.0,code_match,733,0.29876827661821975,2453.4
26|00|72|153|522|056,560,273,287,95,3.9,142,104,560.0,273.0,287.0,142.0,95.12,0.0,code_match,560,0.6107889942635415,916.8
26|00|72|153|522|108,3158,1582,1576,100,3.6,881,891,3158.0,1582.0,1576.0,881.0,100.38,0.0,code_match,3158,1.2811014715525941,2465.1
26|00|72|153|522|248,1183,635,548,116,3.6,329,266,1183.0,635.0,548.0,329.0,115.88,0.0,code_match,1183,1.1863833943702715,997.1
26|00|72|153|522|268,318,162,156,104,3.7,87,115,318.0,162.0,156.0,87.0,103.85,0.0,code_match,318,0.13297091193730215,2391.5
26|00|72|153|522|368,69,32,37,87,3.3,21,34,69.0,32.0,37.0,21.0,86.49,0.0,code_match,69,0.05908908621478732,1167.7
26|00|72|153|522|388,840,429,411,104,3.7,226,184,840.0,429.0,411.0,226.0,104.38,0.0,code_match,840,0.3860574505497628,2175.8
26|00|72|153|618|048,1123,587,536,110,4.1,276,211,1123.0,587.0,536.0,276.0,109.51,0.0,code_match,1123,0.2484672927201546,4519.7
26|00|72|153|618|308,1505,776,729,106,4.1,368,299,1504.0,775.0,729.0,368.0,106.31,-1.0,code_match,1505,0.471857262008904,3189.5
26|00|72|153|738|228,4333,2281,2052,111,4.3,1006,733,4333.0,2281.0,2052.0,1006.0,111.16,0.0,code_match,4333,0.8939472505999969,4847.0
26|00|72|153|738|368,1056,574,482,119,4.2,253,210,1056.0,574.0,482.0,253.0,119.09,0.0,code_match,1056,0.4061384520873029,2600.1
26|00|72|153|738|376,7210,3762,3448,109,4.3,1688,1238,7210.0,3762.0,3448.0,1688.0,109.11,0.0,code_match,7210,0.8490159705558941,8492.2
26|00|72|153|738|384,1788,974,814,120,3.9,455,335,1788.0,974.0,814.0,455.0,119.66,0.0,code_match,1788,1.2457749517214882,1435.3
26|00|72|153|738|392,3437,1705,1732,98,4.3,791,537,3437.0,1705.0,1732.0,791.0,98.44,0.0,code_match,3437,0.5958327090213335,5768.4
26|00|72|153|779|308,5129,2544,2584,99,4.5,1144,1008,5130.0,2544.0,2585.0,1144.0,98.41,1.0,code_match,5129,0.2946645306278595,17406.2
26|00|72|162|032|053,7459,3927,3532,111,3.5,2139,1911,7459.0,3927.0,3532.0,2139.0,111.18,0.0,code_match,7459,2.8480875978026265,2619.0
26|00|72|162|070|028,4245,2274,1971,115,3.9,1082,980,4244.0,2274.0,1970.0,1082.0,115.43,-1.0,code_match,4245,1.3564379463217486,3129.5
26|00|72|162|081|208,2176,1154,1022,113,4.2,516,335,2176.0,1154.0,1022.0,516.0,112.92,0.0,code_match,2176,2.419506866759506,899.4
26|00|72|162|081|216,570,310,260,119,3.6,160,70,570.0,310.0,260.0,160.0,119.23,0.0,code_match,570,0.20631835537277887,2762.7
26|00|72|162|081|268,245,138,107,129,4.6,53,50,245.0,138.0,107.0,53.0,128.97,0.0,code_match,245,0.30361919531768267,806.9
26|00|72|162|085|029,293,152,141,108,3.5,84,55,293.0,152.0,141.0,84.0,107.8,0.0,code_match,293,0.16754936103847767,1748.7
26|00|72|162|098|028,596,288,308,94,3.6,167,130,596.0,288.0,308.0,167.0,93.51,0.0,code_match,596,0.753325147088536,791.2
26|00|72|162|103|028,1851,909,942,97,4.4,423,356,1851.0,909.0,942.0,423.0,96.5,0.0,code_match,1851,1.2547985204369871,1475.1
26|00|72|162|147|208,2555,1342,1213,111,3.3,771,600,2555.0,1342.0,1213.0,771.0,110.63,0.0,code_match,2555,1.3986656853851684,1826.7
26|00|72|162|147|216,119,62,57,109,3.6,33,60,119.0,62.0,57.0,33.0,108.77,0.0,code_match,119,0.17611866686307528,675.7
26|00|72|162|147|224,324,162,162,100,4.0,82,70,324.0,162.0,162.0,82.0,100.0,0.0,code_match,324,0.12914789292628143,2508.8
26|00|72|162|150|048,449,220,229,96,4.0,113,100,449.0,220.0,229.0,113.0,96.07,0.0,code_match,449,0.3649827052213608,1230.2
26|00|72|162|152|058,4112,3015,1097,275,685.3,6,6,4112.0,3015.0,1097.0,6.0,274.84,0.0,code_match,4112,0.3822999660950285,10756.0
26|00|72|162|195|068,147,81,66,123,4.2,35,27,147.0,81.0,66.0,35.0,122.73,0.0,code_match,147,1.0829865700110315,135.7
26|00|72|162|200|068,1040,533,507,105,4.0,257,230,1040.0,533.0,507.0,257.0,105.13,0.0,code_match,1040,1.8736740343454446,555.1
26|00|72|162|201|068,207,95,112,85,3.2,65,45,207.0,95.0,112.0,65.0,84.82,0.0,code_match,207,0.24223118598084775,854.6
26|00|72|162|405|188,7429,3914,3515,111,2.9,2525,2554,7428.0,3913.0,3515.0,2525.0,111.32,-1.0,code_match,7429,0.613854066380168,12102.2
26|00|72|162|439|208,3707,2001,1706,117,4.3,859,788,3707.0,2001.0,1706.0,859.0,117.29,0.0,code_match,3707,1.7860279139170798,2075.6
26|00|72|162|446|208,14429,8315,6113,136,3.5,4138,3831,14429.0,8315.0,6113.0,4136.0,136.02,0.0,code_match,14429,2.163483069492991,6669.3
26|00|72|162|452|208,188,98,90,109,4.4,43,40,188.0,98.0,90.0,43.0,108.89,0.0,code_match,188,0.7360583395874164,255.4
26|00|72|162|452|216,658,306,352,87,3.7,180,225,658.0,306.0,352.0,180.0,86.93,0.0,code_match,658,0.11717264847951622,5615.6
26|00|72|162|452|368,2341,1188,1153,103,3.8,613,485,2341.0,1188.0,1153.0,613.0,103.04,0.0,code_match,2341,1.2929646347453876,1810.6
26|00|72|162|453|028,1936,953,983,97,3.8,515,545,1936.0,953.0,983.0,515.0,96.95,0.0,code_match,1936,1.2552067329841459,1542.4
26|00|72|162|515|248,2007,1004,1003,100,3.7,549,460,2007.0,1004.0,1003.0,549.0,100.1,0.0,code_match,2007,0.769826919600202,2607.1
26|00|72|162|627|383,28,16,12,133,2.8,10,10,28.0,16.0,12.0,10.0,133.33,0.0,code_match,28,0.5304923459046045,52.8
26|00|72|162|690|348,1716,858,858,100,3.0,563,534,1716.0,858.0,858.0,563.0,100.0,0.0,code_match,1716,0.23599800720685712,7271.2
26|00|72|162|726|368,365,206,159,130,4.1,89,80,365.0,206.0,159.0,89.0,129.56,0.0,code_match,365,0.6236495887186622,585.3
26|00|72|162|727|368,332,172,160,108,4.2,79,75,332.0,172.0,160.0,79.0,107.5,0.0,code_match,332,0.6351268675267124,522.7
26|00|72|162|729|368,5207,2755,2452,112,3.3,1594,1391,5208.0,2756.0,2452.0,1594.0,112.4,1.0,code_match,5207,0.9446207063684307,5512.3
26|00|72|162|730|368,47,21,26,81,3.4,14,25,47.0,21.0,26.0,14.0,80.77,0.0,code_match,47,0.6392310997279825,73.5
26|00|72|162|739|076,0,0,0,0,0.0,0,0,,,,,,,gpkg_only_no_census_match,0,0.1706484682279179,0.0
26|00|72|162|809|408,2043,1391,652,213,4.6,443,335,2043.0,1391.0,652.0,443.0,213.34,0.0,code_match,2043,0.6674047945334247,3061.1
26|00|72|162|815|028,510,250,260,96,3.5,146,110,510.0,250.0,260.0,146.0,96.15,0.0,code_match,510,1.0159837791568458,502.0
26|00|72|213|073|028,17102,8915,8186,109,2.8,6208,4856,17109.0,8922.0,8186.0,6208.0,108.99,7.0,code_match,17102,0.48368889382436425,35357.4
26|00|72|213|073|068,62201,31941,30252,106,3.1,20001,18031,62195.0,31936.0,30251.0,20000.0,105.57,-6.0,code_match,62201,0.8182117954748566,76020.7
26|00|72|213|073|068,62201,31941,30252,106,3.1,20001,18031,62195.0,31936.0,30251.0,20000.0,105.57,-6.0,code_match,62201,0.9439551594345401,65894.0
26|00|72|213|073|150,15730,8363,7367,114,2.9,5379,5187,15730.0,8363.0,7367.0,5379.0,113.52,0.0,code_match,15730,0.6829620819192763,23032.0
26|00|72|213|073|408,54361,29130,25222,116,2.7,20045,19072,54365.0,29133.0,25223.0,20043.0,115.5,4.0,code_match,54361,0.5222096393747091,104098.0
26|00|72|213|073|408,54361,29130,25222,116,2.7,20045,19072,54365.0,29133.0,25223.0,20043.0,115.5,4.0,code_match,54361,0.8794931474896756,61809.5
26|00|72|213|076|028,2826,1470,1356,108,3.5,800,575,2837.0,1478.0,1359.0,800.0,108.76,11.0,code_match,2826,0.9028465598157479,3130.1
26|00|72|213|076|068,389,190,199,96,3.4,116,105,389.0,190.0,199.0,116.0,95.48,0.0,code_match,389,0.3858122733381451,1008.3
26|00|72|213|076|208,18550,9456,9094,104,2.9,6419,5645,18550.0,9456.0,9094.0,6419.0,103.98,0.0,code_match,18550,2.4429169080849085,7593.4
26|00|72|213|076|276,398,202,196,103,3.6,112,115,398.0,202.0,196.0,112.0,103.06,0.0,code_match,398,0.22432664999924234,1774.2
26|00|72|213|149|308,938,497,441,113,4.3,220,230,938.0,497.0,441.0,220.0,112.7,0.0,code_match,938,0.450314161310492,2083.0
26|00|72|213|197|048,3369,1684,1685,100,3.2,1059,919,3369.0,1684.0,1685.0,1059.0,99.94,0.0,code_match,3369,0.7859460071939404,4286.6
26|00|72|213|197|054,211,133,78,171,5.0,42,43,211.0,133.0,78.0,42.0,170.51,0.0,code_match,211,0.2703216445927196,780.6
26|00|72|213|197|208,1413,727,686,106,4.3,325,349,1413.0,727.0,686.0,325.0,105.98,0.0,code_match,1413,0.1789810821019561,7894.7
26|00|72|213|197|248,7517,3782,3735,101,2.8,2694,2791,7517.0,3782.0,3735.0,2694.0,101.26,0.0,code_match,7517,0.3976667826680956,18902.8
26|00|72|213|197|268,938,484,454,107,4.3,219,239,938.0,484.0,454.0,219.0,106.61,0.0,code_match,938,0.43813937248220564,2140.9
26|00|72|213|197|276,11404,5964,5436,110,2.8,4047,4117,11404.0,5964.0,5436.0,4047.0,109.71,0.0,code_match,11404,1.5313089270770839,7447.2
26|00|72|213|198|068,264,137,127,108,3.6,74,80,264.0,137.0,127.0,74.0,107.87,0.0,code_match,264,0.1847314949490431,1429.1
26|00|72|213|203|068,2374,1234,1140,108,4.5,531,635,2374.0,1234.0,1140.0,531.0,108.25,0.0,code_match,2374,1.0883182641956735,2181.3
26|00|72|213|239|088,7783,4172,3609,116,3.2,2460,2276,7783.0,4172.0,3609.0,2460.0,115.6,0.0,code_match,7783,0.5833970473693125,13340.8
26|00|72|213|297|028,59963,30749,29214,105,2.7,22600,18305,59963.0,30749.0,29214.0,22600.0,105.25,0.0,code_match,59963,1.4017238923519422,42778.0
26|00|72|213|297|028,59963,30749,29214,105,2.7,22600,18305,59963.0,30749.0,29214.0,22600.0,105.25,0.0,code_match,59963,1.5361738102316735,39034.0
26|00|72|213|297|248,15349,7931,7418,107,2.8,5471,4868,15349.0,7931.0,7418.0,5470.0,106.92,0.0,code_match,15349,1.7179844350806628,8934.3
26|00|72|213|297|268,7957,4497,3460,130,3.0,2613,2669,7957.0,4497.0,3460.0,2612.0,129.97,0.0,code_match,7957,0.5328778359156098,14932.1
26|00|72|213|297|308,15663,7790,7873,99,2.9,5326,3974,15663.0,7790.0,7873.0,5326.0,98.95,0.0,code_match,15663,0.8452495518168965,18530.6
26|00|72|213|297|368,34345,17961,16383,110,2.8,12109,10712,34344.0,17961.0,16382.0,12101.0,109.64,-1.0,code_match,34345,1.2273275889268342,27983.6
26|00|72|213|440|,0,0,0,0,0.0,0,0,,,,,,,gpkg_only_no_census_match,0,0.18724519109873747,0.0
26|00|72|213|514|248,1061,545,516,106,4.2,255,250,1060.0,545.0,515.0,255.0,105.83,-1.0,code_match,1061,1.0098752960938617,1050.6
26|00|72|213|553|268,3772,1872,1900,99,3.5,1083,1135,3772.0,1872.0,1900.0,1083.0,98.53,0.0,code_match,3772,1.4695807085958985,2566.7
26|00|72|213|554|268,2140,1115,1025,109,3.3,649,550,2140.0,1115.0,1025.0,649.0,108.78,0.0,code_match,2140,0.7733992315532695,2767.0
26|00|72|213|619|068,54672,28354,26314,108,3.1,17413,15972,54676.0,28358.0,26314.0,17413.0,107.77,4.0,code_match,54672,2.03629337544768,26848.8
26|00|72|213|619|308,48407,25111,23286,108,3.0,16195,15124,48412.0,25115.0,23287.0,16180.0,107.85,5.0,code_match,48407,1.1285102748987628,42894.6
26|00|72|213|741|368,3523,1593,1929,83,4.3,811,880,3523.0,1593.0,1929.0,811.0,82.58,0.0,code_match,3523,2.237620899547275,1574.4
26|00|72|213|808|128,1513,791,722,110,4.3,353,345,1513.0,791.0,722.0,353.0,109.56,0.0,code_match,1513,0.7416250741592597,2040.1
26|00|72|213|808|408,826,467,359,130,3.8,215,435,826.0,467.0,359.0,215.0,130.08,0.0,code_match,826,0.6134951223558217,1346.4
26|00|72|445|069|028,5707,2898,2809,103,3.8,1512,1296,5707.0,2898.0,2809.0,1512.0,103.17,0.0,code_match,5707,0.2796194517752111,20409.9
26|00|72|445|370|028,648,329,319,103,4.7,139,111,648.0,329.0,319.0,139.0,103.13,0.0,code_match,648,0.017414457456114696,37210.5
26|00|72|445|370|036,605,309,296,104,3.9,154,135,605.0,309.0,296.0,154.0,104.39,0.0,code_match,605,0.032756276732982835,18469.7
26|00|72|445|370|048,1201,598,603,99,4.0,304,235,1201.0,598.0,603.0,304.0,99.17,0.0,code_match,1201,0.02916773657883787,41175.6
26|00|72|445|370|068,2195,1115,1080,103,3.8,584,508,2195.0,1115.0,1080.0,584.0,103.24,0.0,code_match,2195,0.05678586011431071,38654.0
26|00|72|445|370|076,290,143,147,97,3.9,75,85,290.0,143.0,147.0,75.0,97.28,0.0,code_match,290,0.02473885553208094,11722.5
26|00|72|445|370|128,903,435,468,93,3.7,247,235,903.0,435.0,468.0,247.0,92.95,0.0,code_match,903,0.03898724115015353,23161.4
26|00|72|445|370|136,503,248,255,97,4.1,123,125,503.0,248.0,255.0,123.0,97.25,0.0,code_match,503,0.03593000462359792,13999.4
26|00|72|445|370|144,1267,627,640,98,3.9,328,350,1267.0,627.0,640.0,328.0,97.97,0.0,code_match,1267,0.050075869841159824,25301.6
26|00|72|445|370|168,1018,509,509,100,3.9,262,265,1018.0,509.0,509.0,262.0,100.0,0.0,code_match,1018,0.06803866830628116,14962.1
26|00|72|445|370|188,271,129,142,91,3.6,76,113,271.0,129.0,142.0,76.0,90.85,0.0,code_match,271,0.027101848537365903,9999.3
26|00|72|445|370|196,734,364,370,98,4.0,184,170,734.0,364.0,370.0,184.0,98.38,0.0,code_match,734,0.021485234862325685,34163.0
26|00|72|445|370|208,901,442,459,96,3.9,234,168,901.0,442.0,459.0,234.0,96.3,0.0,code_match,901,0.0412946145126601,21818.8
26|00|72|445|370|248,1589,806,783,103,4.0,397,361,1589.0,806.0,783.0,397.0,102.94,0.0,code_match,1589,0.08907334952540379,17839.2
26|00|72|445|370|256,1944,1002,942,106,3.7,525,534,1944.0,1002.0,942.0,525.0,106.37,0.0,code_match,1944,0.09663517193094437,20116.9
26|00|72|445|370|308,1347,644,703,92,3.9,347,348,1347.0,644.0,703.0,347.0,91.61,0.0,code_match,1347,0.060216863404299055,22369.1
26|00|72|445|370|368,650,326,324,101,3.8,173,145,650.0,326.0,324.0,173.0,100.62,0.0,code_match,650,0.01987879642755418,32698.2
26|00|72|445|370|376,1010,483,527,92,3.8,264,252,1010.0,483.0,527.0,264.0,91.65,0.0,code_match,1010,0.06071719596466034,16634.5
26|00|72|445|370|384,1304,643,661,97,4.0,330,310,1304.0,643.0,661.0,330.0,97.28,0.0,code_match,1304,0.20008586755809188,6517.2
26|00|72|445|370|388,673,353,320,110,4.1,166,187,673.0,353.0,320.0,166.0,110.31,0.0,code_match,673,0.014909511621708706,45139.0
26|00|72|445|370|502,444,246,198,124,3.9,113,146,444.0,246.0,198.0,113.0,124.24,0.0,code_match,444,0.023889531209454216,18585.5
26|00|72|445|370|526,515,341,174,196,5.1,101,136,515.0,341.0,174.0,101.0,195.98,0.0,code_match,515,0.026892432352752224,19150.4
26|00|72|445|370|594,466,221,245,90,3.8,122,132,466.0,221.0,245.0,122.0,90.2,0.0,code_match,466,0.020034897901012493,23259.4
26|00|72|611|084|248,413,201,212,95,4.1,100,118,413.0,201.0,212.0,100.0,94.81,0.0,code_match,413,0.34344966214052786,1202.5
26|00|72|611|084|256,392,184,208,89,4.3,92,117,392.0,184.0,208.0,92.0,88.46,0.0,code_match,392,0.20814266671151774,1883.3
26|00|72|611|084|308,4866,2460,2406,102,3.7,1320,1398,4864.0,2459.0,2405.0,1320.0,102.25,-2.0,code_match,4866,0.46572542072325757,10448.2
26|00|72|611|084|448,1409,700,709,99,3.9,362,352,1406.0,697.0,709.0,362.0,98.31,-3.0,code_match,1409,0.34186500456357327,4121.5
26|00|72|611|101|028,1295,600,695,86,3.8,342,331,1295.0,600.0,695.0,342.0,86.33,0.0,code_match,1295,0.5920396505917118,2187.4
26|00|72|611|101|248,364,171,193,89,4.2,86,84,364.0,171.0,193.0,86.0,88.6,0.0,code_match,364,0.2253858552370413,1615.0
26|00|72|611|135|048,4625,2329,2296,101,3.8,1222,1112,4619.0,2327.0,2292.0,1222.0,101.53,-6.0,code_match,4625,0.5795618143663779,7980.2
26|00|72|611|135|056,137,68,69,99,4.0,34,25,137.0,68.0,69.0,34.0,98.55,0.0,code_match,137,0.14842514045525476,923.0
26|00|72|611|135|128,2585,1293,1292,100,3.8,672,617,2584.0,1292.0,1292.0,672.0,100.0,-1.0,code_match,2585,0.4180443708357088,6183.6
26|00|72|611|135|248,845,409,436,94,3.7,227,185,845.0,409.0,436.0,227.0,93.81,0.0,code_match,845,0.0439982033888346,19205.3
26|00|72|611|142|048,5001,2620,2381,110,3.4,1490,1251,6070.0,3181.0,2889.0,1804.0,110.11,1069.0,code_match,5001,0.9066661944155632,5515.8
26|00|72|611|142|248,374,197,177,111,3.7,102,136,374.0,197.0,177.0,102.0,111.3,0.0,code_match,374,0.3131731671461482,1194.2
26|00|72|611|188|188,8169,4245,3924,108,9.6,851,642,8169.0,4245.0,3924.0,465.0,108.18,0.0,code_match,8169,2.1509007899619412,3797.9
26|00|72|611|188|208,919,491,428,115,2.8,326,329,919.0,491.0,428.0,326.0,114.72,0.0,code_match,919,0.04809676597970828,19107.3
26|00|72|611|188|308,1218,789,429,184,2.3,540,533,1218.0,789.0,429.0,540.0,183.92,0.0,code_match,1218,0.04947614198186799,24617.9
26|00|72|611|188|348,1206,589,617,96,3.5,341,353,1206.0,589.0,617.0,341.0,95.46,0.0,code_match,1206,0.14711983099186865,8197.4
26|00|72|611|194|068,688,351,337,104,2.9,237,238,688.0,351.0,337.0,237.0,104.15,0.0,code_match,688,0.21064239010151956,3266.2
26|00|72|611|196|068,264,136,128,106,3.1,84,48,264.0,136.0,128.0,84.0,106.25,0.0,code_match,264,0.20618402788176218,1280.4
26|00|72|611|196|248,36,18,18,100,2.3,16,20,36.0,18.0,18.0,16.0,100.0,0.0,code_match,36,0.11213292218319985,321.0
26|00|72|611|196|256,99,56,43,130,3.3,30,50,99.0,56.0,43.0,30.0,130.23,0.0,code_match,99,0.41538041809725323,238.3
26|00|72|611|206|028,89,43,46,94,3.7,24,24,89.0,43.0,46.0,24.0,93.48,0.0,code_match,89,0.10210672036791762,871.6
26|00|72|611|206|308,1953,996,957,104,3.3,595,600,1953.0,996.0,957.0,595.0,104.08,0.0,code_match,1953,0.24596601906738333,7940.1
26|00|72|611|206|316,5085,2782,2303,121,3.1,1648,1459,5085.0,2782.0,2303.0,1648.0,120.8,0.0,code_match,5085,0.5414917144338279,9390.7
26|00|72|611|208|048,326,155,171,91,3.6,90,81,326.0,155.0,171.0,90.0,90.64,0.0,code_match,326,0.5036969931025715,647.2
26|00|72|611|208|068,293,154,139,111,2.9,101,100,293.0,154.0,139.0,101.0,110.79,0.0,code_match,293,0.21594610805257,1356.8
26|00|72|611|208|208,197,116,81,143,3.6,55,81,197.0,116.0,81.0,55.0,143.21,0.0,code_match,197,0.8134066526315615,242.2
26|00|72|611|208|248,350,171,179,96,3.2,110,80,350.0,171.0,179.0,110.0,95.53,0.0,code_match,350,0.24798381699010294,1411.4
26|00|72|611|303|128,3173,1806,1367,132,3.6,878,737,3173.0,1806.0,1367.0,878.0,132.11,0.0,code_match,3173,0.5484060270482262,5785.9
26|00|72|611|305|128,1981,999,982,102,4.0,497,513,1981.0,999.0,982.0,497.0,101.73,0.0,code_match,1981,0.9601897059831543,2063.1
26|00|72|611|339|148,1687,846,841,101,3.6,475,395,1687.0,846.0,841.0,475.0,100.59,0.0,code_match,1687,0.21587803529545416,7814.6
26|00|72|611|449|208,269,205,64,320,4.6,58,70,269.0,205.0,64.0,58.0,320.31,0.0,code_match,269,0.1458087684108087,1844.9
26|00|72|611|449|268,114,111,3,3700,2.3,50,40,114.0,111.0,3.0,50.0,3700.0,0.0,code_match,114,0.11161257604173173,1021.4
26|00|72|611|454|208,16271,8344,7924,105,3.0,5342,5143,16271.0,8344.0,7924.0,5341.0,105.3,0.0,code_match,16271,0.46336713323466916,35114.7
26|00|72|611|454|216,13806,7078,6728,105,2.8,4912,4950,13806.0,7078.0,6728.0,4912.0,105.2,0.0,code_match,13806,0.34129733487591535,40451.5
26|00|72|611|520|248,420,205,215,95,3.2,132,119,420.0,205.0,215.0,132.0,95.35,0.0,code_match,420,0.18807785164996355,2233.1
26|00|72|611|521|248,449,226,223,101,2.9,157,204,449.0,226.0,223.0,157.0,101.35,0.0,code_match,449,0.2037785641321865,2203.4
26|00|72|611|617|368,494,243,251,97,4.1,121,115,494.0,243.0,251.0,121.0,96.81,0.0,code_match,494,0.19051711051844428,2592.9
26|00|72|611|621|028,355,196,159,123,3.9,90,122,355.0,196.0,159.0,90.0,123.27,0.0,code_match,355,2.195939316080703,161.7
26|00|72|611|625|368,430,217,213,102,3.8,112,101,430.0,217.0,213.0,112.0,101.88,0.0,code_match,430,0.16940878483807642,2538.2
26|00|72|611|625|376,501,237,264,90,4.1,121,88,501.0,237.0,264.0,121.0,89.77,0.0,code_match,501,0.15978290519781452,3135.5
26|00|72|611|626|108,6143,3250,2893,112,2.8,2192,2135,6143.0,3250.0,2893.0,2192.0,112.34,0.0,code_match,6143,0.39568998870065925,15524.8
26|00|72|611|626|128,495,168,327,51,2.0,251,210,495.0,168.0,327.0,251.0,51.38,0.0,code_match,495,0.16809680928933463,2944.7
26|00|72|611|626|148,347,175,172,102,3.4,103,115,347.0,175.0,172.0,103.0,101.74,0.0,code_match,347,0.09518314567626213,3645.6
26|00|72|611|626|188,833,516,317,163,2.9,283,295,833.0,516.0,317.0,283.0,162.78,0.0,code_match,833,0.20545462403451445,4054.4
26|00|72|611|626|208,878,448,430,104,3.7,240,245,878.0,448.0,430.0,240.0,104.19,0.0,code_match,878,0.415967864016806,2110.7
26|00|72|611|626|216,1286,630,656,96,3.6,356,330,1286.0,630.0,656.0,356.0,96.04,0.0,code_match,1286,0.16867916538259567,7623.9
26|00|72|611|626|224,389,185,204,91,4.2,92,90,389.0,185.0,204.0,92.0,90.69,0.0,code_match,389,0.11501083226989363,3382.3
26|00|72|611|626|232,4322,2153,2169,99,3.1,1416,1140,4322.0,2153.0,2169.0,1416.0,99.26,0.0,code_match,4322,0.49565517004819515,8719.8
26|00|72|611|626|240,21,11,10,110,3.0,7,30,21.0,11.0,10.0,7.0,110.0,0.0,code_match,21,0.11609716408514753,180.9
26|00|72|611|626|268,605,301,304,99,3.1,195,196,605.0,301.0,304.0,195.0,99.01,0.0,code_match,605,0.1696686977007211,3565.8
26|00|72|611|626|328,1268,652,616,106,3.4,375,405,1268.0,652.0,616.0,375.0,105.84,0.0,code_match,1268,0.3142446468421272,4035.1
26|00|72|611|626|368,371,179,192,93,4.1,91,86,371.0,179.0,192.0,91.0,93.23,0.0,code_match,371,0.08538002837835061,4345.3
26|00|72|611|626|376,1218,643,575,112,2.9,418,432,1218.0,643.0,575.0,418.0,111.83,0.0,code_match,1218,0.5564514235229875,2188.9
26|00|72|611|626|388,255,142,113,126,2.7,95,60,255.0,142.0,113.0,95.0,125.66,0.0,code_match,255,0.05825618504453038,4377.2
26|00|72|611|733|368,1821,933,888,105,3.8,476,415,1821.0,933.0,888.0,476.0,105.07,0.0,code_match,1821,0.1108505647029658,16427.5
26|00|72|611|733|408,2903,1484,1417,105,3.7,795,643,2903.0,1484.0,1417.0,795.0,104.73,0.0,code_match,2903,0.6643355574940827,4369.8
26|00|72|611|735|368,911,460,451,102,3.4,271,182,911.0,460.0,451.0,271.0,102.0,0.0,code_match,911,0.40848324429545446,2230.2
26|00|72|611|743|368,551,274,277,99,4.0,138,119,551.0,274.0,277.0,138.0,98.92,0.0,code_match,551,0.30715120639276267,1793.9
26|00|72|611|774|248,383,208,173,120,3.1,122,121,383.0,208.0,173.0,122.0,120.23,0.0,code_match,383,0.135895579336472,2818.3
26|00|72|611|774|388,1063,619,444,139,3.0,354,329,1063.0,619.0,444.0,354.0,139.41,0.0,code_match,1063,0.45538344139660347,2334.3
26|00|72|711|199|068,6730,3398,3332,102,3.1,2190,2078,6730.0,3398.0,3332.0,2190.0,101.98,0.0,code_match,6730,0.49838354663784,13503.7
26|00|72|711|207|068,1663,809,854,95,3.3,500,440,1663.0,809.0,854.0,500.0,94.73,0.0,code_match,1663,0.6839797116581912,2431.4
26|00|72|711|301|268,10016,5159,4857,106,3.1,3220,2776,10011.0,5156.0,4855.0,3220.0,106.2,-5.0,code_match,10016,0.4619683970096065,21681.1
26|00|72|711|304|128,380,180,200,90,4.2,90,85,380.0,180.0,200.0,90.0,90.0,0.0,code_match,380,0.7305836002683722,520.1
26|00|72|711|437|068,17248,9089,8159,111,3.1,5599,4912,17248.0,9089.0,8159.0,5599.0,111.4,0.0,code_match,17248,1.0131902507581498,17023.5
26|00|72|711|437|408,4821,2533,2288,111,3.1,1580,1371,4821.0,2533.0,2288.0,1580.0,110.71,0.0,code_match,4821,1.0237410202131019,4709.2
26|00|72|711|447|208,1428,718,710,101,4.0,361,430,1428.0,718.0,710.0,361.0,101.13,0.0,code_match,1428,0.13326608854193162,10715.4
26|00|72|711|513|248,393,228,165,138,4.7,84,86,393.0,228.0,165.0,84.0,138.18,0.0,code_match,393,1.0377639035906898,378.7
26|00|72|711|517|248,241,117,124,94,4.4,55,55,241.0,117.0,124.0,55.0,94.35,0.0,code_match,241,0.29993045862175904,803.5
26|00|72|729|072|028,3804,1880,1924,98,3.6,1059,1082,3804.0,1880.0,1924.0,1059.0,97.71,0.0,code_match,3804,2.7928287043363045,1362.1
26|00|72|729|087|028,15698,8268,7430,111,3.1,5068,3777,15698.0,8268.0,7430.0,5068.0,111.28,0.0,code_match,15698,1.6874113045922015,9303.0
26|00|72|729|088|028,2814,1436,1378,104,3.5,798,692,2814.0,1436.0,1378.0,798.0,104.21,0.0,code_match,2814,0.9208675646014737,3055.8
26|00|72|729|091|028,931,456,475,96,4.1,227,217,931.0,456.0,475.0,227.0,96.0,0.0,code_match,931,0.8100962821705253,1149.2
26|00|72|729|096|028,793,387,406,95,3.6,219,225,793.0,387.0,406.0,219.0,95.32,0.0,code_match,793,0.21441823835208432,3698.4
26|00|72|729|104|028,492,250,242,103,4.0,124,130,492.0,250.0,242.0,124.0,103.31,0.0,code_match,492,0.32116615987976066,1531.9
26|00|72|729|141|048,795,379,416,91,3.9,203,190,795.0,379.0,416.0,203.0,91.11,0.0,code_match,795,0.32759950171800956,2426.7
26|00|72|729|148|048,2366,1197,1169,102,3.0,783,704,2366.0,1197.0,1169.0,783.0,102.4,0.0,code_match,2366,0.07534009965107971,31404.3
26|00|72|729|191|057,221,108,113,96,4.2,53,45,221.0,108.0,113.0,53.0,95.58,0.0,code_match,221,0.1348326067728082,1639.1
26|00|72|729|191|068,137,69,68,102,3.9,35,44,137.0,69.0,68.0,35.0,101.47,0.0,code_match,137,0.4238157633473661,323.3
26|00|72|729|192|028,224,104,120,87,4.9,46,60,224.0,104.0,120.0,46.0,86.67,0.0,code_match,224,0.035818798759463144,6253.7
26|00|72|729|192|036,709,363,346,105,4.6,153,170,709.0,363.0,346.0,153.0,104.91,0.0,code_match,709,0.3331785076493023,2128.0
26|00|72|729|192|044,287,139,148,94,3.5,81,85,287.0,139.0,148.0,81.0,93.92,0.0,code_match,287,0.030643476927655074,9365.8
26|00|72|729|192|052,177,92,85,108,3.7,48,60,177.0,92.0,85.0,48.0,108.24,0.0,code_match,177,0.04249861767770359,4164.8
26|00|72|729|192|056,99,51,48,106,3.3,30,25,99.0,51.0,48.0,30.0,106.25,0.0,code_match,99,0.13377951008592046,740.0
26|00|72|729|192|068,183,100,83,121,4.2,44,40,183.0,100.0,83.0,44.0,120.48,0.0,code_match,183,0.09153979080244229,1999.1
26|00|72|729|192|076,173,83,90,92,4.0,43,50,173.0,83.0,90.0,43.0,92.22,0.0,code_match,173,0.27224672555704615,635.5
26|00|72|729|192|084,163,72,91,79,3.5,46,55,163.0,72.0,91.0,46.0,79.12,0.0,code_match,163,0.10827453802165167,1505.4
26|00|72|729|192|088,561,267,294,91,3.6,156,190,561.0,267.0,294.0,156.0,90.82,0.0,code_match,561,0.3250230267704044,1726.0
26|00|72|729|192|228,1033,540,493,110,4.0,259,270,1033.0,540.0,493.0,259.0,109.53,0.0,code_match,1033,0.35652696003203843,2897.4
26|00|72|729|192|236,633,307,326,94,4.1,155,150,633.0,307.0,326.0,155.0,94.17,0.0,code_match,633,0.07693057639930356,8228.2
26|00|72|729|192|244,192,94,98,96,3.4,56,75,192.0,94.0,98.0,56.0,95.92,0.0,code_match,192,0.08444439294430435,2273.7
26|00|72|729|192|252,113,52,61,85,3.4,33,30,113.0,52.0,61.0,33.0,85.25,0.0,code_match,113,0.09488708835323921,1190.9
26|00|72|729|192|268,489,251,238,106,3.9,126,130,489.0,251.0,238.0,126.0,105.46,0.0,code_match,489,0.0861124596617097,5678.6
26|00|72|729|192|288,506,263,243,108,4.5,113,110,506.0,263.0,243.0,113.0,108.23,0.0,code_match,506,0.07984016766404871,6337.7
26|00|72|729|192|308,406,214,192,112,4.3,94,120,406.0,214.0,192.0,94.0,111.46,0.0,code_match,406,0.08397939414133711,4834.5
26|00|72|729|192|428,129,62,67,93,3.5,37,65,129.0,62.0,67.0,37.0,92.54,0.0,code_match,129,0.12250237024409398,1053.0
26|00|72|729|192|436,248,128,120,107,4.5,55,60,248.0,128.0,120.0,55.0,106.67,0.0,code_match,248,0.24668799919815929,1005.3
26|00|72|729|192|548,614,318,296,107,4.8,128,120,614.0,318.0,296.0,128.0,107.43,0.0,code_match,614,0.06186541712784597,9924.8
26|00|72|729|192|660,466,226,240,94,3.8,122,160,466.0,226.0,240.0,121.0,94.17,0.0,code_match,466,0.341144084675244,1366.0
26|00|72|729|192|668,397,197,200,99,4.3,92,110,397.0,197.0,200.0,92.0,98.5,0.0,code_match,397,0.06303554219080053,6298.0
26|00|72|729|298|128,2031,1054,977,108,4.1,493,595,2031.0,1054.0,977.0,493.0,107.88,0.0,code_match,2031,0.6468112736399273,3140.0
26|00|72|729|298|136,465,230,235,98,4.4,105,50,465.0,230.0,235.0,105.0,97.87,0.0,code_match,465,0.08097270082239405,5742.7
26|00|72|729|300|128,3353,1702,1651,103,4.0,840,790,3353.0,1702.0,1651.0,840.0,103.09,0.0,code_match,3353,2.19578996403879,1527.0
26|00|72|729|307|068,4289,2185,2104,104,3.4,1274,1087,4289.0,2185.0,2104.0,1274.0,103.85,0.0,code_match,4289,1.2725112409989692,3370.5
26|00|72|729|307|128,3253,1682,1563,108,3.4,962,754,3253.0,1682.0,1563.0,962.0,107.61,0.0,code_match,3253,1.552950208381365,2094.7
26|00|72|729|307|136,796,389,407,96,3.4,232,181,796.0,389.0,407.0,232.0,95.58,0.0,code_match,796,0.4307437835438243,1848.0
26|00|72|729|307|208,7932,4034,3897,104,3.2,2506,1905,7932.0,4034.0,3897.0,2506.0,103.52,0.0,code_match,7932,1.8460498834623185,4296.7
26|00|72|729|404|188,71,39,32,122,3.9,18,20,71.0,39.0,32.0,18.0,121.88,0.0,code_match,71,0.10794887176860699,657.7
26|00|72|729|435|208,15957,8433,7524,112,3.1,5129,3822,15957.0,8433.0,7524.0,5129.0,112.08,0.0,code_match,15957,3.7347061624478664,4272.6
26|00|72|729|436|028,584,296,288,103,3.9,148,120,584.0,296.0,288.0,148.0,102.78,0.0,code_match,584,0.2629986403424746,2220.5
26|00|72|729|436|208,2175,1078,1097,98,4.1,527,505,2175.0,1078.0,1097.0,527.0,98.27,0.0,code_match,2175,0.6037852257172936,3602.3
26|00|72|729|438|070,6255,3125,3130,100,2.9,2194,1791,6255.0,3125.0,3130.0,2194.0,99.84,0.0,code_match,6255,0.37303483444085267,16767.9
26|00|72|729|438|140,7740,4318,3422,126,2.9,2697,2397,7740.0,4318.0,3422.0,2697.0,126.18,0.0,code_match,7740,0.21114374888033208,36657.5
26|00|72|729|438|208,23090,12470,10620,117,3.1,7419,6987,23089.0,12470.0,10619.0,7419.0,117.43,-1.0,code_match,23090,4.557008872999794,5066.9
26|00|72|729|448|208,308,153,155,99,3.7,84,130,308.0,153.0,155.0,84.0,98.71,0.0,code_match,308,0.6396369405020067,481.5
26|00|72|729|552|048,870,430,440,98,3.5,252,250,870.0,430.0,440.0,252.0,97.73,0.0,code_match,870,0.2792489283007229,3115.5
26|00|72|729|552|128,480,243,237,103,3.4,143,195,480.0,243.0,237.0,143.0,102.53,0.0,code_match,480,0.44180279919216586,1086.5
26|00|72|729|552|208,113,53,60,88,3.4,33,50,113.0,53.0,60.0,33.0,88.33,0.0,code_match,113,0.18338805286439847,616.2
26|00|72|729|552|268,1892,934,958,98,4.0,468,517,1892.0,934.0,958.0,468.0,97.49,0.0,code_match,1892,0.7369791217004915,2567.2
26|00|72|729|555|068,1275,625,650,96,3.7,349,395,1275.0,625.0,650.0,349.0,96.15,0.0,code_match,1275,0.9130805843051724,1396.4
26|00|72|729|555|408,1923,967,956,101,3.8,500,612,1923.0,967.0,956.0,500.0,101.15,0.0,code_match,1923,0.6910555885659113,2782.7
26|00|72|729|560|268,204,103,101,102,3.8,53,25,204.0,103.0,101.0,53.0,101.98,0.0,code_match,204,0.4844976904342637,421.1
26|00|72|729|623|028,295,154,141,109,3.8,78,65,295.0,154.0,141.0,78.0,109.22,0.0,code_match,295,0.1462357944574292,2017.3
26|00|72|729|623|308,181,85,96,89,4.1,44,55,181.0,85.0,96.0,44.0,88.54,0.0,code_match,181,0.03180191472537465,5691.5
26|00|72|729|624|308,1180,577,603,96,3.9,304,255,1180.0,577.0,603.0,304.0,95.69,0.0,code_match,1180,0.6346435564680292,1859.3
26|00|72|729|692|028,779,380,399,95,3.7,211,195,779.0,380.0,399.0,211.0,95.24,0.0,code_match,779,0.32988136617111147,2361.5
26|00|72|729|692|068,859,440,419,105,3.6,239,205,859.0,440.0,419.0,239.0,105.01,0.0,code_match,859,0.3707652505531693,2316.8
26|00|72|729|692|128,248,125,123,102,3.3,76,90,248.0,125.0,123.0,76.0,101.63,0.0,code_match,248,0.1510102010876045,1642.3
26|00|72|729|692|248,320,174,146,119,3.2,101,120,320.0,174.0,146.0,101.0,119.18,0.0,code_match,320,0.23965234888703538,1335.3
26|00|72|729|692|348,305,170,135,126,4.6,66,75,305.0,170.0,135.0,66.0,125.93,0.0,code_match,305,0.29452641790086515,1035.6
26|00|72|729|692|356,720,358,362,99,4.3,169,190,720.0,358.0,362.0,169.0,98.9,0.0,code_match,720,0.1463653389991166,4919.2
26|00|72|729|692|385,159,85,74,115,4.2,38,70,159.0,85.0,74.0,38.0,114.86,0.0,code_match,159,0.11540368726892193,1377.8
26|00|72|729|692|428,1326,684,642,107,3.1,425,190,1326.0,684.0,642.0,425.0,106.54,0.0,code_match,1326,0.46499507398022283,2851.6
26|00|72|729|777|388,26851,14206,12644,112,3.0,8815,8493,26851.0,14206.0,12644.0,8815.0,112.35,0.0,code_match,26851,0.7539933530674399,35611.7
26|00|72|747|071|148,1604,794,809,98,3.8,420,401,1604.0,794.0,809.0,420.0,98.15,0.0,code_match,1604,0.062267635450021126,25759.8
26|00|72|747|086|028,20,10,10,100,2.5,8,7,20.0,10.0,10.0,8.0,100.0,0.0,code_match,20,0.0005363651280779974,37288.0
26|00|72|747|095|001,1193,606,587,103,3.0,399,197,1193.0,606.0,587.0,399.0,103.24,0.0,code_match,1193,0.5822183843349096,2049.1
26|00|72|747|102|188,23662,12608,11054,114,3.2,7480,7862,23664.0,12609.0,11055.0,7480.0,114.06,2.0,code_match,23662,1.7529840394935292,13498.1
26|00|72|747|102|196,15763,8519,7244,118,3.1,5081,3966,16132.0,8720.0,7412.0,5206.0,117.65,369.0,code_match,15763,0.5107708160109957,30861.2
26|00|72|747|102|248,625,434,191,227,3.8,166,205,625.0,434.0,191.0,166.0,227.23,0.0,code_match,625,8.648427155019696,72.3
26|00|72|747|102|256,8966,4733,4233,112,3.1,2928,3100,8966.0,4733.0,4233.0,2928.0,111.81,0.0,code_match,8966,3.1792054820855467,2820.2
26|00|72|747|138|228,3356,1958,1398,140,3.3,1002,932,3356.0,1958.0,1398.0,1002.0,140.06,0.0,code_match,3356,0.5752002957468221,5834.5
26|00|72|747|139|048,2031,1076,955,113,3.3,607,365,2031.0,1076.0,955.0,607.0,112.67,0.0,code_match,2031,0.3119882715574198,6509.9
26|00|72|747|139|368,4736,2876,1860,155,4.3,1113,1102,4735.0,2877.0,1858.0,1111.0,154.84,-1.0,code_match,4736,0.21574863636802047,21951.5
26|00|72|747|186|028,5121,2613,2508,104,3.2,1585,1438,5121.0,2613.0,2508.0,1585.0,104.19,0.0,code_match,5121,0.2907082446487911,17615.6
26|00|72|747|190|348,5780,2977,2803,106,3.2,1809,1458,5780.0,2977.0,2803.0,1809.0,106.21,0.0,code_match,5780,0.5948458082417717,9716.8
26|00|72|747|193|028,5064,2653,2411,110,2.6,1917,2200,5340.0,2795.0,2545.0,2037.0,109.82,276.0,code_match,5064,0.21648992413840554,23391.4
26|00|72|747|193|063,6737,3742,2995,125,2.7,2542,2276,6737.0,3742.0,2995.0,2542.0,124.94,0.0,code_match,6737,0.10123801342258967,66546.1
26|00|72|747|193|068,4138,2100,2038,103,3.0,1374,1349,4138.0,2100.0,2038.0,1374.0,103.04,0.0,code_match,4138,0.07825162401512668,52880.7
26|00|72|747|193|148,14804,7885,6919,114,3.0,4996,3981,14804.0,7885.0,6919.0,4990.0,113.96,0.0,code_match,14804,0.2120735086173758,69806.0
26|00|72|747|193|268,10566,5928,4638,128,3.0,3535,3394,10561.0,5927.0,4634.0,3535.0,127.9,-5.0,code_match,10566,0.17874449114709579,59112.3
26|00|72|747|193|308,5216,2840,2376,120,3.1,1681,1526,5216.0,2840.0,2376.0,1681.0,119.53,0.0,code_match,5216,0.4193828171315906,12437.3
26|00|72|747|193|368,5238,2582,2655,97,2.9,1818,1513,5237.0,2582.0,2654.0,1818.0,97.29,-1.0,code_match,5238,0.24181881614370246,21660.8
26|00|72|747|210|068,4240,2259,1981,114,3.2,1327,1265,4240.0,2259.0,1981.0,1327.0,114.03,0.0,code_match,4240,0.5943945286956107,7133.3
26|00|72|747|210|188,1455,1013,442,229,5.2,282,300,1455.0,1013.0,442.0,282.0,229.19,0.0,code_match,1455,0.27369783395994957,5316.1
26|00|72|747|210|408,4038,2138,1900,113,2.8,1427,1036,4038.0,2138.0,1900.0,1427.0,112.53,0.0,code_match,4038,0.2854555619332372,14145.8
26|00|72|747|268|001,0,0,0,0,0.0,0,0,432.0,253.0,179.0,131.0,141.34,432.0,name_match_fallback,432,0.05439787054136866,7941.5
26|00|72|747|268|002,152,93,59,158,3.1,49,50,152.0,93.0,59.0,49.0,157.63,0.0,code_match,152,0.06417084220723682,2368.7
26|00|72|747|268|348,4490,2400,2090,115,3.1,1429,1027,4490.0,2400.0,2090.0,1429.0,114.83,0.0,code_match,4490,0.16133546939459156,27830.2
26|00|72|747|268|368,4663,2442,2221,110,2.8,1645,1149,4663.0,2442.0,2221.0,1645.0,109.95,0.0,code_match,4663,0.2153859092918671,21649.5
26|00|72|747|337|001,3001,1728,1273,136,3.2,942,804,3001.0,1728.0,1273.0,942.0,135.74,0.0,code_match,3001,0.3080034036980311,9743.4
26|00|72|747|337|152,10659,5683,4976,114,2.5,4212,3859,10659.0,5683.0,4976.0,4205.0,114.21,0.0,code_match,10659,0.2908774280880886,36644.3
26|00|72|747|401|028,6604,3487,3117,112,2.9,2281,1690,6604.0,3487.0,3117.0,2281.0,111.87,0.0,code_match,6604,0.25310700116182416,26091.7
26|00|72|747|401|036,3180,1599,1581,101,3.0,1056,725,3181.0,1599.0,1582.0,1056.0,101.07,1.0,code_match,3180,0.20090304618987584,15828.5
26|00|72|747|401|268,3738,1909,1829,104,3.0,1250,743,3738.0,1909.0,1829.0,1250.0,104.37,0.0,code_match,3738,0.2593377978838948,14413.6
26|00|72|747|402|208,4321,2195,2126,103,2.8,1533,1166,4321.0,2195.0,2126.0,1533.0,103.25,0.0,code_match,4321,0.1773418845846795,24365.4
26|00|72|747|403|188,38976,21636,17340,125,2.9,13309,12292,38980.0,21640.0,17340.0,13309.0,124.8,4.0,code_match,38976,1.212620072798612,32142.0
26|00|72|747|443|001,11231,6073,5158,118,2.6,4340,4050,11230.0,6072.0,5158.0,4338.0,117.72,-1.0,code_match,11231,1.693400350572966,6632.2
26|00|72|747|443|228,1104,799,305,262,3.0,373,307,1104.0,799.0,305.0,373.0,261.97,0.0,code_match,1104,0.10601803929746428,10413.3
26|00|72|747|551|268,9940,5251,4689,112,2.9,3427,2128,9940.0,5251.0,4689.0,3427.0,111.99,0.0,code_match,9940,0.34632402444068017,28701.4
26|00|72|747|556|268,496,257,239,108,3.0,168,120,496.0,257.0,239.0,168.0,107.53,0.0,code_match,496,0.553646212199086,895.9
26|00|72|747|557|268,3810,2083,1725,121,3.0,1277,1092,3810.0,2083.0,1725.0,1277.0,120.75,0.0,code_match,3810,0.22792446335771885,16716.1
26|00|72|747|622|208,2758,1385,1373,101,3.4,815,599,2758.0,1385.0,1373.0,815.0,100.87,0.0,code_match,2758,0.07743191221696012,35618.4
26|00|72|747|622|216,925,475,450,106,3.3,284,230,925.0,475.0,450.0,284.0,105.56,0.0,code_match,925,0.07175808057264073,12890.5
26|00|72|747|622|268,2865,1495,1370,109,3.4,840,823,2865.0,1495.0,1370.0,840.0,109.12,0.0,code_match,2865,0.1497995387384937,19125.6
26|00|72|747|622|308,3148,1603,1540,104,3.0,1039,1024,3146.0,1603.0,1540.0,1039.0,104.09,-2.0,code_match,3148,0.10814982629068348,29107.8
26|00|72|747|629|208,533,277,256,108,3.6,149,131,533.0,277.0,256.0,149.0,108.2,0.0,code_match,533,0.07473985275694424,7131.4
26|00|72|747|689|348,7658,4496,3162,142,3.3,2301,2494,7658.0,4496.0,3162.0,2301.0,142.19,0.0,code_match,7658,0.5934973260806695,12903.2
26|00|72|913|368|168,260,111,149,75,2.6,100,160,260.0,111.0,149.0,100.0,74.5,0.0,code_match,260,2.3447508063781886,110.9
26|00|72|913|406|188,17168,9119,8049,113,2.9,5977,5890,17171.0,9122.0,8049.0,5977.0,113.33,3.0,code_match,17168,1.0135056200196924,16939.2
26|00|72|913|518|268,28559,14948,13587,110,2.4,11908,12000,28560.0,14948.0,13588.0,11908.0,110.01,1.0,code_match,28559,0.9962814906723376,28665.6
26|00|72|913|518|488,8041,4099,3942,104,2.8,2861,2885,8040.0,4099.0,3941.0,2861.0,104.01,-1.0,code_match,8041,3.4674136672378024,2319.0
26|00|72|913|630|308,20451,10580,9868,107,2.7,7703,6955,20451.0,10580.0,9868.0,7701.0,107.22,0.0,code_match,20451,1.0704317275495008,19105.4
26|00|72|913|731|368,224,127,97,131,2.2,100,105,224.0,127.0,97.0,100.0,130.93,0.0,code_match,224,1.3002401314599246,172.3
26|00|72|913|772|128,20033,10461,9570,109,2.7,7294,6210,20043.0,10469.0,9572.0,7294.0,109.37,10.0,code_match,20033,0.9416130748135495,21275.2
26|00|72|913|772|208,22823,12278,10544,116,2.7,8541,7310,22826.0,12280.0,10545.0,8541.0,116.45,3.0,code_match,22823,1.4265349645917367,15998.9
26|00|72|913|772|388,5204,2751,2434,113,3.0,1746,1440,5204.0,2751.0,2434.0,1746.0,113.02,0.0,code_match,5204,4.217709127459769,1233.8
26|00|72|913|773|388,5968,3100,2868,108,2.8,2167,2120,5968.0,3100.0,2868.0,2167.0,108.09,0.0,code_match,5968,1.080095285427894,5525.4
26|00|72|998|190|705,12598,9655,2943,328,8.0,1584,1553,12599.0,9656.0,2943.0,1583.0,328.1,1.0,code_match,12598,4.852862159582694,2596.0
26|80|72|001|033|056,1625,781,844,93,4.0,404,346,1625.0,781.0,844.0,404.0,92.54,0.0,code_match,1625,0.046288329978104004,35106.0
26|80|72|001|033|308,1132,553,579,96,5.2,216,216,1132.0,553.0,579.0,216.0,95.51,0.0,code_match,1132,0.012057019007043887,93887.2
26|80|72|001|066|028,6576,3287,3289,100,3.2,2042,1950,6576.0,3287.0,3289.0,2042.0,99.94,0.0,code_match,6576,1.1172960235510445,5885.6
26|80|72|001|066|030,7114,3625,3489,104,3.1,2289,2132,7112.0,3625.0,3487.0,2289.0,103.96,-2.0,code_match,7114,0.48925231636146194,14540.6
26|80|72|001|066|208,391,186,205,91,3.2,122,120,391.0,186.0,205.0,122.0,90.73,0.0,code_match,391,0.008157757700306493,47929.8
26|80|72|001|097|036,11014,5644,5370,105,3.5,3154,2088,11014.0,5644.0,5370.0,3154.0,105.1,0.0,code_match,11014,0.6238334947824936,17655.4
26|80|72|001|183|028,1367,700,667,105,3.9,351,311,1367.0,700.0,667.0,351.0,104.95,0.0,code_match,1367,0.026115516021643134,52344.4
26|80|72|001|400|188,9855,4869,4986,98,3.7,2636,1867,9852.0,4868.0,4984.0,2635.0,97.67,-3.0,code_match,9855,0.7127600160056901,13826.5
26|80|72|001|400|388,369,172,197,87,3.6,102,108,369.0,172.0,197.0,102.0,87.31,0.0,code_match,369,0.03656711435214709,10091.0
26|80|72|001|441|208,1381,681,700,97,3.9,350,305,1381.0,681.0,700.0,350.0,97.29,0.0,code_match,1381,0.035282847050453224,39140.8
26|80|72|001|558|268,3377,1748,1629,107,3.0,1119,943,3377.0,1748.0,1629.0,1119.0,107.31,0.0,code_match,3377,0.08690259631872721,38859.6
26|80|72|001|693|348,1948,1027,921,112,3.9,505,449,1948.0,1027.0,921.0,505.0,111.51,0.0,code_match,1948,0.02627976122745614,74125.5
26|80|72|002|035|063,2167,1086,1081,101,3.3,653,594,2167.0,1086.0,1081.0,653.0,100.46,0.0,code_match,2167,0.05258727664843899,41207.7
26|80|72|002|035|208,5903,2901,3001,97,3.5,1710,1569,5903.0,2901.0,3001.0,1710.0,96.67,0.0,code_match,5903,0.14255178480192365,41409.5
26|80|72|002|035|368,2018,985,1033,95,4.0,510,532,2018.0,985.0,1033.0,510.0,95.35,0.0,code_match,2018,0.07623583780862679,26470.5
26|80|72|002|183|068,5874,2945,2929,101,3.6,1629,1578,5872.0,2943.0,2929.0,1628.0,100.48,-2.0,code_match,5874,0.25997337846706603,22594.6
26|80|72|002|732|392,1633,911,722,126,3.5,472,410,1633.0,911.0,722.0,472.0,126.18,0.0,code_match,1633,0.053929253070929,30280.4
26|80|72|002|732|400,4776,2456,2320,106,3.9,1238,1111,4770.0,2452.0,2318.0,1238.0,105.78,-6.0,code_match,4776,0.12069394435446162,39571.2
26|80|72|003|067|028,9507,4957,4548,109,3.4,2797,2459,9507.0,4957.0,4548.0,2796.0,108.99,0.0,code_match,9507,0.23157933708118714,41052.9
26|80|72|003|067|068,12250,6309,5941,106,3.3,3686,3215,12230.0,6294.0,5936.0,3686.0,106.03,-20.0,code_match,12250,0.3197622494098576,38309.7
26|80|72|003|067|348,2927,1599,1328,120,3.7,800,730,2933.0,1606.0,1327.0,800.0,121.02,6.0,code_match,2927,0.09280777160712837,31538.3
26|80|72|003|399|188,14139,7355,6784,108,3.6,3952,3555,14160.0,7369.0,6791.0,3949.0,108.51,21.0,code_match,14139,0.6011209820629214,23521.1
26|80|72|004|732|128,1287,633,654,97,4.2,308,352,1287.0,633.0,654.0,308.0,96.79,0.0,code_match,1287,0.04027134302081197,31958.2
26|80|72|004|732|208,5588,2762,2826,98,3.8,1473,1149,5588.0,2762.0,2826.0,1473.0,97.74,0.0,code_match,5588,0.18237685785764576,30639.9
26|80|72|004|732|368,3589,1809,1780,102,3.7,970,866,3588.0,1809.0,1779.0,970.0,101.69,-1.0,code_match,3589,0.23384844831474066,15347.5
26|80|72|004|732|376,4275,2127,2148,99,4.2,1016,923,4275.0,2127.0,2148.0,1016.0,99.02,0.0,code_match,4275,0.06795241563938575,62911.7
26|80|72|004|732|384,734,376,358,105,3.7,201,211,734.0,376.0,358.0,201.0,105.03,0.0,code_match,734,0.0252256436997865,29097.4
26|80|72|004|732|409,841,429,412,104,3.9,213,218,840.0,428.0,412.0,213.0,103.88,-1.0,code_match,841,0.038753844224283594,21701.1
26|80|72|005|078|408,6391,3220,3171,102,3.4,1861,1661,6391.0,3220.0,3171.0,1860.0,101.55,0.0,code_match,6391,0.1395322900008269,45803.0
26|80|72|005|145|028,26142,13750,12392,111,3.9,6745,5873,26164.0,13773.0,12391.0,6742.0,111.15,22.0,code_match,26142,0.45020886745118044,58066.4
26|80|72|005|145|308,772,374,398,94,3.8,202,217,772.0,374.0,398.0,201.0,93.97,0.0,code_match,772,0.02521729210975288,30613.9
26|80|72|005|145|316,2050,962,1088,88,3.8,546,310,2050.0,962.0,1088.0,546.0,88.42,0.0,code_match,2050,0.05416742258828593,37845.6
26|80|72|006|079|068,7706,3939,3767,105,3.3,2358,2255,8652.0,4429.0,4222.0,2625.0,104.9,946.0,code_match,7706,0.2898084988571555,26590.0
26|80|72|006|085|028,3066,1654,1412,117,2.8,1110,994,3066.0,1654.0,1412.0,1110.0,117.14,0.0,code_match,3066,0.17580875755415948,17439.4
26|80|72|006|185|036,6333,3201,3132,102,3.3,1896,2084,6332.0,3201.0,3131.0,1896.0,102.24,-1.0,code_match,6333,0.4276858314801635,14807.6
26|80|72|006|185|068,7607,3979,3628,110,3.1,2437,2535,7606.0,3979.0,3627.0,2437.0,109.7,-1.0,code_match,7607,0.13952684081292513,54520.0
26|80|72|006|185|348,10129,5625,4504,125,3.3,3113,2768,10342.0,5725.0,4617.0,3190.0,124.0,213.0,code_match,10129,0.21285146512575764,47587.2
26|80|72|006|185|388,1132,598,534,112,3.3,346,368,1132.0,598.0,534.0,346.0,111.99,0.0,code_match,1132,0.06192066121046478,18281.5
26|80|72|006|444|208,15884,8382,7502,112,2.8,5730,4947,16722.0,8814.0,7908.0,6037.0,111.46,838.0,code_match,15884,0.42437209431492307,37429.4
26|80|72|006|444|408,1335,907,428,212,2.6,514,406,1335.0,907.0,428.0,514.0,211.92,0.0,code_match,1335,0.056834128891024724,23489.4
26|80|72|006|445|208,12302,6509,5793,112,3.0,4036,3600,13162.0,6954.0,6208.0,4317.0,112.02,860.0,code_match,12302,0.2666870328747675,46129.0
26|80|72|006|736|208,605,347,258,135,3.2,187,139,605.0,347.0,258.0,187.0,134.5,0.0,code_match,605,0.09799570070175932,6173.7
26|80|72|006|736|368,1303,664,639,104,3.0,433,479,1303.0,664.0,639.0,433.0,103.91,0.0,code_match,1303,0.07393964342555145,17622.5
26|80|72|007|030|050,13365,6971,6394,109,4.0,3377,3133,14360.0,7484.0,6876.0,3661.0,108.84,995.0,code_match,13365,0.2225009041212389,60067.2
26|80|72|007|182|068,17254,8890,8356,106,3.5,4890,4292,17253.0,8889.0,8356.0,4881.0,106.38,-1.0,code_match,17254,0.30092748689123094,57336.1
26|80|72|007|182|348,2684,1211,1473,82,3.7,735,703,2684.0,1211.0,1473.0,735.0,82.21,0.0,code_match,2684,0.21356099672850948,12567.8
26|80|72|007|369|168,14740,7622,7118,107,3.4,4330,3424,14739.0,7622.0,7117.0,4327.0,107.1,-1.0,code_match,14740,0.9473869763791336,15558.6
26|80|72|007|516|248,17263,9348,7915,118,3.2,5391,3761,17263.0,9348.0,7915.0,5388.0,118.1,0.0,code_match,17263,0.4065814849473031,42458.9
26|80|72|007|775|388,2890,1517,1373,111,3.5,828,712,2914.0,1538.0,1376.0,828.0,111.77,24.0,code_match,2890,0.089128592083906,32425.1
26|80|72|008|691|128,2101,1063,1038,102,3.4,627,562,2101.0,1063.0,1038.0,627.0,102.41,0.0,code_match,2101,0.301649939728725,6965.0
26|80|72|008|691|248,359,174,185,94,3.1,115,110,359.0,174.0,185.0,115.0,94.05,0.0,code_match,359,0.18555039191246825,1934.8
26|80|72|008|691|348,35201,17784,17417,102,3.4,10270,7563,36311.0,18342.0,17969.0,10566.0,102.08,1110.0,code_match,35201,2.703697740600303,13019.6
26|80|72|009|034|057,9533,5027,4506,112,3.3,2880,1782,9532.0,5027.0,4505.0,2880.0,111.59,-1.0,code_match,9533,0.25984657667908523,36687.0
26|80|72|009|034|368,701,352,349,101,3.6,194,84,701.0,352.0,349.0,194.0,100.86,0.0,code_match,701,0.022528476025766124,31116.2
26|80|72|009|034|388,1839,922,917,101,3.1,590,465,1837.0,921.0,916.0,590.0,100.55,-2.0,code_match,1839,0.048531617232784874,37892.8
26|80|72|009|190|028,6903,3594,3309,109,3.6,1923,1787,6903.0,3594.0,3309.0,1922.0,108.61,0.0,code_match,6903,0.23381305676766548,29523.6
26|80|72|009|301|128,26905,14135,12770,111,2.9,9130,6826,26904.0,14135.0,12769.0,9130.0,110.7,-1.0,code_match,26905,1.5381068628884043,17492.3
26|80|72|009|302|128,72,44,28,157,3.8,19,1,72.0,44.0,28.0,19.0,157.14,0.0,code_match,72,0.10066713297620274,715.2
26|80|72|009|628|308,891,464,427,109,3.3,268,225,889.0,463.0,426.0,268.0,108.69,-2.0,code_match,891,0.053459138302662614,16666.9
26|20|05|027|149|624,1260,647,613,106,3.5,355,364,1262.0,649.0,613.0,355.0,105.87,2.0,code_match,1260,0.022748109827324274,55389.2
26|20|05|030|149|048,29,17,12,142,2.9,10,18,29.0,17.0,12.0,10.0,141.67,0.0,code_match,29,0.004646312455152281,6241.5
26|20|05|030|149|188,736,408,328,124,3.3,226,240,736.0,408.0,328.0,226.0,124.39,0.0,code_match,736,0.007608550039851889,96733.3
26|20|05|030|149|248,713,396,317,125,2.8,252,278,717.0,401.0,316.0,252.0,126.9,4.0,code_match,713,0.03848017775496368,18529.0
26|20|05|030|149|348,1142,598,544,110,3.3,341,352,1142.0,598.0,544.0,341.0,109.93,0.0,code_match,1142,0.022481284235200457,50797.8
26|20|05|031|149|016,1225,747,478,156,5.4,225,212,1227.0,748.0,479.0,225.0,156.16,2.0,code_match,1225,0.010917122061770918,112209.1
26|20|05|031|149|032,258,152,106,143,2.3,110,78,258.0,152.0,106.0,110.0,143.4,0.0,code_match,258,0.004929074951109939,52342.5
26|20|05|031|149|088,1097,609,488,125,3.8,290,320,1108.0,618.0,490.0,290.0,126.12,11.0,code_match,1097,0.04043116102827896,27132.5
26|20|05|031|149|096,113,57,56,102,4.9,23,8,113.0,57.0,56.0,23.0,101.79,0.0,code_match,113,0.004488685751778441,25174.4
26|20|05|031|149|156,2083,1147,936,123,3.9,538,555,2083.0,1147.0,936.0,538.0,122.54,0.0,code_match,2083,0.028366479329680682,73431.7
26|20|05|031|149|164,360,229,131,175,4.6,78,88,361.0,229.0,132.0,78.0,173.48,1.0,code_match,360,0.005457398749123772,65965.5
26|20|05|031|149|208,730,407,323,126,3.3,218,193,729.0,407.0,322.0,216.0,126.4,-1.0,code_match,730,0.014690868419336279,49690.7
26|20|05|031|149|292,1145,645,500,129,3.8,299,305,1147.0,647.0,500.0,299.0,129.4,2.0,code_match,1145,0.012096460229074575,94655.8
26|20|05|031|149|428,235,180,55,327,2.9,80,65,234.0,178.0,56.0,80.0,317.86,-1.0,code_match,235,0.0027786645365290023,84573.0
26|20|05|031|149|436,1284,782,502,156,4.2,308,356,1285.0,783.0,502.0,308.0,155.98,1.0,code_match,1284,0.010972647845735236,117018.2
26|20|05|031|149|516,2465,1288,1177,109,4.4,556,503,2470.0,1292.0,1178.0,552.0,109.68,5.0,code_match,2465,0.030388131769424325,81117.2
26|20|05|031|149|536,280,157,123,128,3.2,88,127,280.0,157.0,123.0,88.0,127.64,0.0,code_match,280,0.0039109833492321795,71593.2
26|20|05|031|149|584,1981,1050,931,113,3.9,508,449,1981.0,1050.0,931.0,507.0,112.78,0.0,code_match,1981,0.009431871587418929,210032.5
26|20|05|031|149|608,490,251,239,105,4.2,118,118,490.0,251.0,239.0,118.0,105.02,0.0,code_match,490,0.011934840080066752,41056.3
26|20|05|031|149|692,344,187,157,119,4.5,77,111,344.0,187.0,157.0,77.0,119.11,0.0,code_match,344,0.007511433781556248,45796.8
26|20|05|032|149|108,2493,1366,1127,121,4.2,600,590,2493.0,1366.0,1127.0,600.0,121.21,0.0,code_match,2493,0.013491390538154633,184784.5
26|20|05|032|149|132,1894,953,941,101,4.3,443,389,1894.0,953.0,941.0,442.0,101.28,0.0,code_match,1894,0.017533437823037835,108022.2
26|20|05|032|149|276,937,484,453,107,4.9,193,224,937.0,484.0,453.0,193.0,106.84,0.0,code_match,937,0.0038727864991612753,241944.7
26|20|05|032|149|316,1728,1010,718,141,4.5,384,274,1728.0,1010.0,718.0,384.0,140.67,0.0,code_match,1728,0.016841566613528692,102603.3
26|20|05|032|149|348,13,7,6,117,6.5,2,2,13.0,7.0,6.0,2.0,116.67,0.0,code_match,13,0.001650949656915061,7874.3
26|20|05|032|149|388,2938,1499,1439,104,4.1,716,642,2937.0,1499.0,1438.0,716.0,104.24,-1.0,code_match,2938,0.020370094909967017,144231.0
26|20|05|032|149|420,847,424,423,100,4.3,196,183,847.0,424.0,423.0,196.0,100.24,0.0,code_match,847,0.010596739442490215,79930.2
26|20|05|032|149|444,5579,2927,2652,110,4.3,1308,1056,5579.0,2927.0,2652.0,1308.0,110.37,0.0,code_match,5579,0.028703974978633792,194363.3
26|20|05|032|149|668,2854,1565,1289,121,4.2,685,587,2855.0,1566.0,1289.0,685.0,121.49,1.0,code_match,2854,0.017100998880823264,166890.8
26|20|05|032|149|700,3863,2055,1808,114,4.2,929,933,3863.0,2055.0,1808.0,929.0,113.66,0.0,code_match,3863,0.021868982535179146,176642.9
26|20|05|033|149|024,5707,2952,2755,107,4.0,1427,1147,5715.0,2959.0,2756.0,1423.0,107.37,8.0,code_match,5707,0.02798298884116173,203945.3
26|20|05|033|149|041,3654,1955,1699,115,4.1,901,955,3653.0,1954.0,1699.0,894.0,115.01,-1.0,code_match,3654,0.03561778186623187,102589.2
26|20|05|033|149|048,15133,9009,6124,147,3.8,3948,3811,15163.0,9034.0,6129.0,3941.0,147.4,30.0,code_match,15133,0.08566365204657962,176656.0
26|20|05|033|149|056,8664,5747,2917,197,4.6,1903,1402,8664.0,5747.0,2917.0,1903.0,197.02,0.0,code_match,8664,0.05781116800718254,149867.2
26|20|05|033|149|072,3440,1836,1604,115,4.0,861,768,3447.0,1839.0,1608.0,861.0,114.37,7.0,code_match,3440,0.022612631893198912,152127.4
26|20|05|033|149|140,3389,1752,1637,107,3.6,946,641,3392.0,1754.0,1638.0,946.0,107.08,3.0,code_match,3389,0.03470692516565664,97646.2
26|20|05|033|149|180,5628,3382,2246,151,4.1,1368,869,5642.0,3394.0,2248.0,1368.0,150.98,14.0,code_match,5628,0.05979568467946933,94120.5
26|20|05|033|149|188,4952,2671,2281,117,3.6,1386,1351,4954.0,2673.0,2281.0,1386.0,117.19,2.0,code_match,4952,0.033103998021588046,149589.2
26|20|05|033|149|500,1945,1213,732,166,4.0,489,465,1945.0,1213.0,732.0,489.0,165.71,0.0,code_match,1945,0.011360432794813908,171208.3
26|20|05|033|149|544,5895,3343,2552,131,4.0,1487,1066,5897.0,3345.0,2552.0,1486.0,131.07,2.0,code_match,5895,0.0161468066182283,365087.7
26|20|05|033|149|724,6082,3902,2180,179,4.2,1451,1143,6094.0,3913.0,2181.0,1451.0,179.41,12.0,code_match,6082,0.02942116425444484,206721.9
26|20|05|034|149|116,918,624,294,212,4.3,215,174,918.0,624.0,294.0,215.0,212.24,0.0,code_match,918,0.0024803849588170617,370103.8
26|20|05|034|149|340,7634,5107,2527,202,4.1,1876,1833,7633.0,5108.0,2525.0,1876.0,202.3,-1.0,code_match,7634,0.03849734728797098,198299.4
26|20|05|034|149|404,339,309,30,1030,4.3,78,73,344.0,313.0,31.0,78.0,1009.68,5.0,code_match,339,0.010490121333329508,32316.1
26|20|05|034|149|412,5223,3593,1630,220,4.9,1069,986,5224.0,3594.0,1630.0,1061.0,220.49,1.0,code_match,5223,0.07082966852859718,73740.3
26|20|05|034|149|448,9947,6433,3513,183,4.2,2370,2257,9945.0,6434.0,3510.0,2370.0,183.3,-2.0,code_match,9947,0.04809428654357587,206822.9
26|20|05|034|149|484,860,615,245,251,4.1,212,204,860.0,615.0,245.0,212.0,251.02,0.0,code_match,860,0.007665446013415606,112191.8
26|20|05|034|149|560,487,371,116,320,3.7,130,89,494.0,377.0,117.0,130.0,322.22,7.0,code_match,487,0.04402469925083711,11062.0
26|20|05|034|149|576,4621,2715,1906,142,3.9,1193,1075,4636.0,2726.0,1910.0,1193.0,142.72,15.0,code_match,4621,0.02416923943085586,191193.4
26|20|05|034|149|684,32,32,0,0,2.9,11,13,34.0,33.0,1.0,11.0,3300.0,2.0,code_match,32,0.022196349774833833,1441.7
26|20|05|034|149|708,11985,9092,2893,314,4.7,2566,2550,12004.0,9107.0,2897.0,2565.0,314.36,19.0,code_match,11985,0.08378628775079697,143042.5
26|20|05|034|149|728,2786,1820,966,188,4.0,704,598,2786.0,1820.0,966.0,704.0,188.41,0.0,code_match,2786,0.009413364889600134,295962.2
26|20|05|035|149|080,2614,1500,1114,135,4.3,603,664,2627.0,1513.0,1114.0,603.0,135.82,13.0,code_match,2614,0.010255325354641963,254892.0
26|20|05|035|149|124,638,409,229,179,3.5,183,215,638.0,409.0,229.0,183.0,178.6,0.0,code_match,638,0.006301416788106043,101247.1
26|20|05|035|149|148,1504,869,635,137,4.6,328,280,1503.0,869.0,634.0,328.0,137.07,-1.0,code_match,1504,0.01057886403140258,142170.3
26|20|05|035|149|172,338,213,125,170,3.3,101,124,338.0,213.0,125.0,101.0,170.4,0.0,code_match,338,0.004831456452029384,69958.2
26|20|05|035|149|228,303,173,130,133,3.7,81,77,307.0,177.0,130.0,81.0,136.15,4.0,code_match,303,0.009420586591829727,32163.6
26|20|05|035|149|248,301,191,110,174,3.6,83,78,304.0,194.0,110.0,83.0,176.36,3.0,code_match,301,0.009959517810101636,30222.3
26|20|05|035|149|268,2571,1311,1260,104,4.2,616,764,2583.0,1321.0,1262.0,616.0,104.68,12.0,code_match,2571,0.02775696371590423,92625.4
26|20|05|035|149|284,1494,1210,284,426,4.4,339,319,1497.0,1213.0,284.0,339.0,427.11,3.0,code_match,1494,0.016182025912845593,92324.7
26|20|05|035|149|324,5039,2808,2231,126,4.0,1268,1318,5066.0,2833.0,2233.0,1268.0,126.87,27.0,code_match,5039,0.06740244350335288,74759.9
26|20|05|035|149|332,387,275,112,246,4.0,97,81,388.0,276.0,112.0,97.0,246.43,1.0,code_match,387,0.007227281471090437,53547.1
26|20|05|035|149|468,4349,2988,1361,220,4.0,1079,1283,4356.0,2995.0,1361.0,1079.0,220.06,7.0,code_match,4349,0.025394859463742522,171255.1
26|20|05|035|149|476,2765,2046,719,285,4.4,627,495,2765.0,2046.0,719.0,627.0,284.56,0.0,code_match,2765,0.013959241891354258,198076.7
26|20|05|035|149|528,540,357,183,195,4.7,116,102,541.0,358.0,183.0,116.0,195.63,1.0,code_match,540,0.019325401558785888,27942.5
26|20|05|035|149|552,23,14,9,156,2.9,8,5,27.0,17.0,10.0,8.0,170.0,4.0,code_match,23,0.013282605192493758,1731.6
26|20|05|035|149|616,2500,1669,831,201,4.3,576,583,2500.0,1669.0,831.0,576.0,200.84,0.0,code_match,2500,0.014840353409378471,168459.6
26|20|09|027|447|036,2322,1455,867,168,4.1,563,555,2322.0,1455.0,867.0,563.0,167.82,0.0,code_match,2322,0.013489726489367951,172131.0
26|20|09|027|447|044,2191,710,1481,48,6.5,336,312,2196.0,716.0,1480.0,336.0,48.38,5.0,code_match,2191,0.026245601134146177,83480.7
26|20|09|027|447|056,2162,876,1286,68,4.3,506,475,2162.0,876.0,1286.0,498.0,68.12,0.0,code_match,2162,0.049480734212292585,43693.8
26|20|09|027|447|168,1124,595,529,113,4.0,281,340,1124.0,595.0,529.0,280.0,112.48,0.0,code_match,1124,0.011381406860580026,98757.6
26|20|09|027|447|236,6296,3551,2745,129,3.6,1759,1700,6299.0,3553.0,2746.0,1758.0,129.39,3.0,code_match,6296,0.05453836783763251,115441.7
26|20|09|027|447|244,1255,675,580,116,4.0,315,331,1255.0,675.0,580.0,315.0,116.38,0.0,code_match,1255,0.0073299878477790835,171214.5
26|20|09|027|447|276,2159,1200,959,125,3.7,578,565,2159.0,1200.0,959.0,578.0,125.13,0.0,code_match,2159,0.029353057409376528,73552.8
26|20|09|027|447|288,681,464,217,214,3.2,212,210,681.0,464.0,217.0,212.0,213.82,0.0,code_match,681,0.009576914357646092,71108.5
26|20|09|027|447|376,2033,1095,938,117,3.9,520,492,2033.0,1095.0,938.0,519.0,116.74,0.0,code_match,2033,0.02418708766003469,84053.1
26|20|09|027|447|388,2196,1439,757,190,3.9,560,552,2199.0,1442.0,757.0,519.0,190.49,3.0,code_match,2196,0.07211443230577766,30451.6
26|20|09|027|447|424,2191,1287,904,142,3.7,592,547,2191.0,1289.0,902.0,592.0,142.9,0.0,code_match,2191,0.024899845137626893,87992.5
26|20|09|027|447|508,982,550,432,127,3.3,301,320,982.0,550.0,432.0,301.0,127.31,0.0,code_match,982,0.00880841159562395,111484.3
26|20|09|027|447|528,2707,1467,1240,118,3.8,711,675,2707.0,1467.0,1240.0,711.0,118.31,0.0,code_match,2707,0.0413478003460116,65469.0
26|20|09|028|447|068,429,308,121,255,2.9,147,23,429.0,308.0,121.0,147.0,254.55,0.0,code_match,429,0.01445341629844883,29681.6
26|20|09|028|447|176,1411,772,639,121,4.3,329,310,1411.0,772.0,639.0,329.0,120.81,0.0,code_match,1411,0.016348941327285475,86305.3
26|20|09|028|447|212,689,427,262,163,4.6,151,120,691.0,429.0,262.0,151.0,163.74,2.0,code_match,689,0.00394617785550656,174599.3
26|20|09|028|447|220,3530,2137,1393,153,4.6,772,655,3530.0,2137.0,1393.0,772.0,153.41,0.0,code_match,3530,0.03773565464776287,93545.5
26|20|09|028|447|228,1213,706,507,139,4.3,282,195,1213.0,706.0,507.0,282.0,139.25,0.0,code_match,1213,0.010528257366421602,115213.7
26|20|09|028|447|296,1504,895,609,147,4.6,326,220,1504.0,895.0,609.0,326.0,146.96,0.0,code_match,1504,0.01820296738408401,82623.9
26|20|09|028|447|304,1541,870,671,130,3.4,449,375,1536.0,865.0,671.0,449.0,128.91,-5.0,code_match,1541,0.013286645363458352,115981.1
26|20|09|028|447|312,5258,2893,2365,122,3.3,1609,1135,5258.0,2893.0,2365.0,1608.0,122.33,0.0,code_match,5258,0.036807049002231786,142853.1
26|20|09|028|447|320,1633,906,727,125,3.5,465,350,1633.0,906.0,727.0,465.0,124.62,0.0,code_match,1633,0.019230436176946218,84917.5
26|20|09|028|447|356,1174,723,451,160,3.4,347,270,1174.0,723.0,451.0,347.0,160.31,0.0,code_match,1174,0.012298411818743187,95459.5
26|20|09|028|447|364,639,442,197,224,5.0,128,125,639.0,442.0,197.0,128.0,224.37,0.0,code_match,639,0.01488394004796435,42932.2
26|20|09|028|447|368,1273,705,568,124,4.4,290,220,1273.0,705.0,568.0,290.0,124.12,0.0,code_match,1273,0.013055695039640113,97505.3
26|20|09|029|447|188,3295,1964,1331,148,3.7,891,863,3295.0,1964.0,1331.0,891.0,147.56,0.0,code_match,3295,0.015854887740004132,207822.3
26|20|09|029|447|196,2577,1351,1226,110,3.9,659,847,2577.0,1351.0,1226.0,659.0,110.2,0.0,code_match,2577,0.016378985271459087,157335.8
26|20|09|029|447|416,22235,12266,9969,123,3.8,5844,5766,22224.0,12256.0,9968.0,5844.0,122.95,-11.0,code_match,22235,0.11893258694792944,186954.6
26|20|09|029|447|440,14388,8407,5981,141,3.9,3709,3367,14390.0,8409.0,5981.0,3709.0,140.6,2.0,code_match,14388,0.16068155088386127,89543.6
26|20|09|029|447|468,4993,2978,2015,148,3.7,1359,1387,4993.0,2978.0,2015.0,1359.0,147.79,0.0,code_match,4993,0.04876454142344555,102390.0
26|20|09|029|447|488,751,408,343,119,4.3,173,243,751.0,408.0,343.0,173.0,118.95,0.0,code_match,751,0.004196165963900234,178972.9
26|20|09|029|447|568,6779,3897,2882,135,3.8,1790,1538,6780.0,3897.0,2883.0,1790.0,135.17,1.0,code_match,6779,0.10599467617415387,63956.0
26|20|09|030|149|188,27,17,10,170,1.6,17,35,27.0,17.0,10.0,17.0,170.0,0.0,code_match,27,0.004800483984863973,5624.4
26|20|09|030|447|052,1764,1405,359,391,8.5,207,202,1764.0,1405.0,359.0,207.0,391.36,0.0,code_match,1764,0.011390483377654182,154866.1
26|20|09|030|447|060,260,179,81,221,2.1,124,125,260.0,179.0,81.0,124.0,220.99,0.0,code_match,260,0.006404677873065442,40595.3
26|20|09|030|447|076,1312,887,425,209,3.3,397,380,1321.0,895.0,426.0,397.0,210.09,9.0,code_match,1312,0.033527417953062064,39132.2
26|20|09|030|447|084,537,447,90,497,4.4,121,120,537.0,447.0,90.0,121.0,496.67,0.0,code_match,537,0.022743552300664348,23611.1
26|20|09|030|447|096,5604,3358,2246,150,4.0,1397,1280,5624.0,3378.0,2246.0,1396.0,150.4,20.0,code_match,5604,0.08663225385089286,64687.2
26|20|09|030|447|204,393,241,152,159,4.2,94,110,393.0,241.0,152.0,94.0,158.55,0.0,code_match,393,0.0091514963728811,42943.8
26|20|09|030|447|248,451,302,149,203,4.5,100,100,451.0,302.0,149.0,100.0,202.68,0.0,code_match,451,0.05733287170764248,7866.3
26|20|09|030|447|268,257,132,125,106,2.7,95,90,257.0,132.0,125.0,95.0,105.6,0.0,code_match,257,0.006206035900439538,41411.3
26|20|09|030|447|348,485,340,145,235,5.6,86,100,485.0,340.0,145.0,86.0,234.48,0.0,code_match,485,0.004710372469145793,102964.3
26|20|09|030|447|476,796,507,289,175,3.8,211,121,806.0,516.0,290.0,211.0,177.93,10.0,code_match,796,0.03769342325047225,21117.7
26|20|09|030|447|484,4,4,0,0,1.0,4,15,4.0,4.0,0.0,4.0,0.0,0.0,code_match,4,0.0054572494597284445,733.0
26|20|09|030|447|496,1361,892,469,190,4.4,309,225,1368.0,899.0,469.0,309.0,191.68,7.0,code_match,1361,0.02617105404271169,52004.0
26|20|09|031|149|040,1090,619,471,131,3.7,294,275,1090.0,619.0,471.0,294.0,131.42,0.0,code_match,1090,0.008140519079981949,133898.1
26|20|09|031|149|064,620,371,249,149,3.2,191,160,620.0,371.0,249.0,191.0,149.0,0.0,code_match,620,0.011843224728396768,52350.6
26|20|09|031|149|156,783,424,359,118,3.9,199,170,783.0,424.0,359.0,198.0,118.11,0.0,code_match,783,0.005586766257101905,140152.6
26|20|09|031|149|164,536,341,195,175,3.5,153,180,536.0,341.0,195.0,153.0,174.87,0.0,code_match,536,0.012947701112974882,41397.3
26|20|09|031|149|188,976,631,345,183,4.0,247,280,976.0,631.0,345.0,247.0,182.9,0.0,code_match,976,0.009868422257188347,98901.3
26|20|09|031|149|216,214,114,100,114,5.2,41,75,214.0,114.0,100.0,41.0,114.0,0.0,code_match,214,0.005999731639814928,35668.3
26|20|09|031|149|308,770,444,326,136,4.3,181,180,770.0,444.0,326.0,178.0,136.2,0.0,code_match,770,0.007165115151615639,107465.1
26|20|09|031|149|368,648,368,280,131,4.0,161,145,648.0,368.0,280.0,157.0,131.43,0.0,code_match,648,0.14134112211179925,4584.7
26|20|09|031|149|376,341,211,130,162,3.3,104,100,341.0,211.0,130.0,104.0,162.31,0.0,code_match,341,0.006440608058082862,52945.3
26|20|09|031|149|396,36,19,17,112,2.6,14,20,36.0,19.0,17.0,14.0,111.76,0.0,code_match,36,0.007380185392663774,4877.9
26|20|09|031|149|524,131,93,38,245,3.4,38,40,131.0,93.0,38.0,38.0,244.74,0.0,code_match,131,0.023327617380255197,5615.7
26|20|12|064|152|068,3514,1924,1590,121,4.1,862,630,3514.0,1924.0,1590.0,861.0,121.01,0.0,code_match,3514,1.4922077791304817,2354.9
26|20|12|064|600|555,8171,4175,3996,105,3.9,2119,1857,8169.0,4175.0,3994.0,2119.0,104.53,-2.0,code_match,8171,0.23555936287217635,34687.6
26|20|12|064|600|594,20916,10685,10231,104,3.9,5327,5445,20918.0,10690.0,10228.0,5319.0,104.52,2.0,code_match,20916,0.31836325948449035,65698.5
26|20|12|065|488|455,2906,1562,1344,116,3.8,770,686,2906.0,1562.0,1344.0,770.0,116.22,0.0,code_match,2906,0.3412877779201721,8514.8
26|20|12|065|488|483,2874,1404,1470,96,4.1,708,636,2875.0,1405.0,1470.0,708.0,95.58,1.0,code_match,2874,0.304782084037421,9429.7
26|20|12|065|488|511,6278,3231,3047,106,3.9,1595,1431,6283.0,3236.0,3047.0,1595.0,106.2,5.0,code_match,6278,0.6212665428935126,10105.2
26|20|12|065|600|594,13049,6518,6531,100,4.0,3290,2980,13048.0,6517.0,6531.0,3290.0,99.79,-1.0,code_match,13049,0.344777835116285,37847.6
26|20|12|066|075|028,12155,6232,5923,105,3.7,3281,3101,12547.0,6434.0,6113.0,3385.0,105.25,392.0,code_match,12155,0.45787201249565634,26546.7
26|20|12|066|148|068,23135,11820,11315,105,3.9,5873,5038,23135.0,11820.0,11315.0,5873.0,104.46,0.0,code_match,23135,1.2510605126867826,18492.3
26|20|12|066|148|140,37623,19898,17723,112,3.9,9699,10244,39194.0,21475.0,17717.0,9701.0,121.21,1571.0,code_match,37623,1.5462705219556017,24331.4
26|20|12|067|370|308,11087,5969,5118,117,4.1,2722,2681,11084.0,5966.0,5118.0,2722.0,116.57,-3.0,code_match,11087,0.14913467807323752,74342.2
26|20|12|067|370|316,18014,10281,7733,133,4.6,3925,2865,19216.0,10907.0,8309.0,4227.0,131.27,1202.0,code_match,18014,0.5292786632231723,34035.0
26|20|12|067|370|368,8804,4651,4153,112,3.9,2254,1936,8807.0,4655.0,4152.0,2254.0,112.11,3.0,code_match,8804,0.5061679266221663,17393.4
26|20|12|067|370|468,243,121,122,99,3.6,68,70,243.0,121.0,122.0,68.0,99.18,0.0,code_match,243,0.10125086445628859,2400.0
26|20|12|067|370|471,2256,1152,1104,104,3.9,582,602,2251.0,1147.0,1104.0,582.0,103.89,-5.0,code_match,2256,0.02671821594979505,84436.8
26|20|12|067|701|368,7031,3488,3540,99,4.1,1706,1366,7031.0,3488.0,3540.0,1706.0,98.53,0.0,code_match,7031,0.17912218113614595,39252.5
26|20|12|067|701|370,6697,3300,3396,97,4.1,1614,1379,6703.0,3304.0,3398.0,1614.0,97.23,6.0,code_match,6697,0.14575655046107938,45946.5
26|20|12|068|260|148,17050,8717,8333,105,4.1,4148,3892,17043.0,8712.0,8331.0,4146.0,104.57,-7.0,code_match,17050,0.3252542819651621,52420.5
26|20|12|068|701|248,3809,1970,1839,107,4.0,950,804,3806.0,1967.0,1839.0,950.0,106.96,-3.0,code_match,3809,0.07443632014332889,51171.3
26|20|12|068|701|308,4430,2285,2145,107,4.0,1096,757,4429.0,2285.0,2144.0,1096.0,106.58,-1.0,code_match,4430,0.08659353116324406,51158.6
26|20|12|068|701|316,2897,1430,1467,98,4.0,716,650,2901.0,1433.0,1468.0,716.0,97.62,4.0,code_match,2897,0.07275389618285177,39819.2
26|20|12|068|701|324,7914,4156,3758,111,3.9,2021,1517,7916.0,4159.0,3757.0,2015.0,110.7,2.0,code_match,7914,0.18656303565305862,42420.0
26|20|12|068|701|468,8003,4131,3872,107,4.1,1956,1450,8003.0,4131.0,3872.0,1948.0,106.69,0.0,code_match,8003,0.6743021223907973,11868.6
26|20|12|068|701|625,4242,2124,2118,100,3.8,1103,1211,4240.0,2123.0,2117.0,1103.0,100.28,-2.0,code_match,4242,0.09040499906337034,46922.2
26|20|12|069|151|068,2873,1490,1383,108,3.5,815,821,2873.0,1490.0,1383.0,815.0,107.74,0.0,code_match,2873,0.1821766170687503,15770.4
26|20|12|069|260|028,399,276,123,224,3.2,124,90,399.0,276.0,123.0,124.0,224.39,0.0,code_match,399,0.3065315974705944,1301.7
26|20|12|069|260|420,386,213,173,123,3.8,101,120,388.0,215.0,173.0,101.0,124.28,2.0,code_match,386,0.3350392518611971,1152.1
26|20|12|069|407|208,5384,2732,2652,103,3.7,1456,1136,5384.0,2732.0,2652.0,1455.0,103.02,0.0,code_match,5384,0.15122862242323867,35601.7
26|20|12|069|407|385,1808,1067,741,144,3.4,538,551,1808.0,1067.0,741.0,538.0,143.99,0.0,code_match,1808,0.47830876686180585,3780.0
26|20|12|069|408|625,2052,1023,1029,99,4.1,501,506,2052.0,1023.0,1029.0,501.0,99.42,0.0,code_match,2052,0.3480446758824798,5895.8
26|20|12|069|517|268,5001,2701,2300,117,3.8,1313,1447,5001.0,2701.0,2300.0,1313.0,117.43,0.0,code_match,5001,0.18706839822810578,26733.5
26|20|12|069|517|455,2252,1177,1075,110,3.7,610,504,2252.0,1177.0,1075.0,610.0,109.49,0.0,code_match,2252,0.21420347435513976,10513.4
26|20|12|070|037|056,2882,1527,1355,113,4.2,687,701,2882.0,1527.0,1355.0,684.0,112.69,0.0,code_match,2882,1.5929229263359757,1809.3
26|20|12|070|037|248,2275,1159,1116,104,4.2,536,412,2275.0,1159.0,1116.0,536.0,103.85,0.0,code_match,2275,0.37213705327460034,6113.3
26|20|12|070|074|028,1360,738,622,119,4.4,310,275,1360.0,738.0,622.0,310.0,118.65,0.0,code_match,1360,0.14139440192729513,9618.5
26|20|12|070|074|208,731,372,359,104,4.0,182,130,731.0,372.0,359.0,182.0,103.62,0.0,code_match,731,0.9494536579144734,769.9
26|20|12|070|074|268,860,440,420,105,4.5,192,218,860.0,440.0,420.0,192.0,104.76,0.0,code_match,860,0.7654346769751876,1123.5
26|20|12|070|074|388,859,448,411,109,4.6,187,164,859.0,448.0,411.0,187.0,109.0,0.0,code_match,859,0.10839053021052508,7925.0
26|20|12|070|150|068,3230,1748,1482,118,4.0,811,707,3230.0,1748.0,1482.0,811.0,117.95,0.0,code_match,3230,0.2745136080062647,11766.3
26|20|12|070|408|208,1004,770,234,329,7.8,129,192,1004.0,770.0,234.0,129.0,329.06,0.0,code_match,1004,0.5799307249028655,1731.2
26|20|12|070|590|308,3896,2141,1755,122,3.9,996,930,3896.0,2141.0,1755.0,996.0,121.99,0.0,code_match,3896,1.571593843242504,2479.0
26|20|12|070|592|308,643,340,303,112,4.3,149,110,643.0,340.0,303.0,149.0,112.21,0.0,code_match,643,0.18412611755675837,3492.2
26|20|12|070|702|368,516,274,242,113,4.2,123,85,516.0,274.0,242.0,123.0,113.22,0.0,code_match,516,0.2103031953213304,2453.6
26|20|12|070|702|660,1846,937,909,103,4.1,450,515,1846.0,937.0,909.0,450.0,103.08,0.0,code_match,1846,0.4146889767855931,4451.5
26|20|12|070|739|388,2290,1207,1083,111,3.9,590,580,2290.0,1207.0,1083.0,590.0,111.45,0.0,code_match,2290,0.3503234257790735,6536.8
26|20|16|015|149|005,553,286,267,107,3.0,187,170,553.0,286.0,267.0,187.0,107.12,0.0,code_match,553,0.009557155031774862,57862.4
26|20|16|015|149|068,58596,30471,28123,108,3.9,14851,14084,58729.0,30577.0,28150.0,14834.0,108.62,133.0,code_match,58596,0.6694177117263621,87532.8
26|20|16|015|149|068,58596,30471,28123,108,3.9,14851,14084,58729.0,30577.0,28150.0,14834.0,108.62,133.0,code_match,58596,1.2795966730998236,45792.6
26|20|16|015|149|076,277,134,143,94,3.5,80,130,277.0,134.0,143.0,80.0,93.71,0.0,code_match,277,0.014841881065911224,18663.4
26|20|16|015|149|148,2316,1274,1042,122,3.6,647,695,2316.0,1274.0,1042.0,647.0,122.26,0.0,code_match,2316,0.023834450332502435,97170.3
26|20|16|015|149|160,5099,2676,2423,110,3.3,1559,1568,5113.0,2690.0,2423.0,1559.0,111.02,14.0,code_match,5099,0.10260682253139344,49694.6
26|20|16|015|149|188,825,590,235,251,2.7,302,284,825.0,590.0,235.0,302.0,251.06,0.0,code_match,825,0.009932617240069138,83059.7
26|20|16|015|149|228,2369,1488,881,169,3.4,700,682,2369.0,1488.0,881.0,700.0,168.9,0.0,code_match,2369,0.01876367498767631,126254.6
26|20|16|015|149|269,1359,681,678,100,3.6,376,332,1359.0,681.0,678.0,375.0,100.44,0.0,code_match,1359,0.015147302357645404,89718.9
26|20|16|015|149|502,1613,907,706,129,2.8,577,568,1613.0,907.0,706.0,577.0,128.47,0.0,code_match,1613,0.019723117822283743,81782.2
26|20|16|015|409|368,792,435,357,122,3.5,229,209,792.0,435.0,357.0,229.0,121.85,0.0,code_match,792,0.008296472638786826,95462.3
26|20|16|015|707|348,1204,684,520,132,2.8,430,435,1204.0,684.0,520.0,430.0,131.54,0.0,code_match,1204,0.013629786125000445,88335.9
26|20|24|040|854|028,1628,830,798,104,4.0,404,374,1628.0,830.0,798.0,404.0,104.01,0.0,code_match,1628,0.01973309722528401,82501.0
26|20|24|040|854|068,254,147,107,137,4.4,58,45,254.0,147.0,107.0,58.0,137.38,0.0,code_match,254,0.011608202286008472,21881.1
26|20|24|040|854|092,586,354,232,153,4.1,144,80,586.0,354.0,232.0,144.0,152.59,0.0,code_match,586,0.008075130629397255,72568.5
26|20|24|040|854|100,2118,1190,928,128,4.1,521,550,2118.0,1190.0,928.0,521.0,128.23,0.0,code_match,2118,0.022207626419925526,95372.6
26|20|24|040|854|148,1428,727,701,104,4.1,346,364,1428.0,727.0,701.0,346.0,103.71,0.0,code_match,1428,0.03020810007971747,47272.1
26|20|24|040|854|228,2194,1157,1037,112,3.8,583,524,2194.0,1157.0,1037.0,582.0,111.57,0.0,code_match,2194,0.011636352609599623,188547.1
26|20|24|040|854|268,4444,2439,2005,122,3.9,1144,1084,4445.0,2440.0,2005.0,1144.0,121.7,1.0,code_match,4444,0.02593354038646025,171361.1
26|20|24|040|854|288,1953,1034,919,113,4.1,474,425,1953.0,1034.0,919.0,474.0,112.51,0.0,code_match,1953,0.03168157681076055,61644.7
26|20|24|040|854|296,1782,942,840,112,3.8,463,542,1783.0,942.0,841.0,463.0,112.01,1.0,code_match,1782,0.048654067769946005,36625.9
26|20|24|040|854|388,4075,2335,1728,135,4.1,995,1070,4075.0,2335.0,1728.0,995.0,135.13,0.0,code_match,4075,0.05053149921214065,80642.8
26|20|24|040|854|396,6864,3865,2999,129,3.8,1792,1641,6865.0,3866.0,2999.0,1792.0,128.91,1.0,code_match,6864,0.09144981887830714,75057.6
26|20|24|040|854|705,5932,3129,2803,112,4.0,1493,1458,5932.0,3129.0,2803.0,1493.0,111.63,0.0,code_match,5932,0.03473999686665083,170754.2
26|20|24|040|854|735,1723,849,874,97,4.4,395,428,1723.0,849.0,874.0,395.0,97.14,0.0,code_match,1723,0.010145935081895157,169821.7
26|20|24|044|740|192,9171,4908,4263,115,3.9,2369,2422,9170.0,4908.0,4262.0,2369.0,115.16,-1.0,code_match,9171,0.08335582951724507,110022.3
26|20|24|045|705|068,15446,7903,7543,105,3.9,3963,3799,15446.0,7903.0,7543.0,3963.0,104.77,0.0,code_match,15446,0.17724399911655567,87145.4
26|20|24|045|705|076,9690,5562,4128,135,4.0,2417,1862,9690.0,5562.0,4128.0,2417.0,134.74,0.0,code_match,9690,0.13203510706738253,73389.6
26|20|24|045|705|208,580,317,263,121,4.3,135,130,581.0,318.0,263.0,135.0,120.91,1.0,code_match,580,0.004013469455945787,144513.4
26|20|24|045|705|348,4432,2469,1963,126,4.2,1062,987,4432.0,2469.0,1963.0,1062.0,125.78,0.0,code_match,4432,0.025915141720589323,171019.7
26|20|24|045|705|368,2673,1446,1227,118,3.7,720,438,2673.0,1446.0,1227.0,720.0,117.85,0.0,code_match,2673,0.012984389776491056,205862.6
26|20|24|045|705|376,1643,823,820,100,4.2,394,448,1643.0,823.0,820.0,394.0,100.37,0.0,code_match,1643,0.021328561858296347,77032.9
26|20|24|045|705|384,6709,3432,3277,105,4.1,1655,1548,6709.0,3432.0,3277.0,1655.0,104.73,0.0,code_match,6709,0.07678780644456683,87370.6
26|20|24|045|705|511,3501,2031,1470,138,4.0,867,728,3501.0,2031.0,1470.0,867.0,138.16,0.0,code_match,3501,0.024098899365545216,145276.3
26|20|24|045|705|520,7960,4324,3636,119,3.5,2246,2045,7964.0,4327.0,3637.0,2246.0,118.97,4.0,code_match,7960,0.05588933751318635,142424.3
26|20|24|046|260|016,2469,1261,1208,104,3.4,728,680,2470.0,1261.0,1209.0,728.0,104.3,1.0,code_match,2469,0.02038033264968705,121146.2
26|20|24|046|260|024,1862,980,878,112,3.7,506,480,1872.0,988.0,880.0,506.0,112.27,10.0,code_match,1862,0.01921830684394796,96886.8
26|20|24|046|260|053,3323,1756,1567,112,4.1,814,684,3323.0,1756.0,1567.0,813.0,112.06,0.0,code_match,3323,0.03307833858119195,100458.5
26|20|24|046|260|068,8663,4317,4346,99,3.7,2365,2281,8665.0,4319.0,4346.0,2365.0,99.38,2.0,code_match,8663,0.07507513544114024,115391.1
26|20|24|046|260|148,5393,3800,1593,239,6.7,805,743,5394.0,3801.0,1593.0,805.0,238.61,1.0,code_match,5393,0.0243316035492994,221645.9
26|20|24|046|260|208,2346,1218,1128,108,3.6,653,688,2347.0,1218.0,1129.0,653.0,107.88,1.0,code_match,2346,0.042945000254508627,54628.0
26|20|24|046|260|216,3985,2070,1915,108,4.0,1006,876,3985.0,2070.0,1915.0,1006.0,108.09,0.0,code_match,3985,0.032389206196315544,123034.8
26|20|24|046|260|248,860,635,225,282,10.2,84,83,868.0,643.0,225.0,84.0,285.78,8.0,code_match,860,0.07025865537123238,12240.5
26|20|24|046|260|368,12971,6692,6279,107,4.1,3198,3262,12983.0,6703.0,6280.0,3197.0,106.74,12.0,code_match,12971,0.10228972877378567,126806.5
26|20|24|046|260|376,1601,855,746,115,3.7,429,434,1607.0,859.0,748.0,429.0,114.84,6.0,code_match,1601,0.016889288231192654,94793.8
26|20|28|014|075|028,907,468,439,107,3.9,231,255,907.0,468.0,439.0,231.0,106.61,0.0,code_match,907,0.04059004949009839,22345.4
26|20|28|014|150|368,9725,5272,4453,118,3.8,2549,1890,9724.0,5272.0,4452.0,2546.0,118.42,-1.0,code_match,9725,0.05532349211744771,175784.3
26|20|28|014|263|128,9068,4950,4118,120,3.5,2574,2390,9068.0,4950.0,4118.0,2574.0,120.2,0.0,code_match,9068,0.12219149881774945,74211.4
26|20|28|014|707|048,13235,6753,6481,104,3.8,3528,3605,13235.0,6753.0,6481.0,3528.0,104.2,0.0,code_match,13235,0.33597902444045086,39392.3
26|20|28|014|707|148,3064,1902,1162,164,3.7,839,763,3064.0,1902.0,1162.0,837.0,163.68,0.0,code_match,3064,0.24103646984950847,12711.8
26|20|28|014|707|188,19661,10844,8817,123,3.9,4994,5184,19663.0,10846.0,8817.0,4972.0,123.01,2.0,code_match,19661,0.26336023666886077,74654.4
26|20|28|014|707|196,2298,1203,1095,110,3.6,638,828,2298.0,1203.0,1095.0,638.0,109.86,0.0,code_match,2298,0.06514919889896165,35272.9
26|20|28|014|707|248,8066,4339,3727,116,3.9,2072,1790,8066.0,4339.0,3727.0,2071.0,116.42,0.0,code_match,8066,0.025402948797985846,317522.2
26|20|28|014|707|256,3458,1855,1603,116,3.7,932,1066,3458.0,1855.0,1603.0,928.0,115.72,0.0,code_match,3458,0.03874925723391913,89240.4
26|20|28|014|707|264,1963,1102,861,128,3.7,536,525,1963.0,1102.0,861.0,536.0,127.99,0.0,code_match,1963,0.027222797926161856,72108.7
26|20|28|014|707|368,16693,8464,8229,103,3.8,4374,4603,16692.0,8463.0,8229.0,4345.0,102.84,-1.0,code_match,16693,0.28382814605073375,58813.8
26|20|28|014|707|502,4986,2843,2143,133,3.6,1367,1257,4986.0,2843.0,2143.0,1366.0,132.66,0.0,code_match,4986,0.07258599199324385,68690.9
26|20|28|014|707|742,3079,1701,1378,123,3.8,803,899,3079.0,1701.0,1378.0,803.0,123.44,0.0,code_match,3079,0.03936567233378834,78215.4
26|20|28|014|710|368,1624,881,743,119,3.6,454,426,1624.0,881.0,743.0,454.0,118.57,0.0,code_match,1624,0.049795468490668154,32613.4
26|20|28|014|785|368,9405,5521,3883,142,3.7,2510,1933,9405.0,5521.0,3883.0,2506.0,142.18,0.0,code_match,9405,0.07931559183104768,118576.9
26|20|28|022|188|028,8365,4273,4092,104,3.7,2285,2175,8364.0,4273.0,4091.0,2285.0,104.45,-1.0,code_match,8365,0.055060582367794396,151923.6
26|20|28|022|188|088,6581,3319,3262,102,3.8,1710,1845,6579.0,3318.0,3261.0,1710.0,101.75,-2.0,code_match,6581,0.09019909561540021,72960.8
26|20|28|022|301|028,12010,6313,5697,111,3.8,3166,3086,12009.0,6313.0,5696.0,3158.0,110.83,-1.0,code_match,12010,0.12861060650112413,93382.7
26|20|28|022|301|036,1386,674,712,95,3.7,370,349,1386.0,674.0,712.0,370.0,94.66,0.0,code_match,1386,0.011185050593549333,123915.4
26|20|28|022|301|128,5792,2825,2967,95,3.4,1717,1503,5792.0,2825.0,2967.0,1717.0,95.21,0.0,code_match,5792,0.02795584165959294,207183.9
26|20|28|022|301|136,9471,4745,4719,101,3.4,2773,2164,9471.0,4745.0,4719.0,2773.0,100.55,0.0,code_match,9471,0.03320705134513883,285210.5
26|20|28|022|301|148,2820,1444,1376,105,3.8,752,593,2820.0,1444.0,1376.0,752.0,104.94,0.0,code_match,2820,0.016599424806205212,169885.4
26|20|28|022|301|156,16961,9217,7744,119,3.8,4471,4070,16960.0,9217.0,7743.0,4469.0,119.04,-1.0,code_match,16961,0.1687029972850704,100537.6
26|20|28|022|301|208,1593,812,781,104,3.8,420,479,1593.0,812.0,781.0,420.0,103.97,0.0,code_match,1593,0.01802823005556802,88361.4
26|20|28|022|301|216,1338,665,673,99,3.6,375,347,1338.0,665.0,673.0,375.0,98.81,0.0,code_match,1338,0.018274510685128625,73216.7
26|20|28|022|301|248,5233,2672,2561,104,3.3,1575,1582,5233.0,2672.0,2561.0,1575.0,104.33,0.0,code_match,5233,0.03473053779757803,150674.3
26|20|28|022|301|256,6495,3392,3103,109,3.8,1717,1776,6494.0,3392.0,3102.0,1716.0,109.35,-1.0,code_match,6495,0.0323577277899163,200724.8
26|20|28|022|301|264,706,371,335,111,3.3,215,225,706.0,371.0,335.0,215.0,110.75,0.0,code_match,706,0.02063903351369985,34207.0
26|20|28|022|301|268,3674,1912,1762,109,3.8,958,880,3674.0,1912.0,1762.0,958.0,108.51,0.0,code_match,3674,0.014714603328770448,249683.9
26|20|28|022|301|276,3245,1737,1508,115,4.4,734,676,3245.0,1737.0,1508.0,734.0,115.19,0.0,code_match,3245,0.02287769738327141,141841.2
26|20|28|022|413|208,7580,3990,3590,111,3.8,1988,1741,7580.0,3990.0,3590.0,1988.0,111.14,0.0,code_match,7580,0.1532772394220576,49452.9
26|20|29|040|854|108,1418,1174,244,481,3.3,433,465,1422.0,1176.0,246.0,433.0,478.05,4.0,code_match,1418,0.009681913273926498,146458.7
26|20|29|040|854|150,1798,922,876,105,3.6,497,460,1810.0,933.0,877.0,497.0,106.39,12.0,code_match,1798,0.011610927550600872,154854.1
26|20|29|040|854|431,5456,2956,2500,118,4.1,1328,1130,5480.0,2980.0,2500.0,1328.0,119.2,24.0,code_match,5456,0.04754216082403196,114761.3
26|20|29|048|301|368,2013,1151,861,134,3.3,619,625,2136.0,1257.0,878.0,619.0,143.17,123.0,code_match,2013,0.14001159830296112,14377.4
26|20|29|048|376|076,6477,3854,2623,147,3.9,1677,1652,6490.0,3863.0,2627.0,1677.0,147.05,13.0,code_match,6477,0.060414409280138436,107209.5
26|20|29|048|376|416,21719,11724,9995,117,4.1,5344,5715,24294.0,13526.0,10768.0,5838.0,125.61,2575.0,code_match,21719,0.26487565184303247,81997.0
26|20|29|048|376|424,24224,14064,10160,138,3.7,6493,6643,24242.0,14081.0,10161.0,6493.0,138.58,18.0,code_match,24224,0.21895232304872406,110636.0
26|20|29|048|376|432,5869,3361,2508,134,3.3,1786,1835,5870.0,3362.0,2508.0,1786.0,134.05,1.0,code_match,5869,0.04956566216051333,118408.6
26|20|29|049|075|028,7417,4027,3390,119,2.9,2529,2195,7417.0,4027.0,3390.0,2529.0,118.79,0.0,code_match,7417,0.13168253677046257,56324.9
26|20|29|049|075|068,4340,2270,2070,110,3.2,1344,1280,4340.0,2270.0,2070.0,1329.0,109.66,0.0,code_match,4340,0.04619116685736043,93957.4
26|20|29|049|075|076,30098,16520,13578,122,4.0,7597,8029,30579.0,16796.0,13783.0,7723.0,121.86,481.0,code_match,30098,0.3044864745747671,98848.4
26|20|29|049|075|268,14421,7410,7010,106,2.9,4964,4285,14419.0,7410.0,7008.0,4964.0,105.74,-2.0,code_match,14421,0.5695266902926351,25321.0
26|20|29|049|075|408,4539,2309,2230,104,3.5,1309,1280,4538.0,2309.0,2229.0,1309.0,103.59,-1.0,code_match,4539,0.0528735942619344,85846.3
26|20|29|050|376|068,38502,22676,15826,143,4.5,8522,6622,38914.0,22885.0,16029.0,8605.0,142.77,412.0,code_match,38502,0.6700061070425933,57465.1
26|20|29|050|376|408,10263,6143,4118,149,4.9,2103,2897,10275.0,6152.0,4121.0,2101.0,149.28,12.0,code_match,10263,0.10562662782511857,97163.0
26|20|29|050|376|805,3757,2037,1720,118,4.1,911,835,3787.0,2061.0,1723.0,908.0,119.62,30.0,code_match,3757,0.0601887184417635,62420.3
26|20|29|061|150|076,14865,8041,6824,118,4.1,3656,3048,15245.0,8291.0,6954.0,3707.0,119.23,380.0,code_match,14865,0.11293615633425551,131623.0
26|20|29|061|150|092,3505,1806,1699,106,4.1,859,688,3505.0,1806.0,1699.0,859.0,106.3,0.0,code_match,3505,0.03238108308228026,108242.2
26|20|29|061|150|228,4129,2290,1839,125,3.9,1056,956,4129.0,2290.0,1839.0,1055.0,124.52,0.0,code_match,4129,0.03568372053934357,115711.0
26|20|29|061|150|368,15217,7962,7255,110,4.2,3582,3259,15219.0,7964.0,7255.0,3580.0,109.77,2.0,code_match,15217,0.1477354724311605,103001.7
26|20|29|061|150|428,3900,2077,1823,114,4.3,915,789,3900.0,2077.0,1823.0,912.0,113.93,0.0,code_match,3900,0.06339178725279779,61522.2
26|20|29|061|150|520,2077,1102,975,113,4.1,502,428,2077.0,1102.0,975.0,502.0,113.03,0.0,code_match,2077,0.03365491344391325,61714.6
26|20|29|062|150|048,8958,4576,4382,104,4.3,2067,2118,8934.0,4554.0,4380.0,2066.0,103.97,-24.0,code_match,8958,0.09844964182344389,90990.7
26|20|29|062|150|068,7931,4181,3750,112,4.1,1954,2304,7925.0,4177.0,3748.0,1940.0,111.45,-6.0,code_match,7931,0.07973147881695844,99471.4
26|20|29|062|150|084,11913,6194,5719,108,3.9,3080,3591,11913.0,6194.0,5719.0,3074.0,108.31,0.0,code_match,11913,0.09851009890752971,120931.8
26|20|29|062|150|148,32428,17193,15234,113,4.0,8189,9640,32422.0,17191.0,15230.0,8189.0,112.88,-6.0,code_match,32428,0.3487423723190807,92985.5
26|20|29|062|150|288,4420,2355,2065,114,4.3,1029,1115,4416.0,2355.0,2061.0,1028.0,114.26,-4.0,code_match,4420,0.03952121716996138,111838.7
26|20|29|062|150|436,13122,7524,5598,134,4.4,3004,3040,13120.0,7523.0,5597.0,2998.0,134.41,-2.0,code_match,13122,0.11008471751611594,119199.1
26|20|29|062|150|444,14373,7401,6972,106,3.9,3708,3933,14354.0,7383.0,6971.0,3706.0,105.91,-19.0,code_match,14373,0.14554553231618317,98752.6
26|20|29|062|150|625,3769,2029,1740,117,3.8,987,936,3769.0,2029.0,1740.0,987.0,116.61,0.0,code_match,3769,0.064479105545979,58453.0
26|20|29|063|488|036,4618,2556,2062,124,3.7,1233,1343,4613.0,2552.0,2061.0,1233.0,123.82,-5.0,code_match,4618,0.06603671230964019,69930.8
26|20|29|063|488|208,19196,10484,8712,120,3.7,5154,5181,19197.0,10486.0,8711.0,5154.0,120.38,1.0,code_match,19196,1.1927991137546923,16093.2
26|20|29|063|488|216,11125,6002,5123,117,3.8,2959,3288,11125.0,6002.0,5123.0,2959.0,117.16,0.0,code_match,11125,0.17924932239098057,62064.4
26|20|29|063|488|280,6526,3380,3146,107,3.8,1717,1875,6526.0,3380.0,3146.0,1717.0,107.44,0.0,code_match,6526,0.10411893248269972,62678.3
26|20|29|063|488|288,1014,493,521,95,4.0,256,255,1014.0,493.0,521.0,256.0,94.63,0.0,code_match,1014,0.016644408052181602,60921.4
26|20|29|063|488|296,17811,9372,8439,111,3.9,4622,4540,17809.0,9370.0,8439.0,4622.0,111.03,-2.0,code_match,17811,0.29403448844002134,60574.5
26|20|29|063|488|312,3082,1788,1294,138,4.0,776,850,3100.0,1803.0,1297.0,776.0,139.01,18.0,code_match,3082,0.8345698679976578,3692.9
26|20|29|063|488|320,14480,7607,6872,111,3.7,3946,3753,14476.0,7604.0,6871.0,3946.0,110.67,-4.0,code_match,14480,0.3282798309825279,44108.7
26|20|29|063|488|488,3573,1969,1604,123,4.2,857,1132,3573.0,1969.0,1604.0,856.0,122.76,0.0,code_match,3573,0.27152854682987776,13158.8
26|20|29|064|600|409,5104,2714,2390,114,3.6,1420,1243,5104.0,2714.0,2390.0,1420.0,113.56,0.0,code_match,5104,0.19579960093673643,26067.5
26|20|29|064|600|428,9794,5296,4498,118,3.9,2489,1792,9803.0,5307.0,4496.0,2488.0,118.04,9.0,code_match,9794,0.7933593491543616,12345.0
26|20|29|064|600|502,9754,5117,4636,110,4.1,2404,2069,9724.0,5098.0,4625.0,2403.0,110.23,-30.0,code_match,9754,0.1229881827736928,79308.4
26|20|29|065|488|028,4250,2641,1609,164,4.1,1042,1018,4240.0,2632.0,1608.0,1042.0,163.68,-10.0,code_match,4250,0.15791132889654133,26913.8
26|20|29|065|488|068,1344,689,655,105,4.0,338,360,1343.0,689.0,654.0,338.0,105.35,-1.0,code_match,1344,0.05336126233592693,25186.8
26|20|29|065|488|168,3316,1783,1533,116,3.7,889,864,3314.0,1781.0,1533.0,889.0,116.18,-2.0,code_match,3316,0.21251405474774532,15603.7
26|20|29|065|488|256,13200,7146,6054,118,3.8,3444,3510,13193.0,7139.0,6054.0,3443.0,117.92,-7.0,code_match,13200,0.2739767778257401,48179.3
26|20|29|065|488|264,3860,2025,1835,110,3.9,1000,826,3860.0,2025.0,1835.0,1000.0,110.35,0.0,code_match,3860,0.13056448089982345,29563.9
26|20|29|065|488|272,3546,1906,1640,116,4.2,845,810,3537.0,1898.0,1639.0,845.0,115.8,-9.0,code_match,3546,0.09935319826496902,35690.8
26|20|29|065|488|304,13923,7404,6515,114,4.0,3521,3485,13918.0,7401.0,6513.0,3515.0,113.63,-5.0,code_match,13923,0.2686968053136129,51816.8
26|20|29|065|600|043,7049,3558,3491,102,4.1,1724,1515,7054.0,3561.0,3493.0,1724.0,101.95,5.0,code_match,7049,0.11462878675095327,61494.2
26|20|29|065|600|068,5806,3006,2800,107,4.1,1431,1335,5804.0,3007.0,2797.0,1430.0,107.51,-2.0,code_match,5806,0.12395309575823577,46840.3
26|20|29|065|600|368,2913,1508,1405,107,4.0,722,620,2912.0,1507.0,1405.0,719.0,107.26,-1.0,code_match,2913,0.07132618861783603,40840.5
26|20|32|052|373|192,3648,1837,1811,101,3.9,926,977,3648.0,1837.0,1811.0,926.0,101.44,0.0,code_match,3648,0.05863188158146764,62218.7
26|20|32|052|373|296,2456,1265,1191,106,3.7,671,630,2456.0,1265.0,1191.0,671.0,106.21,0.0,code_match,2456,0.024608996109272023,99800.9
26|20|32|052|373|304,5912,2956,2956,100,4.0,1488,1507,5912.0,2956.0,2956.0,1488.0,100.0,0.0,code_match,5912,0.06518929460804831,90689.7
26|20|32|052|373|320,1063,547,516,106,3.9,274,228,1063.0,547.0,516.0,274.0,106.01,0.0,code_match,1063,0.015119864458755213,70304.9
26|20|32|052|373|328,8372,4449,3923,113,4.1,2043,2257,8372.0,4449.0,3923.0,2043.0,113.41,0.0,code_match,8372,0.0764689178447766,109482.4
26|20|32|052|373|336,829,399,430,93,4.3,194,240,829.0,399.0,430.0,194.0,92.79,0.0,code_match,829,0.006261510481939142,132396.2
26|20|32|052|373|448,5417,2855,2562,111,4.3,1264,1052,5417.0,2855.0,2562.0,1264.0,111.44,0.0,code_match,5417,0.04413380813374354,122740.4
26|20|32|052|373|508,6730,3444,3286,105,3.8,1761,1793,6730.0,3444.0,3286.0,1761.0,104.81,0.0,code_match,6730,0.09578970819073264,70258.1
26|20|32|052|373|805,7528,3908,3620,108,3.9,1948,1641,7528.0,3908.0,3620.0,1948.0,107.96,0.0,code_match,7528,0.12386951974030408,60773.6
26|20|32|053|373|016,762,379,383,99,3.5,217,218,762.0,379.0,383.0,217.0,98.96,0.0,code_match,762,0.0042411608291932894,179667.8
26|20|32|053|373|046,1405,731,674,109,3.4,417,390,1405.0,731.0,674.0,417.0,108.46,0.0,code_match,1405,0.021073876467179384,66670.2
26|20|32|053|373|068,1620,840,780,108,4.0,405,409,1620.0,840.0,780.0,405.0,107.69,0.0,code_match,1620,0.02658123064134327,60945.3
26|20|32|053|373|108,1198,628,570,110,3.7,328,346,1198.0,628.0,570.0,328.0,110.18,0.0,code_match,1198,0.01064522352052656,112538.7
26|20|32|053|373|128,2877,1430,1447,99,4.1,699,669,2877.0,1430.0,1447.0,698.0,98.83,0.0,code_match,2877,0.022364224597349117,128643.0
26|20|32|053|373|168,1097,586,511,115,3.8,290,300,1097.0,586.0,511.0,290.0,114.68,0.0,code_match,1097,0.013054465040786882,84032.6
26|20|32|053|373|176,1302,639,663,96,3.3,398,375,1302.0,639.0,663.0,398.0,96.38,0.0,code_match,1302,0.010146123082357955,128324.9
26|20|32|053|373|184,7322,3834,3488,110,3.6,2022,1940,7320.0,3833.0,3487.0,2022.0,109.92,-2.0,code_match,7322,0.08295231608050029,88267.6
26|20|32|053|373|200,800,399,401,100,4.0,200,193,800.0,399.0,401.0,200.0,99.5,0.0,code_match,800,0.011498668246745105,69573.3
26|20|32|053|373|256,5569,2813,2756,102,3.6,1531,1519,5569.0,2813.0,2756.0,1531.0,102.07,0.0,code_match,5569,0.045280325923003135,122989.4
26|20|32|053|373|288,2829,1627,1202,135,3.8,737,709,2840.0,1635.0,1205.0,737.0,135.68,11.0,code_match,2829,0.045946857293391916,61571.1
26|20|32|053|373|312,870,432,438,99,3.7,233,222,870.0,432.0,438.0,233.0,98.63,0.0,code_match,870,0.00894098471793391,97304.7
26|20|32|053|373|348,2365,1190,1175,101,3.4,694,703,2365.0,1190.0,1175.0,694.0,101.28,0.0,code_match,2365,0.024474651756878456,96630.6
26|20|32|053|373|356,6172,3146,3026,104,3.6,1696,1673,6172.0,3146.0,3026.0,1696.0,103.97,0.0,code_match,6172,0.0550202278006703,112176.9
26|20|32|053|373|364,6510,3284,3226,102,3.7,1772,1776,6510.0,3284.0,3226.0,1772.0,101.8,0.0,code_match,6510,0.05576870374263137,116732.1
26|20|32|053|373|372,3933,1935,1998,97,3.5,1110,1157,3933.0,1935.0,1998.0,1110.0,96.85,0.0,code_match,3933,0.039630788408256054,99241.0
26|20|32|053|373|456,7388,3823,3564,107,4.0,1835,1805,7388.0,3823.0,3564.0,1835.0,107.27,0.0,code_match,7388,0.06526382963546573,113202.1
26|20|32|053|373|468,4957,2645,2312,114,3.4,1468,1538,4957.0,2645.0,2312.0,1468.0,114.4,0.0,code_match,4957,0.08092872646001711,61251.4
26|20|32|053|373|488,1602,809,793,102,3.8,420,401,1602.0,809.0,793.0,420.0,102.02,0.0,code_match,1602,0.007279362193287011,220074.2
26|20|32|053|373|548,3262,1638,1624,101,3.6,914,902,3262.0,1638.0,1624.0,914.0,100.86,0.0,code_match,3262,0.02912151653432525,112013.4
26|20|32|053|373|556,1907,990,917,108,3.5,540,509,1915.0,996.0,919.0,540.0,108.38,8.0,code_match,1907,0.041720494096495475,45709.0
26|20|32|058|038|016,446,234,212,110,3.9,115,110,445.0,234.0,211.0,115.0,110.9,-1.0,code_match,446,0.006561166158762175,67975.7
26|20|32|058|038|054,7006,3801,3205,119,3.9,1805,1508,7008.0,3803.0,3205.0,1805.0,118.66,2.0,code_match,7006,0.3307552984780926,21181.8
26|20|32|058|038|268,2460,1466,994,148,3.3,749,743,2460.0,1466.0,994.0,749.0,147.48,0.0,code_match,2460,0.02558426837630835,96152.8
26|20|32|058|411|208,7769,4689,3073,153,3.6,2134,2058,7769.0,4689.0,3073.0,2134.0,152.59,0.0,code_match,7769,0.29613182972322416,26234.9
26|20|32|058|709|268,18144,9868,8267,119,3.4,5268,4803,18144.0,9868.0,8267.0,5268.0,119.37,0.0,code_match,18144,0.059935323260710056,302726.3
26|20|32|058|709|308,10756,6127,4629,132,3.8,2828,2519,10756.0,6127.0,4629.0,2828.0,132.36,0.0,code_match,10756,0.07098815259896431,151518.2
26|20|32|058|709|316,17495,9216,8275,111,3.6,4902,4392,17495.0,9216.0,8275.0,4902.0,111.37,0.0,code_match,17495,0.06733724328170866,259811.6
26|20|32|060|150|188,9022,4859,4163,117,4.0,2260,2284,9024.0,4861.0,4163.0,2260.0,116.77,2.0,code_match,9022,0.12556048789101093,71853.8
26|20|32|060|150|248,8220,4244,3976,107,3.9,2101,1786,8220.0,4244.0,3976.0,2101.0,106.74,0.0,code_match,8220,0.08099023070279172,101493.7
26|20|32|060|150|264,2398,1318,1080,122,4.2,569,527,2398.0,1318.0,1080.0,568.0,122.04,0.0,code_match,2398,0.02061035056115253,116349.3
26|20|32|060|150|268,2151,1158,993,117,4.0,543,491,2151.0,1158.0,993.0,543.0,116.62,0.0,code_match,2151,0.05981836953039777,35958.9
26|20|32|060|150|284,24236,12724,11512,111,4.0,6055,5895,24236.0,12724.0,11512.0,6040.0,110.53,0.0,code_match,24236,0.2008603812421656,120660.9
26|20|32|060|150|308,23144,12099,11043,110,4.1,5635,5584,23144.0,12099.0,11043.0,5635.0,109.56,0.0,code_match,23144,0.2325872858729712,99506.7
26|20|32|060|150|316,9546,4982,4564,109,4.0,2370,2380,9546.0,4982.0,4564.0,2368.0,109.16,0.0,code_match,9546,0.11347414287449532,84124.9
26|20|32|060|150|348,3660,1829,1831,100,3.9,933,1032,3660.0,1829.0,1831.0,933.0,99.89,0.0,code_match,3660,0.049823167716500374,73459.8
26|20|32|060|150|356,7648,4314,3334,129,4.2,1838,1644,7647.0,4313.0,3334.0,1837.0,129.36,-1.0,code_match,7648,0.1448676895533377,52793.0
26|20|32|060|150|376,2900,1453,1447,100,4.0,729,716,2900.0,1453.0,1447.0,729.0,100.41,0.0,code_match,2900,0.07649302869156574,37912.0
26|20|32|060|150|384,9535,4857,4678,104,3.9,2471,2340,9535.0,4857.0,4678.0,2471.0,103.83,0.0,code_match,9535,0.16212129401615288,58814.0
26|20|32|060|150|392,3200,1662,1538,108,3.9,819,753,3200.0,1662.0,1538.0,819.0,108.06,0.0,code_match,3200,0.10020248074936403,31935.3
26|20|32|060|150|428,1870,926,944,98,3.9,481,522,1870.0,926.0,944.0,481.0,98.09,0.0,code_match,1870,0.024457967321760688,76457.7
26|20|32|061|150|001,2676,1372,1304,105,4.0,668,675,2676.0,1372.0,1304.0,667.0,105.21,0.0,code_match,2676,0.033713291219177724,79375.2
26|20|32|061|150|012,1703,887,816,109,3.9,437,340,1703.0,887.0,816.0,437.0,108.7,0.0,code_match,1703,0.04034563819453593,42210.3
26|20|32|061|150|068,16869,8596,8273,104,4.1,4125,3590,16869.0,8596.0,8273.0,4121.0,103.9,0.0,code_match,16869,0.19565233855773928,86219.3
26|20|32|061|150|268,906,489,417,117,4.0,227,196,906.0,489.0,417.0,227.0,117.27,0.0,code_match,906,0.015129167603188989,59884.3
26|20|32|061|150|276,6212,3367,2845,118,4.2,1490,1651,6209.0,3367.0,2842.0,1490.0,118.47,-3.0,code_match,6212,0.049438777889634335,125650.4
26|20|32|061|150|324,11079,5815,5264,111,4.0,2771,2796,11080.0,5816.0,5264.0,2771.0,110.49,1.0,code_match,11079,0.12477147400966523,88794.3
26|20|32|061|150|368,5567,2855,2712,105,4.1,1352,1264,5567.0,2855.0,2712.0,1352.0,105.27,0.0,code_match,5567,0.05960132601867069,93404.0
26|20|32|065|488|148,2228,1217,1011,120,4.0,552,593,2228.0,1217.0,1011.0,552.0,120.38,0.0,code_match,2228,0.10525190782597983,21168.3
26|20|32|065|488|248,6174,3179,2995,106,4.1,1501,1614,6170.0,3179.0,2991.0,1501.0,106.29,-4.0,code_match,6174,0.11978797925021385,51541.1
26|20|32|065|488|272,2575,1384,1191,116,4.4,583,499,2575.0,1384.0,1191.0,583.0,116.2,0.0,code_match,2575,0.0714512943996642,36038.5
26|20|32|065|488|468,8781,5399,3382,160,5.2,1696,1479,8781.0,5399.0,3382.0,1696.0,159.64,0.0,code_match,8781,0.3502071265007756,25073.7
26|20|32|065|488|511,12479,6591,5888,112,4.1,3076,2594,12481.0,6593.0,5888.0,3076.0,111.97,2.0,code_match,12479,0.17650891527690005,70699.0
26|20|32|065|488|715,1368,706,662,107,3.4,397,399,1368.0,706.0,662.0,397.0,106.65,0.0,code_match,1368,0.09344519498495013,14639.6
26|20|32|065|488|717,2027,1079,948,114,3.5,574,599,2031.0,1083.0,948.0,574.0,114.24,4.0,code_match,2027,0.30391278296745117,6669.7
26|20|33|016|149|016,2149,1196,953,126,3.7,575,482,2149.0,1196.0,953.0,575.0,125.5,0.0,code_match,2149,0.016879543866117872,127313.9
26|20|33|016|149|044,3508,1831,1677,109,3.2,1084,950,3508.0,1831.0,1677.0,1084.0,109.18,0.0,code_match,3508,0.03465190483003432,101235.4
26|20|33|016|149|048,6107,3219,2888,112,3.9,1572,1488,6107.0,3219.0,2888.0,1572.0,111.46,0.0,code_match,6107,0.03739907365754883,163292.8
26|20|33|016|149|108,13364,8076,5288,153,3.6,3671,3098,13419.0,8110.0,5306.0,3671.0,152.85,55.0,code_match,13364,0.163781281046766,81596.6
26|20|33|016|149|116,10119,6044,4075,148,3.6,2796,2483,10120.0,6044.0,4076.0,2795.0,148.28,1.0,code_match,10119,0.07513896830639565,134670.5
26|20|33|016|149|128,2956,1414,1542,92,3.9,750,734,2956.0,1414.0,1542.0,750.0,91.7,0.0,code_match,2956,0.023644881910660127,125016.5
26|20|33|016|149|136,7941,4179,3762,111,4.4,1823,2641,7948.0,4183.0,3765.0,1823.0,111.1,7.0,code_match,7941,0.06609175995588748,120151.1
26|20|33|016|149|152,2781,1407,1374,102,3.6,781,762,2775.0,1407.0,1368.0,770.0,102.85,-6.0,code_match,2781,0.027301350495507918,101863.1
26|20|33|016|149|236,10335,5851,4484,131,3.6,2847,2887,10334.0,5851.0,4483.0,2847.0,130.52,-1.0,code_match,10335,0.06932418681004127,149082.2
26|20|33|016|149|288,5344,2700,2644,102,3.8,1404,1325,5344.0,2700.0,2644.0,1404.0,102.12,0.0,code_match,5344,0.050068658313434794,106733.4
26|20|33|016|149|296,5757,2920,2837,103,3.4,1703,1452,6150.0,3091.0,3059.0,1800.0,101.05,393.0,code_match,5757,0.05408073699638815,106452.0
26|20|33|016|149|404,6286,4581,1705,269,3.3,1906,1626,6288.0,4581.0,1706.0,1906.0,268.52,2.0,code_match,6286,0.030674366790713063,204926.8
26|20|33|017|149|028,9999,5809,4190,139,3.4,2935,3390,9999.0,5809.0,4190.0,2935.0,138.64,0.0,code_match,9999,0.12269593913103027,81494.1
26|20|33|017|149|041,2182,1222,960,127,3.4,643,688,2188.0,1227.0,961.0,642.0,127.68,6.0,code_match,2182,0.03899511248550245,55955.7
26|20|33|017|149|144,2897,1468,1429,103,3.5,826,695,2908.0,1473.0,1435.0,826.0,102.65,11.0,code_match,2897,0.0839457441593672,34510.4
26|20|33|017|149|228,3488,1929,1559,124,3.0,1173,1203,3491.0,1932.0,1559.0,1173.0,123.93,3.0,code_match,3488,0.06487945947061959,53761.2
26|20|33|017|149|248,10161,5379,4782,113,3.7,2732,2125,10159.0,5379.0,4780.0,2726.0,112.53,-2.0,code_match,10161,0.10415088981990447,97560.4
26|20|33|017|149|328,8393,4969,3424,145,2.9,2908,3244,8415.0,4984.0,3431.0,2907.0,145.26,22.0,code_match,8393,0.1032921297295665,81255.0
26|20|34|055|112|056,4436,2356,2080,113,4.0,1122,950,4436.0,2356.0,2080.0,1122.0,113.27,0.0,code_match,4436,0.07586612491152923,58471.4
26|20|34|055|112|148,21712,11263,10449,108,3.9,5497,4626,21709.0,11263.0,10446.0,5494.0,107.82,-3.0,code_match,21712,0.17066925645041217,127216.8
26|20|34|055|112|188,9488,4897,4591,107,3.8,2504,1688,9487.0,4897.0,4590.0,2503.0,106.69,-1.0,code_match,9488,0.1274764651120357,74429.4
26|20|34|055|112|248,5591,2924,2666,110,4.0,1394,1000,5591.0,2924.0,2666.0,1392.0,109.68,0.0,code_match,5591,0.04242813499272463,131775.8
26|20|34|055|112|256,5777,3092,2685,115,4.1,1411,840,5777.0,3092.0,2685.0,1409.0,115.16,0.0,code_match,5777,0.2164865049538506,26685.3
26|20|34|055|112|268,12523,6844,5679,121,3.9,3236,2690,12523.0,6844.0,5679.0,3233.0,120.51,0.0,code_match,12523,0.1232135285348969,101636.6
26|20|34|055|112|276,16969,9082,7887,115,3.9,4351,4235,16967.0,9081.0,7886.0,4349.0,115.15,-2.0,code_match,16969,0.23710695062616277,71566.9
26|20|34|055|112|372,3488,1833,1655,111,3.9,887,750,3488.0,1833.0,1655.0,887.0,110.76,0.0,code_match,3488,0.05087395966676232,68561.6
26|20|34|055|112|388,8310,4513,3797,119,3.8,2172,1750,8310.0,4513.0,3797.0,2172.0,118.86,0.0,code_match,8310,0.08236426135619841,100893.3
26|20|34|055|150|188,23704,12985,10719,121,4.0,5971,3824,23704.0,12985.0,10719.0,5971.0,121.14,0.0,code_match,23704,0.30766381895912615,77045.1
26|20|34|055|413|188,5210,2890,2318,125,3.7,1419,1045,5210.0,2890.0,2318.0,1417.0,124.68,0.0,code_match,5210,0.3126264584100507,16665.3
26|20|34|055|413|196,9706,5337,4369,122,3.8,2574,1985,9706.0,5337.0,4369.0,2572.0,122.16,0.0,code_match,9706,0.29145027205997837,33302.4
26|20|34|055|523|248,3177,1780,1397,127,4.1,770,550,3177.0,1780.0,1397.0,768.0,127.42,0.0,code_match,3177,0.0921918380317089,34460.8
26|20|34|055|523|368,3016,1622,1394,116,4.0,760,480,3016.0,1622.0,1394.0,760.0,116.36,0.0,code_match,3016,0.08327315352249366,36218.2
26|20|34|055|710|188,1420,774,646,120,4.0,353,112,1420.0,774.0,646.0,353.0,119.81,0.0,code_match,1420,0.03736828721262092,38000.1
26|20|34|055|785|188,9496,5365,4130,130,3.3,2911,2016,9496.0,5365.0,4130.0,2911.0,129.9,0.0,code_match,9496,0.2674898833863894,35500.4
26|20|34|056|411|028,15978,8330,7646,109,3.7,4261,4371,15978.0,8330.0,7646.0,4261.0,108.95,0.0,code_match,15978,0.15505727309272452,103045.8
26|20|34|056|411|054,16631,8894,7737,115,3.6,4582,4562,16631.0,8894.0,7737.0,4577.0,114.95,0.0,code_match,16631,0.1695536067990675,98087.0
26|20|34|056|411|068,7583,3946,3637,109,3.7,2041,1718,7583.0,3946.0,3637.0,2039.0,108.5,0.0,code_match,7583,0.05096879890803098,148777.3
26|20|34|056|411|168,26810,14097,12712,111,3.8,7102,5772,26810.0,14097.0,12712.0,7102.0,110.9,0.0,code_match,26810,0.19413014804313897,138103.2
26|20|34|056|411|316,4118,2158,1960,110,3.8,1071,1418,4117.0,2158.0,1959.0,1071.0,110.16,-1.0,code_match,4118,0.10017226172232942,41109.2
26|20|34|056|411|324,26229,13708,12521,110,3.8,6975,4662,26228.0,13708.0,12520.0,6975.0,109.49,-1.0,code_match,26229,0.25826489534388736,101558.5
26|20|34|056|411|332,25096,13452,11643,116,3.7,6736,5971,25097.0,13453.0,11643.0,6734.0,115.55,1.0,code_match,25096,0.22410968239595264,111980.9
26|20|34|056|523|148,9805,5319,4486,119,3.7,2680,2912,9805.0,5319.0,4486.0,2680.0,118.57,0.0,code_match,9805,0.2813849412831169,34845.5
26|20|34|056|523|308,6600,3610,2990,121,3.7,1799,1674,6599.0,3610.0,2989.0,1798.0,120.78,-1.0,code_match,6600,0.11517856427131463,57302.3
26|20|34|057|035|049,3855,2055,1800,114,4.1,940,932,3855.0,2055.0,1800.0,940.0,114.17,0.0,name_match_fallback,3855,0.05780649295082942,66688.0
26|20|34|057|075|049,4718,2538,2180,116,3.6,1321,1291,4718.0,2538.0,2180.0,1321.0,116.42,0.0,name_match_fallback,4718,0.03155495097317083,149516.9
26|20|34|057|112|133,960,596,364,164,4.1,232,181,960.0,596.0,364.0,232.0,163.74,0.0,code_match,960,0.007159127948555682,134094.5
26|20|34|057|112|502,16526,8745,7781,112,3.7,4442,4355,16526.0,8745.0,7781.0,4441.0,112.39,0.0,code_match,16526,0.13424083353588942,123107.1
26|20|34|057|112|668,3640,2035,1605,127,4.0,915,801,3641.0,2036.0,1605.0,915.0,126.85,1.0,code_match,3640,0.09442621926571725,38548.6
26|20|34|057|345|364,15645,8653,6986,124,3.9,4017,3158,15645.0,8653.0,6986.0,4017.0,123.86,0.0,code_match,15645,0.09906664491289961,157924.0
26|20|34|057|345|409,6394,3495,2899,121,3.9,1653,1250,6395.0,3496.0,2899.0,1652.0,120.59,1.0,code_match,6394,0.08616019988352933,74210.6
26|20|34|057|345|531,3929,2064,1865,111,3.8,1028,958,3929.0,2064.0,1865.0,1028.0,110.67,0.0,code_match,3929,0.08726701476492937,45022.7
26|20|34|057|345|548,3817,1988,1828,109,3.8,995,948,3817.0,1988.0,1828.0,995.0,108.75,0.0,code_match,3817,0.038490056614185066,99168.5
26|20|34|057|411|178,3509,1855,1654,112,3.9,911,838,3509.0,1855.0,1654.0,911.0,112.15,0.0,name_match_fallback,3509,0.09448061783982714,37139.9
26|20|34|057|411|298,6342,3447,2895,119,4.1,1559,1646,6343.0,3448.0,2895.0,1559.0,119.1,1.0,name_match_fallback,6342,0.05759499995505684,110113.7
26|20|34|057|411|372,7303,3906,3397,115,4.1,1792,1684,7303.0,3906.0,3397.0,1790.0,114.98,0.0,name_match_fallback,7303,0.07393128862728804,98780.9
26|20|34|057|411|511,6861,3651,3210,114,4.1,1671,1751,6865.0,3655.0,3210.0,1671.0,113.86,4.0,name_match_fallback,6861,0.1870752095546196,36675.1
26|20|34|057|482|483,5931,3342,2589,129,3.8,1542,2036,5931.0,3342.0,2589.0,1542.0,129.08,0.0,name_match_fallback,5931,0.16342094890837483,36292.8
26|20|36|001|710|208,15659,8432,7227,117,3.8,4159,4400,15670.0,8441.0,7229.0,4159.0,116.77,11.0,code_match,15659,0.16121752045171323,97129.6
26|20|36|001|710|216,28207,15370,12837,120,4.0,7123,7740,28209.0,15371.0,12838.0,7122.0,119.73,2.0,code_match,28207,0.40236401695162616,70103.2
26|20|36|001|710|328,2549,1296,1253,103,3.7,691,750,2549.0,1296.0,1253.0,691.0,103.43,0.0,code_match,2549,0.01168822149537365,218082.8
26|20|36|001|710|408,4384,2337,2047,114,3.8,1154,1244,4384.0,2337.0,2047.0,1154.0,114.17,0.0,code_match,4384,0.021434698599653263,204528.2
26|20|36|001|710|416,19292,10255,9037,114,4.1,4761,4902,19665.0,10384.0,9281.0,4823.0,111.88,373.0,code_match,19292,0.2143380724995212,90007.3
26|20|36|002|261|043,11292,5925,5367,110,4.0,2854,2045,11292.0,5925.0,5367.0,2854.0,110.4,0.0,code_match,11292,0.0804588316434359,140345.1
26|20|36|002|261|068,11705,6136,5569,110,3.9,3022,3398,11705.0,6136.0,5569.0,3022.0,110.18,0.0,code_match,11705,0.1253415630535787,93384.8
26|20|36|002|261|076,23286,12089,11197,108,3.8,6201,6080,23285.0,12089.0,11196.0,6201.0,107.98,-1.0,code_match,23286,0.22465260245545535,103653.4
26|20|36|002|261|268,2199,1290,909,142,3.7,595,590,2744.0,1579.0,1165.0,751.0,135.54,545.0,code_match,2199,0.02965380695819496,74155.7
26|20|36|002|261|308,31959,16642,15317,109,3.8,8455,8905,31954.0,16638.0,15316.0,8447.0,108.63,-5.0,code_match,31959,0.3017455860704517,105913.7
26|20|36|002|261|368,8724,4477,4243,106,3.8,2268,2340,8724.0,4477.0,4243.0,2268.0,105.51,0.0,code_match,8724,0.07356475311530432,118589.4
26|20|36|002|261|376,4396,2292,2104,109,3.7,1180,1155,4396.0,2292.0,2104.0,1180.0,108.94,0.0,code_match,4396,0.029525990973687185,148885.8
26|20|36|002|261|408,11360,5834,5526,106,4.0,2818,2721,11360.0,5834.0,5526.0,2818.0,105.57,0.0,code_match,11360,0.09386767983292289,121021.4
26|20|36|003|485|003,5663,2979,2684,111,3.9,1448,1582,5663.0,2979.0,2684.0,1448.0,110.99,0.0,code_match,5663,0.07074088883745427,80052.7
26|20|36|003|485|004,235,138,97,142,3.2,74,95,235.0,138.0,97.0,74.0,142.27,0.0,code_match,235,0.01010307919471377,23260.2
26|20|36|003|485|005,400,200,200,100,4.1,97,110,400.0,200.0,200.0,97.0,100.0,0.0,code_match,400,0.02072799232239924,19297.6
26|20|36|003|485|068,32563,16872,15691,108,3.8,8461,8179,32562.0,16871.0,15691.0,8456.0,107.52,-1.0,code_match,32563,0.34950658163724746,93168.5
26|20|36|003|485|248,36953,20212,16738,121,3.7,9856,10008,36950.0,20212.0,16735.0,9856.0,120.78,-3.0,code_match,36953,0.5286631801236505,69898.9
26|20|36|003|485|256,15842,8366,7476,112,3.5,4483,4108,15840.0,8366.0,7474.0,4483.0,111.93,-2.0,code_match,15842,0.17083772960629784,92731.3
26|20|36|003|485|264,16147,8657,7490,116,3.6,4546,4006,16146.0,8657.0,7489.0,4544.0,115.6,-1.0,code_match,16147,0.11712379192195314,137862.7
26|20|36|003|485|272,20799,11407,9392,122,3.8,5469,4646,20798.0,11407.0,9391.0,5469.0,121.47,-1.0,code_match,20799,0.2829515157622434,73507.3
26|20|36|003|485|428,11195,5797,5398,107,3.8,2940,3017,11194.0,5797.0,5397.0,2939.0,107.41,-1.0,code_match,11195,0.12798585288251263,87470.6
26|20|36|003|485|436,7747,4180,3567,117,3.8,2058,1733,7747.0,4180.0,3567.0,2046.0,117.19,0.0,code_match,7747,0.08888214427866749,87160.4
26|20|36|003|485|444,6774,3639,3135,116,3.8,1761,1883,6774.0,3639.0,3135.0,1761.0,116.08,0.0,code_match,6774,0.1088036450771336,62258.9
26|20|36|003|485|452,4454,2321,2133,109,3.8,1159,1074,4451.0,2320.0,2131.0,1156.0,108.87,-3.0,code_match,4454,0.0729159309048183,61084.0
26|20|36|003|485|805,1953,1010,943,107,3.8,513,485,1953.0,1010.0,943.0,513.0,107.1,0.0,code_match,1953,0.044988412726623364,43411.2
26|20|36|003|785|057,1,1,0,0,1.0,1,230,895.0,485.0,410.0,224.0,118.29,894.0,name_match_fallback,1,0.08415624506098329,11.9
26|20|36|074|523|205,3804,2029,1775,114,3.6,1070,1163,3798.0,2027.0,1771.0,1070.0,114.46,-6.0,code_match,3804,0.1150428731745532,33065.9
26|20|36|074|523|348,5203,2888,2315,125,3.6,1461,1538,5203.0,2888.0,2315.0,1461.0,124.75,0.0,code_match,5203,0.27427817814835614,18969.8
26|20|36|075|260|028,806,428,378,113,4.5,181,162,806.0,428.0,378.0,181.0,113.23,0.0,code_match,806,0.6018391299122596,1339.2
26|20|36|075|260|036,1341,686,655,105,4.3,313,302,1341.0,686.0,655.0,313.0,104.73,0.0,code_match,1341,0.4955881999123585,2705.9
26|20|36|075|260|068,2562,1344,1218,110,4.4,578,508,2562.0,1344.0,1218.0,578.0,110.34,0.0,code_match,2562,1.839850499292836,1392.5
26|20|36|075|260|108,605,319,286,112,5.2,117,125,605.0,319.0,286.0,117.0,111.54,0.0,code_match,605,0.709781747399596,852.4
26|20|36|075|260|168,868,457,411,111,4.6,189,162,868.0,457.0,411.0,189.0,111.19,0.0,code_match,868,1.389361686096566,624.7
26|20|36|075|262|128,2588,1336,1252,107,4.1,625,492,2588.0,1336.0,1252.0,625.0,106.71,0.0,code_match,2588,1.0709083616215378,2416.6
26|20|36|075|523|037,516,444,72,617,7.8,66,100,516.0,444.0,72.0,66.0,616.67,0.0,code_match,516,0.3597934933886888,1434.2
26|20|36|075|523|228,1096,585,511,115,4.2,262,328,1096.0,585.0,511.0,262.0,114.48,0.0,code_match,1096,0.18393688408979192,5958.6
26|20|36|075|523|268,1147,586,561,105,4.4,261,232,1147.0,586.0,561.0,261.0,104.46,0.0,code_match,1147,0.1138666240427244,10073.2
26|20|36|075|523|368,3701,1940,1761,110,4.1,900,720,3701.0,1940.0,1761.0,900.0,110.16,0.0,code_match,3701,0.4735913971248144,7814.8
26|20|36|075|523|388,2640,1452,1188,122,3.9,676,492,2640.0,1452.0,1188.0,676.0,122.22,0.0,code_match,2640,0.6159059072964823,4286.4
26|20|36|075|523|396,2357,1237,1120,110,3.6,646,641,2357.0,1237.0,1120.0,646.0,110.45,0.0,code_match,2357,0.11892587692212996,19819.1
26|20|36|075|523|404,3657,1979,1678,118,3.8,968,810,3655.0,1978.0,1677.0,967.0,117.95,-2.0,code_match,3657,0.17972123026216416,20348.2
26|20|36|075|523|412,1224,649,575,113,3.9,311,339,1224.0,649.0,575.0,311.0,112.87,0.0,code_match,1224,0.08149905463726125,15018.6
26|20|36|075|523|420,1655,895,760,118,4.1,400,315,1655.0,895.0,760.0,400.0,117.76,0.0,code_match,1655,0.2594073040131142,6379.9
26|20|36|075|523|428,1927,1017,910,112,4.4,434,518,1927.0,1017.0,910.0,434.0,111.76,0.0,code_match,1927,0.3160540619916744,6097.1
26|20|36|075|523|695,1522,937,585,160,4.3,353,369,1522.0,937.0,585.0,353.0,160.17,0.0,code_match,1522,0.09818890206115262,15500.7
26|20|36|075|524|268,3990,2059,1931,107,4.6,868,718,3990.0,2059.0,1931.0,868.0,106.63,0.0,code_match,3990,0.5997684452928299,6652.6
26|20|40|032|149|016,242,179,63,284,3.1,77,59,246.0,182.0,64.0,77.0,284.38,4.0,code_match,242,0.004681580925800391,51691.9
26|20|40|032|149|136,77,46,31,148,4.5,17,37,77.0,46.0,31.0,17.0,148.39,0.0,code_match,77,0.0041973007260573585,18345.1
26|20|40|032|149|172,381,224,157,143,3.9,97,129,381.0,224.0,157.0,97.0,142.68,0.0,code_match,381,0.006081756983639074,62646.4
26|20|40|032|149|224,294,227,67,339,3.6,82,82,294.0,227.0,67.0,82.0,338.81,0.0,code_match,294,0.003353493834154985,87669.8
26|20|40|032|149|244,642,556,86,647,4.1,156,99,649.0,563.0,86.0,156.0,654.65,7.0,code_match,642,0.014828891906754064,43293.9
26|20|40|032|149|448,1355,1033,322,321,4.5,303,151,1366.0,1042.0,324.0,303.0,321.6,11.0,code_match,1355,0.03151431437791103,42996.3
26|20|40|032|149|456,1178,710,468,152,4.2,280,262,1192.0,723.0,469.0,280.0,154.16,14.0,code_match,1178,0.014128365345552344,83378.4
26|20|40|032|149|496,1071,701,370,190,4.2,256,203,1071.0,701.0,370.0,256.0,189.46,0.0,code_match,1071,0.015839213874276302,67617.0
26|20|40|032|149|555,464,344,120,287,3.4,135,129,464.0,344.0,120.0,135.0,286.67,0.0,code_match,464,0.009461208776876898,49042.4
26|20|40|032|149|628,1138,742,396,187,3.6,315,309,1138.0,742.0,396.0,315.0,187.37,0.0,code_match,1138,0.01797582509712091,63307.2
26|20|40|032|149|636,1800,1020,780,131,4.0,445,443,1823.0,1042.0,781.0,445.0,133.42,23.0,code_match,1800,0.03301726487581605,54516.9
26|20|40|032|149|644,460,259,201,129,4.4,105,99,460.0,259.0,201.0,105.0,128.86,0.0,code_match,460,0.008932025122955984,51500.1
26|20|40|036|149|024,1721,1121,600,187,4.7,364,422,1721.0,1121.0,600.0,364.0,186.83,0.0,code_match,1721,0.011234244979839785,153192.3
26|20|40|036|149|056,1389,812,577,141,4.1,336,257,1393.0,815.0,578.0,336.0,141.0,4.0,code_match,1389,0.026928118153834113,51581.8
26|20|40|036|149|236,1577,839,738,114,4.2,372,291,1577.0,839.0,738.0,372.0,113.69,0.0,code_match,1577,0.018201188958814014,86642.7
26|20|40|036|149|308,596,382,214,179,5.0,119,125,596.0,382.0,214.0,119.0,178.5,0.0,code_match,596,0.010795245986160487,55209.5
26|20|40|036|149|372,2723,1585,1138,139,3.9,693,608,2723.0,1585.0,1138.0,693.0,139.28,0.0,code_match,2723,0.008395041017975946,324358.2
26|20|40|036|149|408,2303,1323,980,135,3.8,604,626,2302.0,1323.0,979.0,601.0,135.14,-1.0,code_match,2303,0.006438596396788504,357686.7
26|20|40|036|149|416,1805,915,890,103,4.1,439,416,1805.0,915.0,890.0,439.0,102.81,0.0,code_match,1805,0.01891450761952115,95429.4
26|20|40|036|149|424,1433,793,640,124,4.0,357,280,1433.0,793.0,640.0,356.0,123.91,0.0,code_match,1433,0.007951907205987747,180208.3
26|20|40|036|149|428,2157,1827,330,554,5.5,392,193,2157.0,1827.0,330.0,392.0,553.64,0.0,code_match,2157,0.00699325624274082,308440.0
26|20|40|036|149|464,2259,1156,1103,105,3.9,572,628,2259.0,1156.0,1103.0,572.0,104.81,0.0,code_match,2259,0.018972242481047296,119068.7
26|20|40|036|149|488,1664,1021,643,159,4.5,368,375,1664.0,1021.0,643.0,368.0,158.79,0.0,code_match,1664,0.017266013303451854,96374.3
26|20|40|036|149|528,1414,748,666,112,4.2,340,335,1414.0,748.0,666.0,340.0,112.31,0.0,code_match,1414,0.005173141859592286,273334.9
26|20|40|036|149|594,952,560,392,143,4.0,241,211,952.0,560.0,392.0,241.0,142.86,0.0,code_match,952,0.008645842330613236,110110.7
26|20|40|036|149|668,305,167,138,121,7.1,43,45,308.0,170.0,138.0,43.0,123.19,3.0,code_match,305,0.014986277593471601,20352.0
26|20|40|036|149|742,3430,2019,1411,143,4.0,863,726,3430.0,2019.0,1411.0,862.0,143.09,0.0,code_match,3430,0.02128893830132888,161116.5
26|20|40|037|149|049,2244,1612,632,255,3.8,597,517,2246.0,1614.0,632.0,597.0,255.38,2.0,code_match,2244,0.04144150384254234,54148.6
26|20|40|037|149|128,162,80,82,98,4.8,34,12,221.0,138.0,83.0,34.0,166.27,59.0,code_match,162,0.05279304084415557,3068.6
26|20|40|037|149|164,93,93,0,0,4.4,21,18,97.0,97.0,0.0,21.0,0.0,4.0,code_match,93,0.01835275605370757,5067.4
26|20|40|037|149|228,649,404,245,165,3.9,165,145,649.0,404.0,245.0,165.0,164.9,0.0,code_match,649,0.004532239427755621,143196.3
26|20|40|037|149|252,339,181,158,115,3.8,89,115,339.0,181.0,158.0,89.0,114.56,0.0,code_match,339,0.01045411221113342,32427.4
26|20|40|037|149|316,913,738,175,422,7.0,130,129,957.0,774.0,183.0,130.0,422.95,44.0,code_match,913,0.051961567010394547,17570.7
26|20|40|037|149|348,1462,869,593,147,4.3,340,215,1462.0,869.0,593.0,340.0,146.54,0.0,code_match,1462,0.025804018338579995,56657.8
26|20|40|037|149|356,531,436,95,459,4.3,124,43,770.0,675.0,95.0,146.0,710.53,239.0,code_match,531,0.006104120749319317,86990.4
26|20|40|037|149|364,2012,118,1894,6,35.9,56,59,2012.0,118.0,1894.0,50.0,6.23,0.0,code_match,2012,0.03746106134468034,53709.1
26|20|40|037|149|372,270,167,103,162,4.4,62,45,270.0,167.0,103.0,62.0,162.14,0.0,code_match,270,0.020419685196324734,13222.5
26|20|40|037|149|432,1024,641,383,167,4.4,232,185,1024.0,641.0,383.0,232.0,167.36,0.0,code_match,1024,0.012603855846183903,81245.0
26|20|40|037|149|472,2181,1116,1065,105,4.0,546,688,2181.0,1116.0,1065.0,546.0,104.79,0.0,code_match,2181,0.008554215051274771,254962.0
26|20|40|037|149|480,1954,1087,867,125,5.4,359,220,1962.0,1094.0,868.0,359.0,126.04,8.0,code_match,1954,0.016750240328796698,116655.0
26|20|42|023|301|041,4070,2204,1866,118,4.0,1030,818,4070.0,2204.0,1866.0,1030.0,118.11,0.0,code_match,4070,0.022534499112124743,180612.0
26|20|42|023|301|068,5846,3087,2759,112,3.8,1532,1316,5846.0,3087.0,2759.0,1532.0,111.89,0.0,code_match,5846,0.03599982693064794,162389.7
26|20|42|023|301|156,4164,2171,1993,109,3.3,1271,1067,4164.0,2171.0,1993.0,1271.0,108.93,0.0,code_match,4164,0.026102970366179246,159522.1
26|20|42|023|301|164,2277,1209,1068,113,3.8,592,665,2277.0,1209.0,1068.0,592.0,113.2,0.0,code_match,2277,0.018532035670448074,122868.3
26|20|42|023|301|208,1280,657,623,106,3.8,334,304,1280.0,657.0,623.0,334.0,105.46,0.0,code_match,1280,0.008469666871102491,151127.5
26|20|42|023|301|236,5637,2871,2766,104,3.7,1527,1256,5639.0,2872.0,2767.0,1527.0,103.79,2.0,code_match,5637,0.04874839369365551,115634.6
26|20|42|023|301|252,1681,862,819,105,3.7,459,288,1681.0,862.0,819.0,459.0,105.25,0.0,code_match,1681,0.015750649873291393,106725.8
26|20|42|023|301|268,1593,823,770,107,3.7,428,350,1593.0,823.0,770.0,428.0,106.88,0.0,code_match,1593,0.015299029862040858,104124.2
26|20|42|023|301|276,481,233,248,94,3.6,134,202,481.0,233.0,248.0,134.0,93.95,0.0,code_match,481,0.004266779508721167,112731.4
26|20|42|023|301|288,3348,1867,1481,126,3.4,993,1051,3348.0,1867.0,1481.0,993.0,126.06,0.0,code_match,3348,0.04206522317677713,79590.7
26|20|42|023|301|296,2966,1559,1407,111,4.0,733,805,2966.0,1559.0,1407.0,733.0,110.8,0.0,code_match,2966,0.0356745502895559,83140.5
26|20|42|023|301|404,95,50,45,111,2.4,40,49,95.0,50.0,45.0,40.0,111.11,0.0,code_match,95,0.004001324137887227,23742.1
26|20|42|023|522|268,11986,6577,5409,122,3.9,3054,2431,11995.0,6580.0,5415.0,3054.0,121.51,9.0,code_match,11986,0.1907822018765512,62825.6
26|20|42|023|522|308,1574,764,810,94,3.6,441,349,1575.0,764.0,811.0,441.0,94.2,1.0,code_match,1574,0.011784846129666257,133561.4
26|20|42|024|301|188,15389,7898,7491,105,3.9,3927,4099,15389.0,7898.0,7491.0,3927.0,105.43,0.0,code_match,15389,0.11043339362979493,139351.0
26|20|42|024|301|376,19055,10277,8778,117,4.0,4780,5039,19059.0,10279.0,8780.0,4779.0,117.07,4.0,code_match,19055,0.16121731079833274,118194.5
26|20|42|024|301|388,29821,15709,14112,111,3.8,7871,8545,29829.0,15714.0,14115.0,7862.0,111.33,8.0,code_match,29821,0.19223879427385737,155124.8
26|20|42|025|301|016,1257,703,554,127,3.5,356,356,1257.0,703.0,554.0,356.0,126.9,0.0,code_match,1257,0.012474728605713432,100763.7
26|20|42|025|301|128,1857,952,905,105,3.8,491,371,1857.0,952.0,905.0,491.0,105.19,0.0,code_match,1857,0.010086253412149093,184112.0
26|20|42|025|301|148,1256,672,584,115,4.3,290,257,1256.0,672.0,584.0,290.0,115.07,0.0,code_match,1256,0.009726604956701159,129130.4
26|20|42|025|301|150,2280,1139,1141,100,4.1,555,486,2280.0,1139.0,1141.0,555.0,99.82,0.0,code_match,2280,0.01831182282786978,124509.7
26|20|42|025|301|196,5186,2623,2563,102,3.9,1325,1125,5187.0,2625.0,2562.0,1325.0,102.46,1.0,code_match,5186,0.05743522825035146,90293.0
26|20|42|025|301|216,4205,2285,1920,119,4.2,1012,737,4202.0,2284.0,1918.0,1012.0,119.08,-3.0,code_match,4205,0.035492353856936006,118476.2
26|20|42|025|301|228,397,207,190,109,4.3,92,8,397.0,207.0,190.0,92.0,108.95,0.0,code_match,397,0.07187416353852469,5523.5
26|20|42|025|301|244,4805,2657,2148,124,3.4,1419,1083,4805.0,2657.0,2148.0,1419.0,123.7,0.0,code_match,4805,0.06333463592589428,75866.9
26|20|42|025|301|304,2405,1225,1180,104,3.9,617,494,2405.0,1225.0,1180.0,617.0,103.81,0.0,code_match,2405,0.01114674427282825,215758.1
26|20|42|025|301|328,476,270,206,131,3.5,136,122,476.0,270.0,206.0,136.0,131.07,0.0,code_match,476,0.006827955676173914,69713.4
26|20|42|025|301|368,465,256,209,123,3.2,147,114,465.0,256.0,209.0,147.0,122.49,0.0,code_match,465,0.01005017458765302,46267.9
26|20|42|025|301|396,4322,2187,2135,102,3.7,1174,967,4322.0,2187.0,2135.0,1174.0,102.44,0.0,code_match,4322,0.07444791722363676,58054.0
26|20|42|025|301|412,2511,1250,1261,99,3.8,664,479,2511.0,1250.0,1261.0,664.0,99.13,0.0,code_match,2511,0.018754015254699524,133891.3
26|20|42|026|447|016,1741,1036,705,147,4.3,407,194,1712.0,1012.0,700.0,399.0,144.57,-29.0,code_match,1741,0.08151459338144837,21358.1
26|20|42|026|447|024,8596,4402,4194,105,3.5,2457,2201,8619.0,4416.0,4203.0,2456.0,105.07,23.0,code_match,8596,0.09447506062025846,90987.0
26|20|42|026|447|028,2228,1174,1054,111,3.5,643,600,2228.0,1174.0,1054.0,642.0,111.39,0.0,code_match,2228,0.043635791541706874,51059.0
26|20|42|026|447|112,3642,1907,1735,110,3.8,968,985,3642.0,1908.0,1734.0,968.0,110.03,0.0,code_match,3642,0.04507407772809195,80800.3
26|20|42|026|447|148,519,39,480,8,14.0,37,19,521.0,40.0,481.0,31.0,8.32,2.0,code_match,519,0.04056233314854162,12795.1
26|20|42|026|447|150,95,94,1,9400,1.0,95,1,97.0,96.0,1.0,95.0,9600.0,2.0,code_match,95,0.003610641028441081,26311.1
26|20|42|026|447|191,4274,97,4177,2,43.2,99,48,4286.0,106.0,4180.0,60.0,2.54,12.0,code_match,4274,0.08767893577763804,48746.0
26|20|42|026|447|308,646,315,331,95,3.3,194,207,646.0,315.0,331.0,193.0,95.17,0.0,code_match,646,0.019928187881962288,32416.4
26|20|42|026|447|348,5885,3132,2753,114,4.0,1485,1335,5886.0,3133.0,2753.0,1485.0,113.8,1.0,code_match,5885,0.058669841869805166,100307.1
26|20|42|026|447|416,3164,1690,1474,115,3.7,856,630,3168.0,1693.0,1475.0,856.0,114.78,4.0,code_match,3164,0.01511808101566911,209285.8
26|20|42|026|447|417,9340,4207,5133,82,3.6,2569,2815,9347.0,4210.0,5137.0,2563.0,81.95,7.0,code_match,9340,0.09509994998843123,98212.5
26|20|42|026|447|432,1086,488,598,82,4.2,260,230,1087.0,489.0,598.0,260.0,81.77,1.0,code_match,1086,0.013135877236574655,82674.3
26|20|42|026|447|448,295,149,146,102,3.8,77,80,295.0,149.0,146.0,77.0,102.05,0.0,code_match,295,0.004398388904795378,67070.0
26|20|42|026|447|805,1684,844,840,101,4.2,405,430,1784.0,904.0,880.0,421.0,102.73,100.0,code_match,1684,0.18202798295945935,9251.3
26|20|54|008|593|028,136,78,58,135,3.6,38,30,136.0,78.0,58.0,38.0,134.48,0.0,code_match,136,0.014407842561228726,9439.3
26|20|54|008|593|068,14594,9874,4692,210,3.2,4498,4270,14594.0,9874.0,4692.0,4488.0,210.44,0.0,code_match,14594,0.10801891979336306,135106.0
26|20|54|008|593|128,9911,5490,4421,124,3.8,2589,2277,9911.0,5490.0,4421.0,2582.0,124.18,0.0,code_match,9911,0.12629285135997748,78476.3
26|20|54|008|593|224,146,137,9,1522,6.1,24,50,238.0,210.0,28.0,24.0,750.0,92.0,code_match,146,0.5209671517496173,280.2
26|20|54|008|593|248,215,144,71,203,3.6,60,30,215.0,144.0,71.0,60.0,202.82,0.0,code_match,215,0.022883995589419292,9395.2
26|20|54|008|593|368,295,161,134,120,3.6,82,80,295.0,161.0,134.0,82.0,120.15,0.0,code_match,295,0.01763264576147456,16730.3
26|20|54|008|593|408,7435,4271,3164,135,4.1,1805,1678,7474.0,4303.0,3171.0,1797.0,135.7,39.0,code_match,7435,0.09148912846945208,81266.5
26|20|54|009|482|028,1032,620,412,151,4.6,225,291,1057.0,633.0,424.0,224.0,149.29,25.0,code_match,1032,0.2750408983038545,3752.2
26|20|54|009|482|063,11166,8040,3126,257,3.4,3287,2854,11180.0,8049.0,3131.0,3278.0,257.07,14.0,code_match,11166,0.1379382894646685,80949.2
26|20|54|009|482|068,309,268,41,654,1.6,193,102,320.0,277.0,43.0,193.0,644.19,11.0,code_match,309,0.1065790299106736,2899.3
26|20|54|009|482|108,15252,10989,4261,258,3.5,4316,3421,15328.0,11051.0,4275.0,4316.0,258.5,76.0,code_match,15252,0.12431360116139926,122689.7
26|20|54|009|482|116,945,625,320,195,4.0,238,204,952.0,632.0,320.0,238.0,197.5,7.0,code_match,945,0.00514320006716758,183737.7
26|20|54|009|482|256,1372,1241,131,947,5.4,256,256,1459.0,1326.0,133.0,256.0,996.99,87.0,code_match,1372,0.3389603302353873,4047.7
26|20|54|010|482|036,975,482,493,98,4.3,225,250,987.0,490.0,497.0,225.0,98.59,12.0,code_match,975,0.04604881867190689,21173.2
26|20|54|010|482|248,14859,7780,7078,110,4.2,3577,3786,15044.0,7907.0,7136.0,3546.0,110.8,185.0,code_match,14859,0.32050603375591497,46361.1
26|20|54|010|482|308,2772,1472,1300,113,3.9,704,850,2794.0,1489.0,1305.0,697.0,114.1,22.0,code_match,2772,0.04731150032410519,58590.4
26|20|54|010|482|388,1574,900,674,134,3.8,409,476,1604.0,926.0,678.0,397.0,136.58,30.0,code_match,1574,0.05293925901338908,29732.2
26|20|57|006|597|028,2283,1191,1092,109,3.9,591,720,2283.0,1191.0,1092.0,591.0,109.07,0.0,code_match,2283,0.015136885129462872,150823.6
26|20|57|006|597|068,24141,13028,11113,117,3.8,6429,6436,24140.0,13028.0,11112.0,6417.0,117.24,-1.0,code_match,24141,0.19936807236653567,121087.6
26|20|57|006|597|188,8874,4621,4253,109,3.9,2277,2032,8875.0,4621.0,4254.0,2277.0,108.63,1.0,code_match,8874,0.15067529961122414,58894.9
26|20|57|006|597|208,7770,4029,3741,108,3.6,2149,1941,7770.0,4029.0,3741.0,2149.0,107.7,0.0,code_match,7770,0.0575353928551333,135047.3
26|20|57|006|597|248,12764,6598,6166,107,3.9,3303,2920,12764.0,6598.0,6166.0,3303.0,107.01,0.0,code_match,12764,0.07298577670218989,174883.4
26|20|57|006|597|256,2578,1394,1184,118,3.8,679,867,2578.0,1394.0,1184.0,679.0,117.74,0.0,code_match,2578,0.010805278710080603,238587.1
26|20|57|006|597|308,289,163,126,129,3.4,85,80,289.0,163.0,126.0,85.0,129.37,0.0,code_match,289,0.002930287989740053,98625.1
26|20|57|006|597|408,6821,3706,3115,119,3.6,1884,1585,6821.0,3706.0,3115.0,1884.0,118.97,0.0,code_match,6821,0.06329020650939489,107773.4
26|20|57|006|597|448,1379,732,647,113,3.8,364,414,1379.0,732.0,647.0,364.0,113.14,0.0,code_match,1379,0.009130714591023615,151028.7
26|20|57|006|597|508,5296,2768,2528,110,3.8,1385,1290,5296.0,2768.0,2528.0,1385.0,109.49,0.0,code_match,5296,0.03261934129990845,162357.7
26|20|57|007|075|248,3722,2138,1584,135,3.9,945,990,3722.0,2138.0,1584.0,943.0,134.97,0.0,code_match,3722,0.031304328100022906,118897.3
26|20|57|007|075|308,3859,2232,1627,137,3.9,986,980,3858.0,2232.0,1626.0,981.0,137.27,-1.0,code_match,3859,0.032245876899152454,119674.2
26|20|57|007|075|316,17112,9474,7637,124,4.0,4319,4481,17109.0,9474.0,7634.0,4306.0,124.1,-3.0,code_match,17112,0.2270544998402626,75365.2
26|20|57|007|075|408,25937,13981,11955,117,4.1,6397,6714,25933.0,13981.0,11951.0,6391.0,116.99,-4.0,code_match,25937,0.19952064719786697,129996.6
26|20|57|007|409|208,5803,3207,2596,124,3.7,1565,1671,5802.0,3207.0,2595.0,1564.0,123.58,-1.0,code_match,5803,0.03327183680988546,174411.8
26|20|57|071|484|068,52835,28015,24811,113,3.5,14978,10718,52781.0,27979.0,24794.0,14977.0,112.85,-54.0,code_match,52835,0.6440005180637512,82041.9
26|20|57|072|484|408,27591,14526,13065,111,3.7,7465,6268,27574.0,14511.0,13063.0,7459.0,111.08,-17.0,code_match,27591,1.941612168933186,14210.4
26|20|63|018|149|028,1787,221,1566,14,25.5,70,1,1787.0,221.0,1566.0,67.0,14.11,0.0,code_match,1787,0.03230408753283466,55318.1
26|20|63|018|149|044,8418,5337,3081,173,5.3,1603,1374,8418.0,5337.0,3081.0,1603.0,173.22,0.0,code_match,8418,0.9121355657639972,9228.9
26|20|63|018|149|048,4970,3694,1276,290,6.9,716,840,4980.0,3702.0,1278.0,713.0,289.67,10.0,code_match,4970,0.19648395589136908,25294.7
26|20|63|018|149|072,1331,1172,159,737,3.5,378,332,1331.0,1172.0,159.0,378.0,737.11,0.0,code_match,1331,0.012577594915026304,105823.1
26|20|63|018|149|088,13989,7723,6257,123,4.1,3416,3240,14016.0,7745.0,6261.0,3416.0,123.7,27.0,code_match,13989,0.21324889454947915,65599.4
26|20|63|018|149|208,1388,436,952,46,5.8,239,201,1394.0,441.0,953.0,239.0,46.27,6.0,code_match,1388,0.03663597197000634,37886.3
26|20|63|018|149|248,3706,1909,1797,106,4.3,871,970,3716.0,1919.0,1797.0,871.0,106.79,10.0,code_match,3706,0.10235144940266398,36208.6
26|20|63|018|149|268,6158,3472,2686,129,4.2,1473,1302,6172.0,3485.0,2687.0,1473.0,129.7,14.0,code_match,6158,0.10728602612643735,57398.0
26|20|63|018|149|276,626,310,316,98,4.0,155,240,631.0,315.0,316.0,155.0,99.68,5.0,code_match,626,0.07155456529681305,8748.6
26|20|63|018|149|284,324,205,119,172,4.3,75,120,324.0,205.0,119.0,75.0,172.27,0.0,code_match,324,0.005552079587238672,58356.5
26|20|63|018|149|292,1408,903,505,179,3.9,360,297,1415.0,910.0,505.0,360.0,180.2,7.0,code_match,1408,0.03778620735364056,37262.3
26|20|63|018|149|388,8391,4406,3985,111,4.0,2087,1790,8392.0,4407.0,3985.0,2087.0,110.59,1.0,code_match,8391,0.08989278189593891,93344.5
26|20|63|018|149|396,1631,1085,546,199,3.9,420,426,1644.0,1097.0,547.0,420.0,200.55,13.0,code_match,1631,0.06761378416887015,24122.3
26|20|65|013|594|028,0,0,0,0,0.0,0,1,137.0,131.0,6.0,46.0,2183.33,137.0,code_match,137,0.041165107703836155,3328.1
26|20|65|013|594|036,901,492,409,120,3.8,237,215,901.0,492.0,409.0,237.0,120.29,0.0,code_match,901,0.043351735245470174,20783.5
26|20|65|013|594|048,6883,3504,3379,104,4.0,1721,1707,6882.0,3504.0,3378.0,1712.0,103.73,-1.0,code_match,6883,0.06721170300946132,102407.8
26|20|65|013|594|128,0,0,0,0,0.0,0,1,59.0,46.0,13.0,14.0,353.85,59.0,code_match,59,0.036317182396592894,1624.6
26|20|65|013|594|136,0,0,0,0,0.0,0,10,14.0,12.0,2.0,2.0,600.0,14.0,code_match,14,0.08125921264174214,172.3
26|20|65|013|594|268,8318,5047,3271,154,4.2,1980,1719,8347.0,5076.0,3271.0,1978.0,155.18,29.0,code_match,8318,0.12032940592697855,69126.9
26|20|65|013|594|308,3064,1682,1382,122,3.6,842,706,3066.0,1684.0,1382.0,842.0,121.85,2.0,code_match,3064,0.13988944846156348,21903.0
26|20|65|013|594|316,5993,3433,2560,134,3.7,1610,1507,5993.0,3433.0,2560.0,1605.0,134.1,0.0,code_match,5993,0.13046457114991222,45935.8
26|20|65|013|594|348,5571,4531,1040,436,13.2,422,233,5522.0,4486.0,1036.0,421.0,433.01,-49.0,code_match,5571,0.1556473998537634,35792.4
26|20|65|013|594|368,19428,9993,9435,106,4.1,4703,4808,20222.0,10408.0,9814.0,4912.0,106.05,794.0,code_match,19428,0.24000904208460386,80947.0
26|20|65|013|594|376,1195,799,396,202,6.4,188,211,1195.0,799.0,396.0,187.0,201.77,0.0,code_match,1195,0.05339299630444236,22381.2
26|20|65|013|594|384,0,0,0,0,0.0,0,5,247.0,191.0,56.0,5.0,341.07,247.0,code_match,247,0.15889285400685713,1554.5
26|20|65|019|410|208,1240,633,607,104,3.6,341,320,1241.0,634.0,607.0,341.0,104.45,1.0,code_match,1240,0.03495751824373445,35471.6
26|20|65|020|668|028,42,42,0,0,3.8,11,10,88.0,82.0,6.0,11.0,1366.67,46.0,code_match,42,0.0408882439360251,1027.2
26|20|66|019|076|056,1662,685,977,70,4.2,394,360,1662.0,685.0,977.0,394.0,70.11,0.0,code_match,1662,0.03190583336220255,52090.8
26|20|66|019|076|268,10565,5277,5288,100,4.0,2640,2472,10569.0,5280.0,5289.0,2606.0,99.83,4.0,code_match,10565,0.28554099992505455,36999.9
26|20|66|019|410|028,1930,1191,739,161,3.5,552,496,1930.0,1191.0,739.0,552.0,161.16,0.0,code_match,1930,0.06050103114618972,31900.3
26|20|66|019|410|048,3923,1968,1955,101,3.5,1137,1010,3937.0,1981.0,1956.0,1137.0,101.28,14.0,code_match,3923,0.13298771704712578,29499.0
26|20|66|019|410|148,1080,625,455,137,7.1,153,245,1097.0,641.0,456.0,153.0,140.57,17.0,code_match,1080,0.29855055236670824,3617.5
26|25|11|010|479|136,9054,5374,3679,146,2.8,3229,3219,9054.0,5374.0,3679.0,3229.0,146.07,0.0,code_match,9054,0.31555698886388955,28692.1
26|25|11|010|516|108,20614,10999,9615,114,3.6,5754,5707,20617.0,11001.0,9616.0,5754.0,114.4,3.0,code_match,20614,0.22828990936441731,90297.5
26|25|11|012|595|076,2575,1513,1062,143,4.5,571,751,2576.0,1514.0,1062.0,571.0,142.56,1.0,code_match,2575,0.17240713134001998,14935.6
26|25|11|012|595|388,23957,12414,11543,108,4.0,5996,6069,23962.0,12419.0,11543.0,5995.0,107.59,5.0,code_match,23957,0.1967051759371441,121791.4
26|25|11|012|595|715,3762,1903,1859,102,4.2,888,872,3762.0,1903.0,1859.0,888.0,102.37,0.0,code_match,3762,0.06464489129480777,58194.9
26|25|11|012|709|725,11473,6368,5105,125,4.1,2781,2758,11590.0,6466.0,5124.0,2781.0,126.19,117.0,code_match,11473,0.16503183626165221,69519.9
26|25|16|034|712|248,10194,5765,4428,130,3.6,2857,2948,10194.0,5765.0,4428.0,2856.0,130.19,0.0,code_match,10194,0.10459594838943556,97460.8
26|25|16|034|712|368,16585,9229,7356,126,3.6,4568,4140,16596.0,9238.0,7358.0,4557.0,125.55,11.0,code_match,16585,0.19679389534917413,84276.0
26|25|21|015|149|068,11880,6369,5511,116,3.7,3236,3269,11879.0,6369.0,5510.0,3209.0,115.59,-1.0,code_match,11880,0.2078176081716657,57165.5
26|25|64|002|784|456,5293,2969,2323,128,4.2,1271,1574,5276.0,2967.0,2308.0,1271.0,128.55,-17.0,code_match,5293,0.11778284310680989,44938.6
26|25|64|002|784|464,12611,6669,5942,112,3.8,3350,3796,12611.0,6669.0,5942.0,3330.0,112.23,0.0,code_match,12611,0.19330031113921117,65240.5
26|25|64|002|784|472,21814,11632,10181,114,3.3,6573,7064,21816.0,11634.0,10181.0,6562.0,114.27,2.0,code_match,21814,0.16092570860659694,135553.2
26|25|64|002|784|480,12929,6851,6078,113,3.3,3940,3372,12928.0,6850.0,6078.0,3938.0,112.7,-1.0,code_match,12929,0.09251256631521473,139754.0
26|25|64|002|784|488,29289,15716,13573,116,3.6,8156,8016,29287.0,15716.0,13571.0,8122.0,115.81,-2.0,code_match,29289,0.21715154849677729,134878.2
26|25|64|002|784|496,7112,3442,3670,94,3.6,1953,2087,7114.0,3444.0,3670.0,1953.0,93.84,2.0,code_match,7112,0.05431571622311939,130938.2
26|25|64|003|784|368,8275,4432,3843,115,3.9,2114,2019,8277.0,4433.0,3844.0,2114.0,115.32,2.0,code_match,8275,0.16703683902143351,49540.0
26|25|64|003|784|376,19560,10438,9117,115,3.9,4972,4873,19559.0,10438.0,9116.0,4971.0,114.5,-1.0,code_match,19560,0.2075221878316562,94255.0
26|25|64|003|784|408,22014,11444,10570,108,3.9,5612,5522,22014.0,11444.0,10570.0,5612.0,108.27,0.0,code_match,22014,0.16826936257375563,130826.0
26|20|66|019|410|208,2606,1267,1339,95,4.4,591,510,2614.0,1275.0,1339.0,591.0,95.22,8.0,code_match,2606,0.0980116233008614,26588.7
26|20|66|019|410|248,657,436,221,197,4.0,164,165,657.0,436.0,221.0,164.0,197.29,0.0,code_match,657,0.13348850212624438,4921.8
26|20|66|019|410|368,1222,644,578,111,4.1,297,345,1226.0,648.0,578.0,297.0,112.11,4.0,code_match,1222,0.062056525886495566,19691.7
26|20|66|019|707|308,5052,2600,2452,106,3.4,1487,1383,5076.0,2615.0,2461.0,1487.0,106.26,24.0,code_match,5052,0.08575840596640348,58909.7
26|20|66|019|709|028,2757,1153,1604,72,4.0,696,705,2757.0,1153.0,1604.0,696.0,71.88,0.0,code_match,2757,0.03577233306354307,77070.7
26|20|66|019|709|036,1540,824,716,115,3.6,427,450,1540.0,824.0,716.0,427.0,115.08,0.0,code_match,1540,0.0799121603610057,19271.2
26|20|66|019|709|076,7706,3370,4336,78,4.1,1888,1906,7733.0,3388.0,4345.0,1884.0,77.97,27.0,code_match,7706,0.2142352393798794,35969.8
26|20|66|019|709|368,3204,1459,1745,84,3.7,856,806,3204.0,1459.0,1745.0,853.0,83.61,0.0,code_match,3204,0.04170326082284687,76828.5
26|20|66|019|709|376,1444,635,809,79,4.1,355,350,1444.0,635.0,809.0,355.0,78.49,0.0,code_match,1444,0.014595101112397705,98937.3
26|20|66|019|709|384,3320,1491,1829,82,3.5,945,876,3320.0,1491.0,1829.0,945.0,81.52,0.0,code_match,3320,0.031920825225567294,104007.3
26|20|66|019|709|716,7985,3635,4350,84,3.9,2051,1856,7993.0,3638.0,4355.0,2048.0,83.54,8.0,code_match,7985,0.12170310629193247,65610.5
26|20|68|004|669|028,6756,3623,3133,116,3.6,1874,2078,6756.0,3623.0,3133.0,1874.0,115.64,0.0,code_match,6756,0.04587381469995892,147273.6
26|20|68|004|669|068,4178,2138,2040,105,3.9,1081,1200,4178.0,2138.0,2040.0,1080.0,104.8,0.0,code_match,4178,0.08246415633667992,50664.4
26|20|68|004|669|248,13975,7354,6621,111,3.9,3557,3800,13975.0,7354.0,6621.0,3557.0,111.07,0.0,code_match,13975,0.1701984387351912,82110.0
26|20|68|004|669|250,8730,4545,4185,109,3.9,2234,2314,8730.0,4545.0,4185.0,2234.0,108.6,0.0,code_match,8730,0.06477996030742465,134763.9
26|20|68|004|669|256,9072,4612,4460,103,4.0,2242,2492,9072.0,4612.0,4460.0,2236.0,103.41,0.0,code_match,9072,0.17929275656489438,50598.8
26|20|68|004|669|276,1983,1028,955,108,4.0,495,700,2288.0,1183.0,1105.0,578.0,107.06,305.0,code_match,1983,0.014869121409153037,133363.6
26|20|68|004|669|308,4720,2438,2282,107,3.9,1223,1350,4720.0,2438.0,2282.0,1223.0,106.84,0.0,code_match,4720,0.042126571039943835,112043.3
26|20|68|004|669|316,9014,4646,4368,106,3.8,2351,2522,9014.0,4646.0,4368.0,2346.0,106.36,0.0,code_match,9014,0.10843865848250983,83125.3
26|20|68|004|669|332,10072,5309,4763,112,4.0,2493,2875,10072.0,5309.0,4763.0,2493.0,111.46,0.0,code_match,10072,0.10851633548453789,92815.5
26|20|68|004|669|428,14928,7830,7098,110,4.0,3697,3938,14925.0,7830.0,7095.0,3675.0,110.36,-3.0,code_match,14928,0.11868938121223428,125773.7
26|20|68|004|669|444,4173,2178,1995,109,3.9,1059,1123,4173.0,2178.0,1995.0,1057.0,109.17,0.0,code_match,4173,0.03620989446057855,115244.7
26|20|68|005|669|049,10001,5247,4754,110,3.9,2562,1889,10001.0,5247.0,4754.0,2560.0,110.37,0.0,code_match,10001,0.07017856367622047,142507.9
26|20|68|005|669|208,15337,7876,7461,106,4.1,3780,3159,15337.0,7876.0,7461.0,3780.0,105.56,0.0,code_match,15337,0.21261507071495156,72135.1
26|20|68|005|669|264,7489,4138,3351,124,4.2,1789,1722,7485.0,4135.0,3350.0,1789.0,123.43,-4.0,code_match,7489,0.08451170842409202,88614.9
26|20|68|005|669|324,10037,5168,4869,106,3.8,2622,2330,10037.0,5168.0,4869.0,2622.0,106.14,0.0,code_match,10037,0.11813228214236372,84964.1
26|20|68|005|669|368,22378,11785,10590,111,3.8,5951,4463,22371.0,11779.0,10589.0,5945.0,111.24,-7.0,code_match,22378,0.4256137055780177,52578.2
26|20|68|005|669|388,3662,1992,1670,119,4.2,882,790,3662.0,1992.0,1670.0,882.0,119.28,0.0,code_match,3662,0.04089093455553186,89555.3
26|20|68|005|669|396,496,286,210,136,3.9,126,130,496.0,286.0,210.0,126.0,136.19,0.0,code_match,496,0.009022411006737835,54974.2
26|20|68|073|037|070,1767,918,849,108,4.1,431,240,1767.0,918.0,849.0,431.0,108.13,0.0,code_match,1767,1.0058367791417444,1756.7
26|20|68|073|149|028,2844,1463,1381,106,3.6,797,620,2844.0,1463.0,1381.0,797.0,105.94,0.0,code_match,2844,0.1849387889123638,15378.1
26|20|68|073|149|068,18447,9463,8984,105,3.8,4872,4243,18444.0,9462.0,8982.0,4872.0,105.34,-3.0,code_match,18447,0.40174334368854026,45917.4
26|20|68|073|149|076,1361,727,634,115,4.0,342,210,1361.0,727.0,634.0,342.0,114.67,0.0,code_match,1361,0.046030135805528005,29567.6
26|20|68|073|149|188,542,246,296,83,4.2,130,100,542.0,246.0,296.0,130.0,83.11,0.0,code_match,542,0.2365859139145085,2290.9
26|20|68|073|149|208,5405,2880,2525,114,4.0,1359,1026,5405.0,2880.0,2525.0,1358.0,114.06,0.0,code_match,5405,0.17030930284315096,31736.4
26|20|68|073|149|248,2525,1297,1228,106,3.5,721,690,2525.0,1297.0,1228.0,721.0,105.62,0.0,code_match,2525,0.41959646045389304,6017.7
26|20|68|073|149|256,428,214,214,100,4.3,99,100,428.0,214.0,214.0,99.0,100.0,0.0,code_match,428,0.14059019324882716,3044.3
26|20|68|073|149|268,3233,1710,1523,112,3.8,852,830,3233.0,1710.0,1523.0,851.0,112.28,0.0,code_match,3233,0.043984859222312524,73502.6
26|20|68|073|149|308,2823,1565,1258,124,3.9,731,770,2821.0,1565.0,1256.0,731.0,124.6,-2.0,code_match,2823,0.05122170639444253,55113.4
26|20|68|073|149|368,5200,2678,2522,106,4.0,1302,1115,5200.0,2678.0,2522.0,1302.0,106.19,0.0,code_match,5200,0.09217565914277107,56414.0
26|20|68|073|149|387,338,182,156,117,3.6,95,109,338.0,182.0,156.0,95.0,116.67,0.0,code_match,338,0.017137585788499946,19722.7
26|20|68|073|149|408,1150,584,566,103,3.8,300,230,1150.0,584.0,566.0,300.0,103.18,0.0,code_match,1150,0.5051306776849204,2276.6
26|20|68|073|149|485,79,47,32,147,3.2,25,40,79.0,47.0,32.0,25.0,146.88,0.0,code_match,79,0.014900790627625974,5301.7
26|20|68|074|523|028,2827,1432,1395,103,3.9,719,585,2827.0,1432.0,1395.0,719.0,102.65,0.0,code_match,2827,0.21576472908467043,13102.2
26|20|68|074|523|248,15269,8040,7229,111,3.8,4014,3805,15267.0,8039.0,7228.0,4014.0,111.22,-2.0,code_match,15269,0.27441314508082887,55642.4
26|20|68|074|523|256,1460,731,729,100,3.8,385,475,1460.0,731.0,729.0,385.0,100.27,0.0,code_match,1460,0.03017745184769406,48380.5
26|20|68|074|523|268,2107,1108,999,111,4.1,509,455,2107.0,1108.0,999.0,509.0,110.91,0.0,code_match,2107,0.1389677224615105,15161.8
26|20|68|074|523|308,23207,12410,10797,115,3.8,6124,5038,23207.0,12410.0,10797.0,6122.0,114.94,0.0,code_match,23207,0.4206466425338773,55169.8
26|20|68|074|523|315,67,33,34,97,3.9,17,30,67.0,33.0,34.0,17.0,97.06,0.0,code_match,67,0.018868388349127494,3550.9
26|20|68|074|523|316,10154,5325,4829,110,3.9,2579,2487,10154.0,5325.0,4829.0,2579.0,110.27,0.0,code_match,10154,0.41854652600462366,24260.1
26|20|73|011|705|068,4614,2377,2237,106,4.2,1107,854,4614.0,2377.0,2237.0,1107.0,106.26,0.0,code_match,4614,0.03575876868428208,129031.3
26|20|73|011|705|076,380,198,182,109,3.6,106,120,380.0,198.0,182.0,106.0,108.79,0.0,code_match,380,0.014936870683867577,25440.4
26|20|73|011|705|208,3173,1635,1538,106,3.9,816,583,3173.0,1635.0,1538.0,816.0,106.31,0.0,code_match,3173,0.04984082046713847,63662.7
26|20|73|011|705|248,839,435,404,108,3.8,218,198,839.0,435.0,404.0,218.0,107.67,0.0,code_match,839,0.0045164530919794355,185765.2
26|20|73|011|705|288,3310,1701,1609,106,4.8,696,749,3309.0,1701.0,1608.0,696.0,105.78,-1.0,code_match,3310,0.03710938638019837,89195.8
26|20|73|011|705|368,5441,2953,2488,119,4.2,1311,1109,5441.0,2953.0,2488.0,1306.0,118.69,0.0,code_match,5441,0.054190246648496816,100405.5
26|20|73|011|705|376,2437,1261,1176,107,4.3,563,462,2437.0,1261.0,1176.0,563.0,107.23,0.0,code_match,2437,0.023950312873956683,101752.3
26|20|73|011|705|384,11639,6194,5439,114,3.6,3190,2590,11646.0,6199.0,5441.0,3184.0,113.93,7.0,code_match,11639,0.3984930489221428,29207.5
26|20|73|011|705|408,23805,12230,11575,106,4.0,6020,4905,23820.0,12237.0,11583.0,6017.0,105.65,15.0,code_match,23805,0.21665592300521822,109874.7
26|20|73|012|593|028,2039,1167,872,134,4.0,514,360,2039.0,1167.0,872.0,514.0,133.83,0.0,code_match,2039,0.018758546292753538,108697.1
26|20|73|012|593|128,8968,4749,4219,113,3.7,2419,1755,8968.0,4749.0,4219.0,2419.0,112.56,0.0,code_match,8968,0.1046246424365338,85715.9
26|20|73|012|593|168,1529,809,720,112,3.8,407,343,1529.0,809.0,720.0,407.0,112.36,0.0,code_match,1529,0.02118260220681138,72181.9
26|20|73|012|593|248,18218,9572,8646,111,3.9,4718,3759,18251.0,9602.0,8649.0,4718.0,111.02,33.0,code_match,18218,0.217754987265842,83662.8
26|20|73|012|593|368,7938,4253,3685,115,4.0,1992,1765,7941.0,4256.0,3685.0,1992.0,115.5,3.0,code_match,7938,0.06850840752178135,115869.0
26|20|73|012|593|805,17390,9278,8112,114,3.8,4565,3743,17390.0,9278.0,8112.0,4565.0,114.37,0.0,code_match,17390,0.09059754986985528,191947.8
26|20|75|020|668|001,1979,54,1925,3,76.1,26,7,1980.0,54.0,1926.0,16.0,2.8,1.0,code_match,1979,0.014000187729744809,141355.2
26|20|75|020|668|002,67,56,11,509,1.5,46,3,71.0,60.0,11.0,17.0,545.45,4.0,code_match,67,0.036900789539449634,1815.7
26|20|75|020|668|016,567,567,0,0,189.0,3,2,567.0,567.0,0.0,1.0,0.0,0.0,code_match,567,0.018165405510346067,31213.2
26|20|75|020|668|024,799,475,324,147,3.8,211,225,825.0,494.0,331.0,211.0,149.24,26.0,code_match,799,0.13874176923903284,5758.9
26|20|75|020|668|028,431,338,93,363,4.9,88,100,437.0,343.0,94.0,88.0,364.89,6.0,code_match,431,0.027814365078457467,15495.6
26|20|75|020|668|036,4438,2336,2102,111,3.6,1241,1159,4438.0,2336.0,2102.0,1241.0,111.13,0.0,code_match,4438,0.08842940012400989,50186.9
26|20|75|020|668|041,358,230,128,180,4.5,80,80,361.0,233.0,128.0,80.0,182.03,3.0,code_match,358,0.04845292647108258,7388.6
26|20|75|020|668|068,181,34,147,23,9.5,19,2,1328.0,1176.0,152.0,19.0,773.68,1147.0,code_match,181,0.061069806519901106,2963.8
26|20|75|020|668|076,374,79,295,27,9.4,40,1,392.0,93.0,299.0,40.0,31.1,18.0,code_match,374,0.07779215150138101,4807.7
26|20|75|020|668|084,531,526,5,10520,10.0,53,2,524.0,521.0,3.0,1.0,17366.67,-7.0,code_match,531,0.013397552605729144,39634.1
26|20|75|020|668|088,640,273,367,74,4.5,141,195,649.0,281.0,368.0,141.0,76.36,9.0,code_match,640,0.15464063037944692,4138.6
26|20|75|020|668|108,1803,1687,116,1454,15.2,119,5,1806.0,1690.0,116.0,67.0,1456.9,3.0,code_match,1803,0.07708358427055122,23390.2
26|20|75|020|668|124,494,484,9,5378,21.5,23,100,496.0,485.0,10.0,23.0,4850.0,2.0,code_match,494,0.10657270701307427,4635.3
26|20|75|020|668|148,688,409,279,147,3.6,190,200,752.0,447.0,304.0,190.0,147.04,64.0,code_match,688,0.5741463395564002,1198.3
26|20|75|020|668|268,283,282,1,28200,94.3,3,2,283.0,282.0,1.0,2.0,28200.0,0.0,code_match,283,0.008531901179781238,33169.6
26|20|75|020|668|308,634,432,202,214,3.0,211,210,634.0,432.0,202.0,211.0,213.86,0.0,code_match,634,0.011978766976572242,52927.0
26|20|75|020|668|348,335,217,116,187,2.7,122,102,335.0,217.0,116.0,120.0,187.07,0.0,code_match,335,0.012701607575077982,26374.6
26|20|75|020|668|356,547,271,276,98,4.8,115,85,548.0,272.0,276.0,115.0,98.55,1.0,code_match,547,0.40094435300796516,1364.3
26|20|75|020|668|368,4192,2447,1745,140,3.0,1419,1451,4193.0,2447.0,1746.0,1419.0,140.15,1.0,code_match,4192,0.23343504011499164,17957.9
26|20|75|020|668|376,327,184,143,129,3.4,96,115,327.0,184.0,143.0,96.0,128.67,0.0,code_match,327,0.07343622444853552,4452.8
26|20|75|020|668|384,226,226,0,0,56.5,4,2,226.0,226.0,0.0,1.0,0.0,0.0,code_match,226,0.010834536327961768,20859.2
26|20|75|020|668|392,1798,968,830,117,3.2,558,500,2209.0,1203.0,1006.0,670.0,119.58,411.0,code_match,1798,0.06173270180243775,29125.6
26|20|75|020|668|400,3168,3000,168,1786,16.7,190,4,3186.0,3019.0,167.0,83.0,1807.78,18.0,code_match,3168,0.16203835306674888,19550.9
26|20|75|020|668|408,408,408,0,0,9.5,43,2,408.0,408.0,0.0,2.0,0.0,0.0,code_match,408,0.013285912887110191,30709.2
26|20|75|020|668|416,390,390,0,0,7.8,50,2,390.0,390.0,0.0,1.0,0.0,0.0,code_match,390,0.012577738736404782,31007.2
26|20|75|020|668|436,482,482,0,0,7.9,61,2,482.0,482.0,0.0,1.0,0.0,0.0,code_match,482,0.014028922115619572,34357.6
26|20|75|020|668|444,634,414,220,188,3.2,198,215,700.0,463.0,237.0,198.0,195.36,66.0,code_match,634,0.14826677491782786,4276.1
26|20|75|021|482|028,2131,1309,822,159,4.2,506,720,2138.0,1315.0,823.0,506.0,159.78,7.0,code_match,2131,0.09382914408352502,22711.5
26|20|75|021|482|248,658,364,294,124,7.7,86,105,665.0,369.0,296.0,66.0,124.66,7.0,code_match,658,0.03283011339413167,20042.6
26|20|75|021|482|256,1107,764,343,223,4.1,270,206,1107.0,764.0,343.0,248.0,222.74,0.0,code_match,1107,0.06323748807737628,17505.4
26|20|75|021|482|308,6628,3330,3298,101,4.8,1384,1403,6634.0,3334.0,3300.0,1353.0,101.03,6.0,code_match,6628,0.12974675751556417,51084.1
26|20|75|021|669|028,1123,1077,46,2341,40.1,28,14,1124.0,1078.0,46.0,25.0,2343.48,1.0,code_match,1123,0.014944500825602397,75144.7
26|20|75|021|669|036,2049,2019,30,6730,89.1,23,15,2049.0,2019.0,30.0,20.0,6730.0,0.0,code_match,2049,0.014936693857765868,137179.0
26|20|75|021|669|068,406,186,220,85,4.0,101,95,406.0,186.0,220.0,90.0,84.55,0.0,code_match,406,0.03515742641295792,11548.1
26|20|75|021|669|076,1291,685,606,113,4.1,316,246,1291.0,685.0,606.0,308.0,113.04,0.0,code_match,1291,0.014314292530603654,90189.6
26|20|75|021|669|148,332,209,123,170,5.5,60,100,333.0,213.0,120.0,60.0,177.5,1.0,code_match,332,0.015347962499248906,21631.5
26|20|75|021|669|156,222,107,115,93,2.6,85,95,224.0,109.0,115.0,58.0,94.78,2.0,code_match,222,0.029586612139405225,7503.4
26|20|75|021|669|168,290,183,107,171,3.5,84,100,290.0,183.0,107.0,81.0,171.03,0.0,code_match,290,0.017830498951027625,16264.3
26|20|75|021|669|176,605,279,326,86,4.1,148,110,605.0,279.0,326.0,143.0,85.58,0.0,code_match,605,0.05289283349689538,11438.2
26|20|75|021|669|188,2826,2520,306,824,17.8,159,16,2826.0,2520.0,306.0,148.0,823.53,0.0,code_match,2826,0.08632402547945645,32737.1
26|20|75|021|669|196,392,260,132,197,6.5,60,91,407.0,274.0,133.0,60.0,206.02,15.0,code_match,392,0.34882437951026163,1123.8
26|20|75|021|669|208,1004,976,28,3486,55.8,18,13,1004.0,976.0,28.0,16.0,3485.71,0.0,code_match,1004,0.01649371272275336,60871.7
26|20|75|021|669|216,382,280,102,275,3.8,100,80,382.0,280.0,102.0,94.0,274.51,0.0,code_match,382,0.014937973663574033,25572.4
26|20|75|021|669|348,2554,56,2498,2,67.2,38,17,2556.0,58.0,2498.0,31.0,2.32,2.0,code_match,2554,0.03861326611586013,66143.1
26|20|75|021|669|376,345,170,175,97,4.2,83,100,345.0,170.0,175.0,83.0,97.14,0.0,code_match,345,0.010677351247628643,32311.4
26|20|75|021|669|392,1074,10,1064,1,134.3,8,13,1074.0,10.0,1064.0,6.0,0.94,0.0,code_match,1074,0.02065566392566469,51995.4
26|20|75|021|669|400,2576,1385,1191,116,4.2,608,498,2641.0,1440.0,1201.0,607.0,119.9,65.0,code_match,2576,0.157100713420326,16397.1
26|20|75|021|669|428,318,170,148,115,4.4,72,107,318.0,170.0,148.0,72.0,114.86,0.0,code_match,318,0.030116410606079197,10559.0
26|20|75|021|669|436,865,411,454,91,4.3,200,185,866.0,411.0,455.0,189.0,90.33,1.0,code_match,865,0.031469186204921513,27487.2
26|20|75|021|707|148,112,63,49,129,4.3,26,14,112.0,63.0,49.0,22.0,128.57,0.0,code_match,112,0.018058354694451138,6202.1
26|20|75|021|707|188,2066,2062,4,51550,108.7,19,16,2071.0,2063.0,8.0,7.0,25787.5,5.0,code_match,2066,0.06254504045737447,33032.2
26|20|75|021|707|248,1140,1071,69,1552,32.6,35,13,1140.0,1071.0,69.0,33.0,1552.17,0.0,code_match,1140,0.018724755755084355,60882.0
26|20|75|021|707|368,113,51,62,82,3.8,30,13,113.0,51.0,62.0,27.0,82.26,0.0,code_match,113,0.07044516268739921,1604.1
26|20|75|021|707|376,1021,945,76,1243,24.9,41,12,1021.0,945.0,76.0,40.0,1243.42,0.0,code_match,1021,0.027396795177529906,37267.1
26|20|75|021|707|384,1476,1429,47,3040,56.8,26,14,1476.0,1429.0,47.0,23.0,3040.43,0.0,code_match,1476,0.02542085351977252,58062.6
26|20|76|047|371|308,6755,3546,3209,111,4.4,1536,1432,6753.0,3546.0,3207.0,1533.0,110.57,-2.0,code_match,6755,0.12851158454275335,52563.4
26|20|76|047|707|028,1908,997,911,109,3.6,524,450,1908.0,997.0,911.0,524.0,109.44,0.0,code_match,1908,0.020624022894659307,92513.5
26|20|76|047|707|068,17442,9487,7955,119,4.1,4299,3827,17442.0,9487.0,7955.0,4296.0,119.26,0.0,code_match,17442,0.15294856911177113,114038.3
26|20|76|047|707|108,2763,1459,1304,112,4.1,680,620,2763.0,1459.0,1304.0,679.0,111.89,0.0,code_match,2763,0.018419460641335764,150004.4
26|20|76|047|707|128,6154,3282,2872,114,4.1,1490,1420,6155.0,3284.0,2871.0,1486.0,114.39,1.0,code_match,6154,0.05711922630480321,107739.6
26|20|76|047|707|148,3558,1888,1670,113,4.1,871,631,3558.0,1888.0,1670.0,871.0,113.05,0.0,code_match,3558,0.03100885860358247,114741.4
26|20|76|047|707|168,2177,1150,1027,112,3.6,606,651,2174.0,1150.0,1024.0,606.0,112.3,-3.0,code_match,2177,0.06612137902500691,32924.3
26|20|76|047|707|228,1475,762,713,107,4.1,364,416,1475.0,762.0,713.0,364.0,106.87,0.0,code_match,1475,0.023730440989124735,62156.5
26|20|76|047|707|268,2321,1351,970,139,4.1,561,513,2323.0,1353.0,970.0,561.0,139.48,2.0,code_match,2321,0.04740136322906193,48964.8
26|20|76|051|706|068,13707,7542,6165,122,3.9,3553,4051,13730.0,7559.0,6171.0,3553.0,122.49,23.0,code_match,13707,0.12559693387508725,109134.8
26|20|76|051|706|308,13645,7372,6273,118,3.5,3872,3930,13645.0,7372.0,6273.0,3872.0,117.52,0.0,code_match,13645,0.15154716551035402,90038.0
26|20|76|051|706|555,5732,3221,2511,128,3.8,1494,1769,5732.0,3221.0,2511.0,1494.0,128.28,0.0,code_match,5732,0.0686073078217549,83548.0
26|20|76|051|712|308,6093,3409,2684,127,3.1,1960,1928,6097.0,3413.0,2684.0,1957.0,127.16,4.0,code_match,6093,0.07892759037907694,77197.3
26|20|76|051|712|408,31498,18729,12769,147,3.3,9504,8953,31497.0,18729.0,12768.0,9503.0,146.69,-1.0,code_match,31498,0.21734337586343058,144922.8
26|20|76|054|372|054,17318,9028,8289,109,3.8,4618,4509,17323.0,9030.0,8292.0,4608.0,108.9,5.0,code_match,17318,0.2601975970163234,66557.1
26|20|76|054|372|063,610,603,7,8614,152.5,4,1,611.0,604.0,7.0,4.0,8628.57,1.0,code_match,610,0.06507681473194175,9373.5
26|20|76|054|372|208,12012,6573,5439,121,3.4,3574,3132,12012.0,6573.0,5439.0,3574.0,120.85,0.0,code_match,12012,0.093189097583607,128899.2
26|20|76|054|372|210,6871,3587,3284,109,3.9,1740,1623,6873.0,3589.0,3284.0,1733.0,109.29,2.0,code_match,6871,0.15247047287038487,45064.5
26|20|76|054|372|308,15694,8281,7413,112,3.9,4014,3991,15710.0,8295.0,7415.0,4013.0,111.87,16.0,code_match,15694,0.26193899883505456,59914.7
26|20|76|054|372|316,1765,1042,723,144,3.4,521,451,1767.0,1043.0,724.0,521.0,144.06,2.0,code_match,1765,0.12181591536536701,14489.1
26|20|76|054|372|558,4242,2347,1895,124,3.9,1078,1152,4257.0,2358.0,1899.0,1078.0,124.17,15.0,code_match,4242,0.12279337899433876,34545.8
26|20|80|017|149|208,1255,712,543,131,3.6,353,470,1256.0,713.0,543.0,353.0,131.31,1.0,code_match,1255,0.14562902577717543,8617.8
26|20|80|017|149|388,9875,6229,3646,171,3.8,2589,2164,9878.0,6230.0,3648.0,2589.0,170.78,3.0,code_match,9875,0.08752907308024768,112819.7
26|20|80|017|149|396,2719,1498,1221,123,4.4,619,518,2719.0,1498.0,1221.0,619.0,122.69,0.0,code_match,2719,0.06284924253844223,43262.3
26|20|80|017|149|408,3180,1700,1480,115,3.6,877,582,3180.0,1700.0,1480.0,877.0,114.86,0.0,code_match,3180,0.03501671245891968,90813.8
26|20|88|042|704|128,528,263,265,99,3.5,152,161,528.0,263.0,265.0,152.0,99.25,0.0,code_match,528,0.008189418842812591,64473.4
26|20|88|042|704|188,1671,867,804,108,4.5,369,405,1671.0,867.0,804.0,369.0,107.84,0.0,code_match,1671,0.011955813340562896,139764.6
26|20|88|042|704|208,399,235,164,143,3.8,104,112,399.0,235.0,164.0,104.0,143.29,0.0,code_match,399,0.006269164736775022,63644.8
26|20|88|042|704|216,3247,1722,1525,113,4.0,816,579,3248.0,1723.0,1525.0,816.0,112.98,1.0,code_match,3247,0.0157394342887633,206297.1
26|20|88|042|704|224,3418,1827,1591,115,4.1,839,836,3418.0,1827.0,1591.0,839.0,114.83,0.0,code_match,3418,0.014946106482583668,228688.3
26|20|88|042|704|248,597,346,251,138,4.1,145,98,597.0,346.0,251.0,145.0,137.85,0.0,code_match,597,0.005638151781893454,105885.8
26|20|88|042|704|308,2597,1270,1327,96,3.5,737,507,2621.0,1289.0,1332.0,737.0,96.77,24.0,code_match,2597,0.0320468532660543,81037.6
26|20|88|042|704|316,2164,1171,993,118,3.9,562,506,2164.0,1171.0,993.0,562.0,117.93,0.0,code_match,2164,0.023540020781332095,91928.6
26|20|88|042|704|324,6538,3590,2948,122,3.6,1838,1875,6538.0,3590.0,2948.0,1838.0,121.78,0.0,code_match,6538,0.04474418119956726,146119.6
26|20|88|042|704|368,3092,1570,1522,103,3.9,787,745,3093.0,1571.0,1522.0,787.0,103.22,1.0,code_match,3092,0.03947090550471255,78336.2
26|20|88|042|704|428,845,459,386,119,3.7,228,220,908.0,507.0,401.0,228.0,126.43,63.0,code_match,845,0.03150084354558809,26824.7
26|20|88|042|704|436,196,109,87,125,3.5,56,43,196.0,109.0,87.0,56.0,125.29,0.0,code_match,196,0.007055561096621736,27779.5
26|20|88|042|704|460,1287,688,599,115,3.1,420,408,1289.0,690.0,599.0,420.0,115.19,2.0,code_match,1287,0.008739738192056612,147258.4
26|20|88|042|704|468,682,335,347,97,3.5,197,210,682.0,335.0,347.0,197.0,96.54,0.0,code_match,682,0.003542985803338242,192493.0
26|20|88|042|704|476,340,177,163,109,3.9,88,85,340.0,177.0,163.0,88.0,108.59,0.0,code_match,340,0.0012760454971456434,266448.2
26|20|88|042|704|532,1981,1036,945,110,4.0,500,528,1992.0,1045.0,947.0,500.0,110.35,11.0,code_match,1981,0.047346894556036266,41840.1
26|20|88|043|704|044,2066,1387,679,204,4.4,466,408,2099.0,1420.0,679.0,466.0,209.13,33.0,code_match,2066,0.04023350082861413,51350.2
26|20|88|043|704|057,362,208,154,135,4.2,86,37,362.0,208.0,154.0,85.0,135.06,0.0,code_match,362,0.003468776681070062,104359.6
26|20|88|043|704|068,2534,1437,1097,131,4.3,584,597,2534.0,1437.0,1097.0,584.0,130.99,0.0,code_match,2534,0.01373087906902586,184547.5
26|20|88|043|704|108,511,259,252,103,4.1,125,131,511.0,259.0,252.0,125.0,102.78,0.0,code_match,511,0.011305644548946127,45198.7
26|20|88|043|704|116,2560,1542,1018,152,4.7,545,416,2623.0,1602.0,1021.0,545.0,156.9,63.0,code_match,2560,0.04072449453102994,62861.4
26|20|88|043|704|136,2011,1044,967,108,4.0,506,640,2018.0,1051.0,967.0,506.0,108.69,7.0,code_match,2011,0.026538552099600717,75776.6
26|20|88|043|704|144,1164,668,496,135,4.4,267,221,1168.0,671.0,497.0,267.0,135.01,4.0,code_match,1164,0.00932884683866413,124774.3
26|20|88|043|704|148,70,28,42,67,5.4,13,38,70.0,28.0,42.0,13.0,66.67,0.0,code_match,70,0.002152407985667022,32521.7
26|20|88|043|704|156,78,68,10,680,7.8,10,27,78.0,68.0,10.0,10.0,680.0,0.0,code_match,78,0.002031235099121343,38400.3
26|20|88|043|704|164,1910,1106,804,138,4.3,448,517,1910.0,1106.0,804.0,448.0,137.56,0.0,code_match,1910,0.018835816762862247,101402.6
26|20|88|043|704|168,326,195,131,149,5.0,65,65,326.0,195.0,131.0,65.0,148.85,0.0,code_match,326,0.003448994290200244,94520.3
26|20|88|043|704|196,1069,607,462,131,4.3,251,206,1069.0,607.0,462.0,251.0,131.39,0.0,code_match,1069,0.008790687956308423,121606.0
26|20|88|043|704|232,1640,852,788,108,4.2,388,431,1639.0,852.0,787.0,388.0,108.26,-1.0,code_match,1640,0.013746754997356397,119300.9
26|20|88|043|704|268,902,494,408,121,3.8,238,319,902.0,494.0,408.0,238.0,121.08,0.0,code_match,902,0.013727320026012702,65708.4
26|20|88|043|704|276,1754,1003,751,134,4.0,443,429,1754.0,1003.0,751.0,443.0,133.56,0.0,code_match,1754,0.021065091914140306,83265.7
26|20|88|043|704|292,1430,877,553,159,4.6,314,414,1430.0,878.0,552.0,314.0,159.06,0.0,code_match,1430,0.023650527941977757,60463.8
26|20|88|043|704|332,912,506,406,125,4.4,209,170,934.0,526.0,408.0,209.0,128.92,22.0,code_match,912,0.015659045758226298,58241.1
26|20|88|043|704|376,1491,877,614,143,4.7,319,238,1494.0,880.0,614.0,319.0,143.32,3.0,code_match,1491,0.005957966490677391,250253.2
26|20|88|043|704|384,1584,877,707,124,4.3,370,426,1584.0,877.0,707.0,370.0,124.05,0.0,code_match,1584,0.025621584154420198,61822.9
26|20|88|043|704|392,2155,1361,794,171,4.4,493,525,2155.0,1361.0,794.0,491.0,171.41,0.0,code_match,2155,0.0162999182011685,132209.3
26|20|88|043|704|484,2044,1146,898,128,4.3,471,462,2044.0,1146.0,898.0,471.0,127.62,0.0,code_match,2044,0.011072103888583136,184608.1
26|20|88|043|704|492,2042,1164,878,133,4.0,516,490,2042.0,1164.0,878.0,516.0,132.57,0.0,code_match,2042,0.012787632107759194,159685.5
26|20|88|043|704|508,2377,1429,948,151,4.5,523,402,2377.0,1429.0,948.0,523.0,150.74,0.0,code_match,2377,0.014574257746658131,163095.8
26|20|88|043|704|516,3316,1952,1364,143,4.3,775,609,3316.0,1952.0,1364.0,775.0,143.11,0.0,code_match,3316,0.014136203152516303,234575.0
26|20|88|043|704|524,741,388,353,110,4.1,182,228,741.0,388.0,353.0,182.0,109.92,0.0,code_match,741,0.00822956863471024,90041.2
26|20|88|043|704|568,364,255,109,234,5.1,72,61,368.0,259.0,109.0,72.0,237.61,4.0,code_match,364,0.00991229776435674,36722.1
26|20|88|044|704|028,2754,1461,1293,113,3.9,707,771,2754.0,1461.0,1293.0,707.0,112.99,0.0,code_match,2754,0.020267521482234662,135882.4
26|20|88|044|704|204,2491,1344,1147,117,3.8,652,698,2491.0,1344.0,1147.0,652.0,117.18,0.0,code_match,2491,0.019405463768089288,128365.9
26|20|88|044|704|444,3805,2080,1725,121,4.1,924,977,3805.0,2080.0,1725.0,924.0,120.58,0.0,code_match,3805,0.024461231042258027,155552.3
26|20|88|044|704|452,3479,1981,1498,132,4.0,879,788,3479.0,1981.0,1498.0,879.0,132.24,0.0,code_match,3479,0.027575833045991906,126161.2
26|20|88|044|704|548,2229,1266,963,132,4.0,557,586,2229.0,1266.0,963.0,557.0,131.46,0.0,code_match,2229,0.021787073909308872,102308.4
26|20|88|044|704|556,1683,870,813,107,3.9,437,432,1683.0,870.0,813.0,437.0,107.01,0.0,code_match,1683,0.012661811661737153,132919.4
26|20|88|044|704|608,1360,760,600,127,3.9,352,354,1360.0,760.0,600.0,352.0,126.67,0.0,code_match,1360,0.025105155805145454,54172.1
26|20|98|038|854|028,2486,1389,1097,127,4.1,602,544,2486.0,1389.0,1097.0,602.0,126.62,0.0,code_match,2486,0.03683992123265072,67481.1
26|20|98|038|854|036,4450,2794,1656,169,4.2,1048,756,4450.0,2794.0,1656.0,1048.0,168.72,0.0,code_match,4450,0.010933518668410691,407005.3
26|20|98|038|854|056,950,542,408,133,4.2,224,240,950.0,542.0,408.0,224.0,132.84,0.0,code_match,950,0.006319927306166313,150318.2
26|20|98|038|854|070,5959,3410,2549,134,4.1,1446,978,5959.0,3410.0,2549.0,1446.0,133.78,0.0,code_match,5959,0.042027382644664234,141788.5
26|20|98|038|854|136,3000,1702,1298,131,3.8,788,763,3003.0,1705.0,1298.0,788.0,131.36,3.0,code_match,3000,0.024919416315864692,120388.1
26|20|98|038|854|144,902,456,446,102,4.5,202,211,900.0,456.0,444.0,202.0,102.7,-2.0,code_match,902,0.018805530614129116,47964.6
26|20|98|038|854|152,534,338,196,172,3.9,138,133,534.0,338.0,196.0,138.0,172.45,0.0,code_match,534,0.014871123722806159,35908.5
26|20|98|038|854|208,323,201,122,165,4.0,80,110,323.0,201.0,122.0,80.0,164.75,0.0,code_match,323,0.010664987207524006,30286.0
26|20|98|038|854|216,2139,1182,957,124,3.9,551,637,2139.0,1182.0,957.0,551.0,123.51,0.0,code_match,2139,0.009103834905905012,234955.9
26|20|98|038|854|240,1099,579,520,111,4.5,244,210,1099.0,579.0,520.0,244.0,111.35,0.0,code_match,1099,0.008519180756824112,129003.0
26|20|98|038|854|248,610,512,98,522,1.9,314,227,624.0,525.0,99.0,314.0,530.3,14.0,code_match,610,0.061509274523622835,9917.2
26|20|98|038|854|268,2351,1335,1016,131,3.7,633,635,2351.0,1335.0,1016.0,633.0,131.4,0.0,code_match,2351,0.013049214848750598,180164.1
26|20|98|038|854|296,813,521,292,178,3.9,208,239,813.0,521.0,292.0,208.0,178.42,0.0,code_match,813,0.010093620507667201,80545.9
26|20|98|038|854|304,969,498,471,106,4.1,236,200,969.0,498.0,471.0,236.0,105.73,0.0,code_match,969,0.01310838685253092,73922.1
26|20|98|038|854|308,1419,828,591,140,4.1,349,345,1419.0,828.0,591.0,349.0,140.1,0.0,code_match,1419,0.012677641365602337,111929.3
26|20|98|038|854|324,1817,999,818,122,3.4,534,512,1820.0,1002.0,818.0,534.0,122.49,3.0,code_match,1817,0.04515508655280311,40239.1
26|20|98|038|854|408,1343,671,672,100,4.5,297,297,1343.0,671.0,672.0,297.0,99.85,0.0,code_match,1343,0.008160374558281296,164575.8
26|20|98|038|854|416,1099,530,569,93,3.4,327,417,1100.0,531.0,569.0,327.0,93.32,1.0,code_match,1099,0.024081447326291354,45636.8
26|20|98|038|854|428,1841,1071,770,139,3.7,496,468,1841.0,1071.0,770.0,496.0,139.09,0.0,code_match,1841,0.014808218815460933,124322.9
26|20|98|038|854|436,587,363,224,162,3.4,171,235,587.0,363.0,224.0,171.0,162.05,0.0,code_match,587,0.011506550183041557,51014.4
26|20|98|038|854|740,1549,835,714,117,4.3,364,425,1549.0,836.0,713.0,364.0,117.25,0.0,code_match,1549,0.02884026086218987,53709.6
26|20|98|039|075|208,2547,1310,1237,106,3.7,680,706,2547.0,1310.0,1237.0,680.0,105.9,0.0,code_match,2547,0.024964725469719992,102024.0
26|20|98|039|075|348,3993,2114,1879,113,4.1,985,928,3993.0,2114.0,1879.0,985.0,112.51,0.0,code_match,3993,0.0425291840332868,93888.5
26|20|98|039|075|660,4210,2194,2016,109,3.9,1089,918,4210.0,2194.0,2016.0,1089.0,108.83,0.0,code_match,4210,0.0449948413187478,93566.3
26|20|98|039|854|041,3761,1965,1796,109,3.7,1022,950,3761.0,1965.0,1796.0,1022.0,109.41,0.0,code_match,3761,0.07374825962606567,50997.8
26|20|98|039|854|168,3589,1794,1795,100,3.9,910,996,3589.0,1794.0,1795.0,910.0,99.94,0.0,code_match,3589,0.052657290560914866,68157.7
26|20|98|039|854|243,417,271,146,186,4.3,98,106,417.0,271.0,146.0,98.0,185.62,0.0,code_match,417,0.013983687004699865,29820.5
26|20|98|039|854|256,10332,5505,4827,114,3.9,2659,2461,10332.0,5505.0,4827.0,2659.0,114.05,0.0,code_match,10332,0.15270923843397716,67658.0
26|20|98|039|854|391,277,179,98,183,3.0,91,121,277.0,179.0,98.0,91.0,182.65,0.0,code_match,277,0.015742735616332763,17595.4
26|20|98|039|854|396,12808,6786,6021,113,3.5,3619,3851,12807.0,6786.0,6021.0,3619.0,112.71,-1.0,code_match,12808,0.1529425505755025,83743.9
26|20|98|039|854|761,397,178,219,81,4.0,100,124,407.0,186.0,221.0,100.0,84.16,10.0,code_match,397,0.009721767510679137,40836.2
26|20|98|039|854|816,2046,1080,966,112,3.5,588,700,2046.0,1080.0,966.0,588.0,111.8,0.0,code_match,2046,0.0404282317909486,50608.2
26|20|98|041|854|044,2735,1476,1259,117,4.1,675,662,2735.0,1476.0,1259.0,667.0,117.24,0.0,code_match,2735,0.02544260319244403,107496.9
26|20|98|041|854|048,788,431,357,121,4.1,194,87,789.0,431.0,358.0,194.0,120.39,1.0,code_match,788,0.008911159856518207,88428.4
26|20|98|041|854|068,5006,2650,2356,113,3.4,1479,1429,5006.0,2650.0,2356.0,1479.0,112.48,0.0,code_match,5006,0.013308327699787865,376155.5
26|20|98|041|854|108,666,363,303,120,2.5,264,357,668.0,365.0,303.0,264.0,120.46,2.0,code_match,666,0.01866017702071287,35691.0
26|20|98|041|854|184,869,451,418,108,4.0,219,235,869.0,451.0,418.0,219.0,107.89,0.0,code_match,869,0.007762473431401148,111948.9
26|20|98|041|854|224,1861,1011,850,119,3.7,501,528,1861.0,1011.0,850.0,501.0,118.94,0.0,code_match,1861,0.011653395145729209,159695.9
26|20|98|041|854|232,448,230,218,106,3.1,146,57,453.0,235.0,218.0,146.0,107.8,5.0,code_match,448,0.0026832348587552853,166962.6
26|20|98|041|854|268,1299,701,598,117,3.4,385,218,1306.0,708.0,598.0,385.0,118.39,7.0,code_match,1299,0.02898978176233822,44808.9
26|20|98|041|854|276,12347,6852,5492,125,3.4,3658,3836,12356.0,6861.0,5492.0,3658.0,124.93,9.0,code_match,12347,0.08654112452829563,142672.1
26|20|98|041|854|284,3268,1680,1588,106,4.2,777,758,3272.0,1683.0,1588.0,777.0,105.98,4.0,code_match,3268,0.09227503410500781,35415.9
26|20|98|041|854|316,1146,578,568,102,4.2,275,332,1146.0,578.0,568.0,269.0,101.76,0.0,code_match,1146,0.014326724913443377,79990.4
26|20|98|041|854|348,1061,615,446,138,3.6,291,233,1061.0,615.0,446.0,289.0,137.89,0.0,code_match,1061,0.01003762491446429,105702.3
26|20|98|041|854|388,5222,2626,2596,101,4.5,1148,1157,5224.0,2628.0,2596.0,1148.0,101.23,2.0,code_match,5222,0.02325245548859445,224578.4
26|20|98|041|854|444,1234,619,615,101,3.9,319,216,1242.0,627.0,615.0,319.0,101.95,8.0,code_match,1234,0.02420944123518628,50971.8
26|20|98|041|854|448,2591,1388,1203,115,3.8,689,697,2592.0,1389.0,1203.0,687.0,115.46,1.0,code_match,2591,0.00931458925080604,278165.8
26|20|98|041|854|488,3789,1938,1851,105,3.5,1093,1049,3790.0,1939.0,1851.0,1091.0,104.75,1.0,code_match,3789,0.03282234148467024,115439.7
26|25|02|030|038|188,1518,850,668,127,3.5,434,330,1518.0,850.0,668.0,434.0,127.25,0.0,code_match,1518,0.014810487895365836,102494.9
26|25|02|030|038|308,961,529,432,123,3.9,245,345,966.0,531.0,435.0,245.0,122.07,5.0,code_match,961,0.031048209293176553,30951.9
26|25|02|030|668|076,3368,1929,1439,134,3.3,1019,1230,3366.0,1928.0,1438.0,1019.0,134.08,-2.0,code_match,3368,0.04580370190391084,73531.2
26|25|02|030|668|248,3652,1887,1765,107,3.8,949,1040,3652.0,1887.0,1765.0,949.0,106.91,0.0,code_match,3652,0.04282710635586747,85273.1
26|25|02|030|668|276,20159,10574,9585,110,3.9,5197,5613,20548.0,10772.0,9776.0,5302.0,110.19,389.0,code_match,20159,0.22366866812629582,90128.9
26|25|02|030|668|308,1291,679,612,111,3.8,344,327,1291.0,679.0,612.0,344.0,110.95,0.0,code_match,1291,0.009052660665083624,142610.0
26|25|02|030|668|316,25378,13553,11825,115,3.5,7157,6866,25373.0,13550.0,11823.0,7156.0,114.61,-5.0,code_match,25378,0.2351746307983448,107911.3
26|25|02|030|668|324,1154,573,581,99,4.1,282,325,1152.0,571.0,581.0,282.0,98.28,-2.0,code_match,1154,0.012273136144226274,94026.5
26|25|02|030|668|332,1355,769,586,131,3.6,372,448,1355.0,769.0,586.0,372.0,131.23,0.0,code_match,1355,0.04408150069551828,30738.5
26|25|02|030|668|368,6922,3893,3029,129,3.9,1775,1889,6929.0,3897.0,3032.0,1775.0,128.53,7.0,code_match,6922,0.052417232660607146,132055.8
26|25|02|030|668|388,12224,6503,5721,114,4.0,3086,3166,12224.0,6503.0,5721.0,3086.0,113.67,0.0,code_match,12224,0.09801420606524254,124716.6
26|25|02|030|668|396,4064,2209,1855,119,3.7,1100,1273,4064.0,2209.0,1855.0,1100.0,119.08,0.0,code_match,4064,0.043403753642955074,93632.5
26|25|02|030|668|408,5326,2969,2357,126,3.1,1703,1851,5326.0,2969.0,2357.0,1703.0,125.97,0.0,code_match,5326,0.20741760884971122,25677.7
26|25|02|030|780|016,1501,810,691,117,3.7,411,446,1501.0,810.0,691.0,411.0,117.22,0.0,code_match,1501,0.02171555848250307,69120.9
26|25|02|030|780|028,33668,17715,15953,111,3.7,9004,8134,33666.0,17715.0,15951.0,8999.0,111.06,-2.0,code_match,33668,0.4579258682119591,73522.8
26|25|02|030|780|043,995,570,425,134,3.3,305,346,995.0,570.0,425.0,305.0,134.12,0.0,code_match,995,0.008351651342081632,119138.1
26|25|02|030|780|048,9137,5090,4046,126,3.8,2383,2232,9137.0,5090.0,4046.0,2383.0,125.8,0.0,code_match,9137,0.08793812898935502,103902.6
26|25|02|030|780|068,3179,1736,1443,120,3.8,846,724,3171.0,1731.0,1440.0,846.0,120.21,-8.0,code_match,3179,0.05221388700020598,60884.2
26|25|02|030|780|088,800,486,313,155,2.4,327,434,800.0,486.0,313.0,327.0,155.27,0.0,code_match,800,0.02556066707956276,31298.1
26|25|02|030|780|128,4301,2374,1927,123,3.9,1103,1256,4301.0,2374.0,1927.0,1103.0,123.2,0.0,code_match,4301,0.05093498611649109,84441.0
26|25|02|030|780|148,1204,654,550,119,3.6,331,290,1205.0,655.0,550.0,331.0,119.09,1.0,code_match,1204,0.034042438032564605,35367.6
26|25|02|030|780|156,859,498,361,138,3.3,261,172,858.0,498.0,360.0,261.0,138.33,-1.0,code_match,859,0.009955349636436971,86285.3
26|25|02|030|780|164,765,381,384,99,3.8,203,186,765.0,381.0,384.0,203.0,99.22,0.0,code_match,765,0.02566734416809989,29804.4
26|25|02|030|780|168,147,84,63,133,2.9,51,70,147.0,84.0,63.0,51.0,133.33,0.0,code_match,147,0.0017438102355013636,84298.2
26|25|02|030|780|248,4576,2501,2075,121,3.4,1348,1363,4576.0,2501.0,2075.0,1348.0,120.53,0.0,code_match,4576,0.03174218998120107,144161.4
26|25|02|030|780|256,3649,1949,1700,115,3.9,941,842,3649.0,1949.0,1700.0,941.0,114.65,0.0,code_match,3649,0.03094894761954931,117903.8
26|25|02|030|780|264,10032,5557,4475,124,3.9,2567,2234,10032.0,5557.0,4475.0,2567.0,124.18,0.0,code_match,10032,0.10259894237374349,97778.8
26|25|02|030|780|327,401,206,195,106,4.4,92,112,401.0,206.0,195.0,92.0,105.64,0.0,code_match,401,0.012549668901281685,31953.0
26|25|02|030|780|368,22304,12131,10172,119,3.5,6402,6296,22304.0,12131.0,10172.0,6402.0,119.26,0.0,code_match,22304,0.14073460762234621,158482.7
26|25|02|030|780|408,555,361,194,186,3.4,163,120,555.0,361.0,194.0,163.0,186.08,0.0,code_match,555,0.014634771662033929,37923.4
26|25|02|030|780|416,11443,6357,5086,125,3.6,3217,3084,11443.0,6357.0,5086.0,3217.0,124.99,0.0,code_match,11443,0.10145293242047544,112791.2
26|25|02|033|038|188,5887,2739,3148,87,4.1,1433,1650,5889.0,2741.0,3148.0,1433.0,87.07,2.0,code_match,5887,0.04288447845495892,137275.8
26|25|02|033|673|256,12087,6347,5740,111,3.8,3186,2668,12087.0,6347.0,5740.0,3186.0,110.57,0.0,code_match,12087,0.1406324973865835,85947.4
26|25|04|021|076|068,23955,13226,10729,123,3.6,6719,6271,23955.0,13226.0,10729.0,6718.0,123.27,0.0,code_match,23955,0.3545983286659301,67555.3
26|25|04|021|076|150,1109,648,461,141,3.3,338,289,1109.0,648.0,461.0,338.0,140.56,0.0,code_match,1109,0.033628878547635556,32977.6
26|25|04|021|076|248,11071,6333,4738,134,3.6,3076,2648,11071.0,6333.0,4738.0,3076.0,133.66,0.0,code_match,11071,0.15758571605965985,70253.8
26|25|04|021|076|256,20212,11264,8948,126,3.6,5577,4710,20209.0,11264.0,8945.0,5576.0,125.93,-3.0,code_match,20212,0.263656080952381,76660.5
26|25|04|021|076|308,7243,4157,3086,135,3.5,2092,1906,7243.0,4157.0,3086.0,2092.0,134.71,0.0,code_match,7243,0.18667593563281534,38799.9
26|25|04|021|076|316,18091,9855,8236,120,3.5,5129,5043,18090.0,9855.0,8235.0,5129.0,119.67,-1.0,code_match,18091,0.27009907508736664,66979.1
26|25|04|021|076|324,1346,775,571,136,2.6,526,413,1346.0,775.0,571.0,526.0,135.73,0.0,code_match,1346,0.04649696710235549,28948.1
26|25|04|021|076|332,1980,1095,885,124,3.7,530,519,1980.0,1095.0,885.0,530.0,123.73,0.0,code_match,1980,0.07933139844179729,24958.6
26|25|04|021|076|340,4186,2314,1872,124,3.3,1266,1011,4186.0,2314.0,1872.0,1266.0,123.61,0.0,code_match,4186,0.07180269659691764,58298.6
26|25|04|037|075|016,14824,8354,6470,129,3.8,3889,2427,14824.0,8354.0,6470.0,3888.0,129.12,0.0,code_match,14824,1.1744506875399048,12622.1
26|25|04|037|075|024,11163,5974,5189,115,4.0,2819,2255,11163.0,5974.0,5189.0,2819.0,115.13,0.0,code_match,11163,0.24905530712943205,44821.4
26|25|04|037|075|036,16216,9097,7115,128,3.3,4890,3908,16209.0,9094.0,7111.0,4887.0,127.89,-7.0,code_match,16216,0.2110296143680524,76842.3
26|25|04|037|075|048,6325,3385,2940,115,4.1,1545,841,6324.0,3384.0,2940.0,1545.0,115.1,-1.0,code_match,6325,0.13881671380903213,45563.7
26|25|04|037|075|068,4369,2306,2063,112,3.6,1230,773,4369.0,2306.0,2063.0,1230.0,111.78,0.0,code_match,4369,0.13552982362645746,32236.4
26|25|04|037|075|076,863,437,426,103,4.0,218,118,863.0,437.0,426.0,218.0,102.58,0.0,code_match,863,0.5190747319415611,1662.6
26|25|04|037|075|152,2227,1247,980,127,3.5,634,670,2227.0,1247.0,980.0,634.0,127.24,0.0,code_match,2227,0.0350179466146393,63596.0
26|25|04|037|075|168,776,420,356,118,4.4,176,123,776.0,420.0,356.0,176.0,117.98,0.0,code_match,776,0.163872607557167,4735.4
26|25|04|037|075|208,17016,9052,7964,114,3.8,4436,4657,17016.0,9052.0,7964.0,4436.0,113.66,0.0,code_match,17016,0.3125378758683735,54444.6
26|25|04|037|075|248,5289,2775,2514,110,3.7,1414,1238,5289.0,2775.0,2514.0,1414.0,110.38,0.0,code_match,5289,0.022842178321042798,231545.3
26|25|04|037|075|256,2726,1543,1183,130,3.4,795,700,2726.0,1543.0,1183.0,795.0,130.43,0.0,code_match,2726,0.016557324114497268,164640.1
26|25|04|037|075|264,5600,3036,2564,118,3.7,1500,1297,5600.0,3036.0,2564.0,1499.0,118.41,0.0,code_match,5600,0.10151198342500978,55165.9
26|25|04|037|075|316,6454,3353,3101,108,3.7,1759,1376,6454.0,3353.0,3101.0,1759.0,108.13,0.0,code_match,6454,0.2869858079930969,22488.9
26|25|04|037|075|324,3612,1907,1705,112,3.4,1060,853,3612.0,1907.0,1705.0,1060.0,111.85,0.0,code_match,3612,0.06365526488794265,56743.1
26|25|04|037|075|348,7623,4136,3487,119,3.7,2062,1795,7623.0,4136.0,3487.0,2062.0,118.61,0.0,code_match,7623,0.17796735053170504,42833.7
26|25|04|037|075|711,6048,3732,2316,161,4.3,1412,933,6048.0,3732.0,2316.0,1412.0,161.14,0.0,code_match,6048,0.05093929113674729,118729.6
26|25|04|037|075|748,7467,4188,3279,128,3.5,2145,1798,7467.0,4188.0,3279.0,2145.0,127.72,0.0,code_match,7467,0.24228427817121603,30819.2
26|25|04|038|075|028,3726,2075,1651,126,3.6,1036,1033,3726.0,2075.0,1651.0,1036.0,125.68,0.0,code_match,3726,0.038107741933134466,97775.4
26|25|04|038|075|043,18368,10590,7778,136,3.6,5143,4403,18368.0,10590.0,7778.0,5143.0,136.15,0.0,code_match,18368,0.20221108821554604,90835.8
26|25|04|038|075|256,3700,2017,1683,120,3.4,1075,980,3698.0,2017.0,1681.0,1075.0,119.99,-2.0,code_match,3700,0.015264814442622399,242387.5
26|25|04|038|075|264,8782,4860,3922,124,3.5,2518,2064,8782.0,4860.0,3922.0,2518.0,123.92,0.0,code_match,8782,0.07045509995960039,124646.8
26|25|04|038|075|384,11509,6326,5183,122,3.6,3173,2965,11509.0,6326.0,5183.0,3172.0,122.05,0.0,code_match,11509,0.07296501627878522,157733.1
26|25|04|038|075|388,6147,3478,2669,130,3.7,1670,1605,6146.0,3478.0,2668.0,1657.0,130.36,-1.0,code_match,6147,0.05808954991214444,105819.4
26|25|04|038|713|041,12216,6662,5554,120,3.5,3491,3184,12215.0,6662.0,5553.0,3485.0,119.97,-1.0,code_match,12216,0.1678038800485056,72799.3
26|25|04|038|713|076,8739,5089,3650,139,3.3,2633,2575,8739.0,5089.0,3650.0,2633.0,139.42,0.0,code_match,8739,0.09631012200716466,90738.1
26|25|04|038|713|148,10378,5807,4571,127,3.3,3190,2952,10378.0,5807.0,4571.0,3190.0,127.04,0.0,code_match,10378,0.09000649916925035,115302.8
26|25|04|038|713|248,12098,6853,5244,131,3.3,3650,3584,12098.0,6853.0,5244.0,3650.0,130.68,0.0,code_match,12098,0.06329262617089289,191143.9
26|25|04|038|713|324,13884,7688,6196,124,3.6,3844,3350,13883.0,7688.0,6195.0,3844.0,124.1,-1.0,code_match,13884,0.17074985259273756,81311.9
26|25|04|041|712|028,2535,1309,1226,107,3.9,642,550,2535.0,1309.0,1226.0,642.0,106.77,0.0,code_match,2535,0.20314840649545268,12478.6
26|25|04|041|712|248,2049,1185,864,137,4.8,427,219,2049.0,1185.0,864.0,427.0,137.15,0.0,code_match,2049,1.0483409839613975,1954.5
26|25|04|041|712|256,2255,1176,1079,109,3.5,648,450,2255.0,1176.0,1079.0,648.0,108.99,0.0,code_match,2255,1.4837745787428414,1519.8
26|25|04|041|712|308,811,404,407,99,4.0,205,200,811.0,404.0,407.0,205.0,99.26,0.0,code_match,811,0.6488225148883298,1250.0
26|25|04|041|712|368,2206,1120,1086,103,3.9,565,430,2206.0,1120.0,1086.0,565.0,103.13,0.0,code_match,2206,0.8005065808972399,2755.8
26|25|04|041|712|376,1624,914,710,129,3.8,430,450,1624.0,914.0,710.0,430.0,128.73,0.0,code_match,1624,1.3521964364129604,1201.0
26|25|04|041|712|384,2098,1067,1031,104,3.8,549,440,2098.0,1067.0,1031.0,549.0,103.49,0.0,code_match,2098,1.6160059595826837,1298.3
26|25|04|041|712|392,1951,1194,757,158,4.3,451,430,1951.0,1194.0,757.0,451.0,157.73,0.0,code_match,1951,0.9519878567677054,2049.4
26|25|04|041|713|308,10773,6171,4601,134,4.0,2706,2407,10770.0,6169.0,4600.0,2706.0,134.11,-3.0,code_match,10773,0.23697120194026405,45461.2
26|25|04|041|713|316,12311,7356,4955,149,3.9,3147,3093,12310.0,7355.0,4955.0,3147.0,148.44,-1.0,code_match,12311,0.4197486732605119,29329.5
26|25|04|042|077|016,1438,738,700,105,3.8,381,381,1438.0,738.0,700.0,381.0,105.43,0.0,code_match,1438,0.04280277540200877,33596.0
26|25|04|042|077|024,1080,603,477,126,4.1,261,190,1080.0,603.0,477.0,261.0,126.42,0.0,code_match,1080,0.08887663480517288,12151.7
26|25|04|042|077|028,1526,783,743,105,3.9,390,430,1526.0,783.0,743.0,390.0,105.38,0.0,code_match,1526,0.938190744747518,1626.5
26|25|04|042|077|048,860,453,407,111,3.8,224,235,860.0,453.0,407.0,224.0,111.3,0.0,code_match,860,0.01799484052305835,47791.5
26|25|04|042|077|056,848,446,402,111,4.1,208,180,848.0,446.0,402.0,208.0,110.95,0.0,code_match,848,0.41595969465346516,2038.7
26|25|04|042|077|064,1917,984,933,106,4.3,441,400,1917.0,984.0,933.0,441.0,105.47,0.0,code_match,1917,0.5231781353848666,3664.1
26|25|04|042|077|123,659,343,316,109,3.5,186,180,659.0,343.0,316.0,186.0,108.54,0.0,code_match,659,0.2580683091710079,2553.6
26|25|04|042|077|148,290,159,131,121,3.6,80,60,290.0,159.0,131.0,80.0,121.37,0.0,code_match,290,0.026295154863919416,11028.6
26|25|04|042|077|188,359,191,168,114,4.5,80,100,359.0,191.0,168.0,80.0,113.69,0.0,code_match,359,0.06992694228975664,5133.9
26|25|04|042|077|248,344,170,174,98,4.0,85,20,344.0,170.0,174.0,85.0,97.7,0.0,code_match,344,0.025441695213076973,13521.1
26|25|04|042|077|256,1898,989,909,109,3.6,524,540,1898.0,989.0,909.0,524.0,108.8,0.0,code_match,1898,0.102534055258045,18510.9
26|25|04|042|077|316,1873,934,939,100,3.8,491,550,1873.0,934.0,939.0,491.0,99.47,0.0,code_match,1873,0.4561697266497608,4105.9
26|25|04|042|077|348,1886,991,895,111,4.5,420,400,1886.0,991.0,895.0,420.0,110.73,0.0,code_match,1886,0.036617345619986155,51505.6
26|25|04|042|115|068,831,451,380,119,3.8,216,180,831.0,451.0,380.0,216.0,118.68,0.0,code_match,831,0.4097324972762663,2028.2
26|25|04|042|115|308,744,377,367,103,4.0,185,180,744.0,377.0,367.0,185.0,102.72,0.0,code_match,744,0.4894499404879436,1520.1
26|25|04|042|115|368,170,88,82,107,5.3,32,20,170.0,88.0,82.0,32.0,107.32,0.0,code_match,170,0.045779895566998074,3713.4
26|25|04|042|524|108,1710,900,810,111,4.2,403,334,1710.0,900.0,810.0,403.0,111.11,0.0,code_match,1710,1.282332854821515,1333.5
26|25|04|042|599|308,500,282,218,129,3.0,166,180,500.0,282.0,218.0,166.0,129.36,0.0,code_match,500,0.0917540022429925,5449.4
26|25|04|042|600|308,741,408,333,123,3.0,251,335,741.0,408.0,333.0,251.0,122.52,0.0,code_match,741,0.19032540071535375,3893.3
26|25|06|047|223|408,2091,1024,1067,96,3.6,576,630,2091.0,1024.0,1067.0,576.0,95.97,0.0,name_match_fallback,2091,0.15806021837516004,13229.1
26|25|06|050|152|124,3968,2261,1707,133,4.1,967,1202,3976.0,2267.0,1709.0,967.0,132.65,8.0,code_match,3968,6.72491860563193,590.0
26|25|06|050|152|168,1298,946,352,269,6.6,196,201,1357.0,989.0,368.0,196.0,268.75,59.0,code_match,1298,0.41660355953824485,3115.7
26|25|07|019|075|028,3210,1766,1444,122,2.9,1097,1187,3210.0,1766.0,1444.0,1097.0,122.3,0.0,code_match,3210,0.18780483129017453,17092.2
26|25|07|019|075|036,2127,1079,1048,103,3.3,650,747,2124.0,1080.0,1044.0,649.0,103.45,-3.0,code_match,2127,0.1466705193759533,14501.9
26|25|07|019|075|044,2026,1241,785,158,2.5,818,863,2028.0,1242.0,786.0,817.0,158.02,2.0,code_match,2026,0.15514079947705872,13059.1
26|25|07|019|075|052,1183,810,373,217,2.2,537,617,1191.0,819.0,372.0,537.0,220.16,8.0,code_match,1183,0.12454009803155071,9498.9
26|25|07|019|075|060,1665,1072,593,181,2.5,667,769,1665.0,1072.0,593.0,666.0,180.78,0.0,code_match,1665,0.1667596822418641,9984.4
26|25|07|019|075|068,1970,1067,903,118,3.6,540,635,1970.0,1067.0,903.0,540.0,118.16,0.0,code_match,1970,0.07104168239972777,27730.2
26|25|07|019|075|076,1140,629,511,123,2.8,411,440,1140.0,629.0,511.0,411.0,123.09,0.0,code_match,1140,0.08206596636185205,13891.3
26|25|07|019|075|084,2120,1175,945,124,3.8,555,577,2120.0,1175.0,945.0,555.0,124.34,0.0,code_match,2120,0.1475680710515386,14366.3
26|25|07|019|075|092,3108,1638,1470,111,2.8,1095,1182,3108.0,1638.0,1470.0,1095.0,111.43,0.0,code_match,3108,0.10636146720543017,29221.1
26|25|07|019|075|100,803,434,369,118,3.3,244,269,803.0,434.0,369.0,244.0,117.62,0.0,code_match,803,0.06289174316036181,12768.0
26|25|07|019|075|108,2565,1332,1233,108,3.4,760,1013,2565.0,1332.0,1233.0,759.0,108.03,0.0,code_match,2565,0.19426794482354978,13203.4
26|25|07|019|409|409,19369,11134,8229,135,2.8,6928,7594,19377.0,11140.0,8231.0,6928.0,135.34,8.0,code_match,19369,0.10415001813800694,185972.1
26|25|07|019|409|410,29547,16073,13464,119,3.1,9678,11361,29559.0,16083.0,13466.0,9672.0,119.43,12.0,code_match,29547,0.1726453193380547,171142.8
26|25|07|019|484|086,1347,734,613,120,3.3,403,535,1347.0,734.0,613.0,403.0,119.74,0.0,code_match,1347,0.015165022761044037,88822.8
26|25|07|019|484|280,1183,668,514,130,3.0,389,502,1183.0,668.0,514.0,389.0,129.96,0.0,code_match,1183,0.018887790280678548,62633.1
26|25|07|019|484|695,12654,7602,5051,151,3.0,4154,3950,12656.0,7604.0,5051.0,4154.0,150.54,2.0,code_match,12654,0.17402356206310055,72714.3
26|25|07|020|484|068,870,465,405,115,3.3,264,238,870.0,465.0,405.0,264.0,114.81,0.0,code_match,870,0.0374335933475234,23241.2
26|25|07|020|484|070,6139,3442,2697,128,2.9,2119,2409,6139.0,3442.0,2697.0,2117.0,127.62,0.0,code_match,6139,0.05019631364701982,122299.8
26|25|07|020|484|168,5938,3429,2509,137,3.2,1871,1732,5941.0,3431.0,2510.0,1821.0,136.69,3.0,code_match,5938,0.21165843360546419,28054.6
26|25|07|020|484|187,3629,2014,1615,125,2.9,1256,1643,3628.0,2014.0,1614.0,1256.0,124.78,-1.0,code_match,3629,0.028760244098563693,126181.1
26|25|07|020|484|248,312,165,147,112,3.6,87,120,313.0,165.0,147.0,87.0,112.24,1.0,code_match,312,0.026491991423434797,11777.1
26|25|07|020|484|282,15153,8733,6419,136,3.5,4269,3602,15153.0,8733.0,6419.0,4269.0,136.05,0.0,code_match,15153,0.10405224846450821,145628.8
26|25|07|020|484|283,11140,6924,4216,164,3.3,3330,3305,11143.0,6926.0,4217.0,3329.0,164.24,3.0,code_match,11140,0.1286321747273101,86603.5
26|25|07|020|484|368,24470,13048,11419,114,2.9,8336,9534,24469.0,13048.0,11418.0,8334.0,114.28,-1.0,code_match,24470,0.19381286009665463,126255.8
26|25|07|020|484|372,7611,4472,3139,143,3.9,1930,1789,7611.0,4472.0,3139.0,1930.0,142.47,0.0,code_match,7611,0.11795752172695743,64523.2
26|25|07|020|484|387,589,437,152,288,4.1,142,151,589.0,437.0,152.0,142.0,287.5,0.0,code_match,589,0.007319879974347472,80465.8
26|25|07|020|484|388,15172,9023,6149,147,3.2,4678,4302,15172.0,9023.0,6149.0,4671.0,146.74,0.0,code_match,15172,0.1535734316481078,98793.1
26|25|07|020|484|396,2738,1420,1318,108,3.5,781,799,2738.0,1420.0,1318.0,781.0,107.74,0.0,code_match,2738,0.16444122286486132,16650.3
26|25|07|020|484|448,3877,2433,1444,169,4.4,873,932,3880.0,2435.0,1445.0,873.0,168.51,3.0,code_match,3877,0.31912907628716974,12148.7
26|25|07|020|484|741,784,486,298,163,5.3,148,187,784.0,486.0,298.0,148.0,163.09,0.0,code_match,784,0.03817979507922728,20534.4
26|25|08|015|370|248,41171,21418,19753,108,4.0,10339,9978,41171.0,21418.0,19753.0,10339.0,108.43,0.0,code_match,41171,1.0540395612867943,39060.2
26|25|08|015|370|256,23056,11650,11406,102,4.0,5719,4752,23060.0,11655.0,11405.0,5707.0,102.19,4.0,code_match,23056,0.3505519537938537,65770.6
26|25|08|098|076|028,9070,5239,3831,137,2.9,3147,2910,9070.0,5239.0,3831.0,3146.0,136.75,0.0,code_match,9070,0.4520221237324158,20065.4
26|25|08|098|114|248,8416,4947,3469,143,3.7,2258,1905,8419.0,4947.0,3472.0,2258.0,142.48,3.0,code_match,8416,0.4774019391771618,17628.8
26|25|08|098|154|076,4390,2225,2165,103,4.2,1051,929,4390.0,2225.0,2165.0,1051.0,102.77,0.0,code_match,4390,0.22497196126197685,19513.5
26|25|08|098|334|368,2313,1173,1140,103,3.9,590,680,2314.0,1174.0,1140.0,590.0,102.98,1.0,code_match,2313,0.08756953642650055,26413.3
26|25|08|098|375|029,288,122,166,74,5.0,58,6,288.0,122.0,166.0,57.0,73.49,0.0,code_match,288,0.17687543848045906,1628.3
26|25|08|098|375|048,7246,4465,2781,161,4.1,1785,1465,7246.0,4465.0,2781.0,1783.0,160.55,0.0,code_match,7246,2.3378062981361047,3099.5
26|25|08|098|375|063,112,57,55,104,3.5,32,60,116.0,59.0,57.0,32.0,103.51,4.0,code_match,112,0.3634460738559707,308.2
26|25|08|098|375|104,2903,1501,1402,107,6.4,452,376,2903.0,1501.0,1402.0,450.0,107.06,0.0,code_match,2903,0.39232848756354716,7399.4
26|25|08|098|375|112,1621,953,668,143,4.3,374,360,1621.0,953.0,668.0,374.0,142.66,0.0,code_match,1621,1.1190575314982198,1448.5
26|25|08|098|375|428,3903,1929,1974,98,4.0,965,925,3903.0,1929.0,1974.0,965.0,97.72,0.0,code_match,3903,0.1997645337448743,19538.0
26|25|08|098|375|436,3742,1858,1884,99,3.9,969,682,3742.0,1858.0,1884.0,969.0,98.62,0.0,code_match,3742,0.15470851729615967,24187.4
26|25|08|098|375|568,2597,1371,1226,112,5.2,496,743,2603.0,1374.0,1229.0,496.0,111.8,6.0,code_match,2597,0.3271901528128596,7937.3
26|25|08|098|413|012,6503,3186,3317,96,4.1,1575,1092,6503.0,3189.0,3314.0,1574.0,96.23,0.0,code_match,6503,0.20246374870767933,32119.3
26|25|08|098|413|036,5043,3239,1804,180,6.0,844,745,5045.0,3241.0,1804.0,844.0,179.66,2.0,code_match,5043,2.5113143201715045,2008.1
26|25|08|098|413|348,1306,598,708,85,4.3,306,336,1306.0,598.0,708.0,306.0,84.46,0.0,code_match,1306,0.09924325806713542,13159.6
26|25|08|098|454|024,382,191,191,100,5.5,70,115,382.0,191.0,191.0,70.0,100.0,0.0,code_match,382,0.06125310011324169,6236.4
26|25|08|098|454|029,2828,1360,1468,93,4.3,651,728,2827.0,1360.0,1467.0,651.0,92.71,-1.0,code_match,2828,0.4312309941253523,6558.0
26|25|08|098|454|043,233,128,105,122,5.1,46,50,233.0,128.0,105.0,46.0,121.9,0.0,code_match,233,0.1825329015430227,1276.5
26|25|08|098|454|088,443,216,227,95,4.2,105,104,443.0,216.0,227.0,105.0,95.15,0.0,code_match,443,0.03301414243950697,13418.5
26|25|08|098|454|368,2265,1111,1154,96,4.1,557,730,2265.0,1111.0,1154.0,557.0,96.27,0.0,code_match,2265,0.27466851314511154,8246.3
26|25|08|098|454|376,6,2,4,50,6.0,1,1,6.0,2.0,4.0,1.0,50.0,0.0,code_match,6,0.9877547062049754,6.1
26|25|08|098|454|384,440,217,223,97,4.4,99,50,440.0,217.0,223.0,96.0,97.31,0.0,code_match,440,0.055165155074511814,7976.0
26|25|08|098|454|392,2083,1012,1071,95,4.4,473,675,2083.0,1012.0,1071.0,473.0,94.49,0.0,code_match,2083,0.2825842570141994,7371.3
26|25|08|098|454|400,1274,637,637,100,4.0,317,352,1274.0,637.0,637.0,317.0,100.0,0.0,code_match,1274,0.6045868941158943,2107.2
26|25|08|098|710|028,617,272,345,79,4.3,145,156,617.0,272.0,345.0,145.0,78.84,0.0,code_match,617,0.22497196126197685,2742.6
26|25|08|098|710|520,1515,971,544,179,6.1,249,338,1515.0,971.0,544.0,249.0,178.49,0.0,code_match,1515,1.0975044809737127,1380.4
26|25|10|047|038|041,7763,4469,3294,136,3.1,2483,2699,7763.0,4469.0,3294.0,2483.0,135.67,0.0,code_match,7763,0.10840289193231716,71612.5
26|25|10|047|227|108,51187,26949,24238,111,3.6,14333,11534,51183.0,26947.0,24236.0,14329.0,111.19,-4.0,code_match,51187,1.0633873882146498,48135.8
26|25|10|047|227|128,5730,3007,2723,110,3.5,1630,1707,5730.0,3007.0,2723.0,1630.0,110.43,0.0,code_match,5730,0.049228415835388055,116396.2
26|25|10|047|487|123,16968,8996,7972,113,3.6,4762,4376,16965.0,8995.0,7970.0,4761.0,112.86,-3.0,code_match,16968,0.2687458707942317,63137.7
26|25|10|047|487|248,12966,6972,5994,116,3.6,3607,3627,12966.0,6972.0,5994.0,3600.0,116.32,0.0,code_match,12966,0.2705599396684,47922.8
26|25|10|048|039|057,7278,3846,3432,112,3.7,1981,2420,7278.0,3846.0,3432.0,1981.0,112.06,0.0,code_match,7278,0.2694650827684467,27009.1
26|25|10|048|152|128,17999,9309,8690,107,3.7,4873,4050,17999.0,9309.0,8690.0,4872.0,107.12,0.0,code_match,17999,0.6477446786302614,27787.2
26|25|10|048|152|148,22748,12009,10738,112,3.6,6276,3471,22748.0,12009.0,10738.0,6275.0,111.84,0.0,code_match,22748,1.7568893802501893,12947.9
26|25|10|048|152|368,27855,14632,13222,111,3.7,7431,5185,27855.0,14632.0,13222.0,7431.0,110.66,0.0,code_match,27855,1.7958463578462396,15510.8
26|25|10|049|152|064,33003,17965,15038,120,3.8,8732,10222,33014.0,17974.0,15040.0,8697.0,119.51,11.0,code_match,33003,0.5458668009914814,60459.8
26|25|10|049|152|208,31675,17063,14612,117,3.9,8085,7688,31674.0,17065.0,14609.0,8053.0,116.81,-1.0,code_match,31675,0.7299820720207918,43391.5
26|25|10|049|152|261,28326,15426,12900,120,3.8,7467,9769,28325.0,15426.0,12899.0,7464.0,119.59,-1.0,code_match,28326,0.45025424733050573,62911.1
26|25|10|049|152|262,14357,7704,6653,116,3.7,3838,4057,14357.0,7704.0,6653.0,3838.0,115.8,0.0,code_match,14357,0.18605173292702112,77166.7
26|25|10|050|152|168,8041,4578,3463,132,3.4,2364,2160,8059.0,4593.0,3466.0,2358.0,132.52,18.0,code_match,8041,0.1115874547305655,72060.1
26|25|10|050|152|210,12613,6519,6094,107,3.5,3631,3690,12613.0,6519.0,6094.0,3629.0,106.97,0.0,code_match,12613,0.24794093082121532,50871.0
26|25|10|050|152|248,31245,16699,14546,115,3.7,8454,9561,31246.0,16700.0,14546.0,8449.0,114.81,1.0,code_match,31245,0.4597503288486181,67960.8
26|25|10|050|599|074,67161,36452,30706,119,3.6,18407,19090,67167.0,36457.0,30707.0,18405.0,118.73,6.0,code_match,67161,0.43644865611952266,153880.6
26|25|10|050|599|074,67161,36452,30706,119,3.6,18407,19090,67167.0,36457.0,30707.0,18405.0,118.73,6.0,code_match,67161,0.587802599523821,114257.7
26|25|11|009|037|057,6955,3681,3274,112,4.0,1744,1637,6951.0,3681.0,3270.0,1744.0,112.57,-4.0,code_match,6955,0.07087473692637315,98130.9
26|25|11|009|114|048,6260,3344,2916,115,3.5,1795,1884,6260.0,3344.0,2916.0,1795.0,114.68,0.0,code_match,6260,0.10088497389775244,62050.9
26|25|11|009|295|148,8584,5037,3545,142,4.7,1818,1698,8584.0,5037.0,3545.0,1818.0,142.09,0.0,code_match,8584,0.092242822050489,93058.7
26|25|11|009|368|128,6425,3414,3011,113,4.0,1620,1507,6425.0,3414.0,3011.0,1620.0,113.38,0.0,code_match,6425,0.0876942684527243,73265.9
26|25|11|009|368|188,2610,1462,1148,127,3.8,680,769,2610.0,1462.0,1148.0,680.0,127.35,0.0,code_match,2610,0.03518017967011478,74189.5
26|25|11|009|368|196,6994,3632,3362,108,3.7,1890,2045,7010.0,3644.0,3366.0,1888.0,108.26,16.0,code_match,6994,0.24245105329485805,28847.1
26|25|11|009|478|028,11309,6328,4978,127,3.9,2898,2626,11311.0,6331.0,4977.0,2898.0,127.21,2.0,code_match,11309,0.13031990202215957,86778.8
26|25|11|009|478|068,7601,4819,2782,173,3.6,2084,1955,7696.0,4909.0,2787.0,2084.0,176.14,95.0,code_match,7601,1.237075920560189,6144.3
26|25|11|009|478|208,7195,4210,2985,141,3.8,1886,1853,7201.0,4216.0,2985.0,1886.0,141.24,6.0,code_match,7195,0.13133650638376962,54782.9
26|25|11|009|478|248,5073,2881,2192,131,3.9,1286,1368,5073.0,2881.0,2192.0,1286.0,131.43,0.0,code_match,5073,0.08438998902738849,60113.8
26|25|11|009|590|028,7324,3710,3614,103,4.1,1799,1917,7324.0,3710.0,3614.0,1799.0,102.66,0.0,code_match,7324,0.11399757231288418,64247.0
26|25|11|010|074|068,21343,11514,9829,117,3.2,6629,6898,21353.0,11519.0,9834.0,6629.0,117.13,10.0,code_match,21343,0.5236739726979083,40756.3
26|25|11|010|075|388,20576,10501,10075,104,3.5,5858,5862,20576.0,10501.0,10075.0,5855.0,104.23,0.0,code_match,20576,0.1849339758868017,111261.3
26|25|11|010|076|088,381,209,172,122,3.3,116,115,381.0,209.0,172.0,116.0,121.51,0.0,code_match,381,0.004518693963108127,84316.4
26|25|11|010|076|096,987,532,455,117,3.3,297,287,987.0,532.0,455.0,294.0,116.92,0.0,code_match,987,0.027071785380540666,36458.6
26|25|11|010|405|368,18834,9819,9014,109,3.7,5130,5407,18979.0,9930.0,9048.0,5130.0,109.75,145.0,code_match,18834,0.34696072078753604,54282.8
26|25|11|010|479|128,1011,572,436,131,3.3,302,304,1014.0,575.0,436.0,302.0,131.88,3.0,code_match,1011,0.2096287699030966,4822.8
26|25|21|015|375|028,57726,29693,28032,106,3.7,15436,16161,57728.0,29696.0,28031.0,15435.0,105.94,2.0,code_match,57726,0.5016296118610771,115076.9
26|25|21|015|375|028,57726,29693,28032,106,3.7,15436,16161,57728.0,29696.0,28031.0,15435.0,105.94,2.0,code_match,57726,0.22660015121551882,254748.3
26|25|21|015|375|068,8021,4273,3748,114,3.8,2093,1731,8021.0,4273.0,3748.0,2093.0,114.01,0.0,code_match,8021,0.3643936658579786,22011.9
26|25|21|015|446|216,19933,10193,9740,105,4.1,4916,4460,19933.0,10193.0,9740.0,4911.0,104.65,0.0,code_match,19933,0.14094454746988552,141424.4
26|25|21|015|446|228,20412,10738,9674,111,3.8,5414,6990,20410.0,10737.0,9673.0,5410.0,111.0,-2.0,code_match,20412,0.12843639398795292,158926.9
26|25|22|017|075|001,4676,2452,2224,110,3.5,1351,1302,4675.0,2451.0,2224.0,1350.0,110.21,-1.0,code_match,4676,0.19402087252593422,24100.5
26|25|22|017|075|002,8344,4481,3863,116,3.7,2277,2033,8343.0,4481.0,3862.0,2273.0,116.03,-1.0,code_match,8344,0.24153249103228663,34546.1
26|25|22|017|075|003,10321,5580,4741,118,3.5,2945,2536,10321.0,5580.0,4741.0,2940.0,117.7,0.0,code_match,10321,0.32421720024955064,31833.6
26|25|22|017|075|004,4477,2418,2059,117,3.3,1365,1444,4480.0,2422.0,2058.0,1365.0,117.69,3.0,code_match,4477,0.19793103612008184,22619.0
26|25|22|017|075|005,11560,5686,5874,97,3.5,3312,2958,11559.0,5686.0,5873.0,3310.0,96.82,-1.0,code_match,11560,0.2810591395879797,41130.1
26|25|22|017|075|007,2051,1295,756,171,4.2,490,270,2050.0,1295.0,755.0,490.0,171.52,-1.0,code_match,2051,0.22645437259188764,9057.0
26|25|22|017|075|008,4792,2615,2177,120,3.2,1500,1334,4792.0,2615.0,2177.0,1500.0,120.12,0.0,code_match,4792,0.8587188869410083,5580.4
26|25|22|017|075|009,1409,986,423,233,4.9,290,184,1409.0,986.0,423.0,290.0,233.1,0.0,code_match,1409,4.332345180892695,325.2
26|25|22|017|075|029,6725,3671,3054,120,3.6,1874,1779,6725.0,3671.0,3054.0,1872.0,120.2,0.0,code_match,6725,0.24957102600388548,26946.2
26|25|22|017|075|036,7537,4318,3217,134,3.4,2220,1808,7537.0,4318.0,3217.0,2219.0,134.22,0.0,code_match,7537,0.4898222182976277,15387.2
26|25|22|017|372|054,2610,1463,1147,128,3.4,778,707,2610.0,1463.0,1147.0,778.0,127.55,0.0,code_match,2610,0.049854967456358756,52351.9
26|25|22|017|372|188,17985,10920,7065,155,3.8,4752,4492,17985.0,10920.0,7065.0,4752.0,154.56,0.0,code_match,17985,0.2469788510604744,72820.0
26|25|22|017|372|196,21582,11940,9642,124,3.7,5862,6067,21584.0,11942.0,9642.0,5861.0,123.85,2.0,code_match,21582,0.26225849277385493,82292.9
26|25|22|017|372|204,2629,1640,989,166,3.6,738,728,2630.0,1641.0,989.0,738.0,165.93,1.0,code_match,2629,0.03931527858061218,66869.7
26|25|22|017|375|068,6584,3710,2874,129,3.5,1863,1617,6588.0,3714.0,2874.0,1863.0,129.23,4.0,code_match,6584,0.12806924100561512,51409.7
26|25|22|017|375|208,5075,3051,2024,151,3.5,1454,1483,5074.0,3051.0,2023.0,1454.0,150.82,-1.0,code_match,5075,0.2143285001932007,23678.6
26|25|22|017|375|248,7316,4179,3137,133,3.3,2245,2432,7316.0,4179.0,3137.0,2245.0,133.22,0.0,code_match,7316,0.07389688370421668,99002.8
26|25|22|017|375|408,14259,8020,6239,129,3.4,4206,3112,14260.0,8021.0,6239.0,4206.0,128.56,1.0,code_match,14259,0.1525888887308883,93447.2
26|25|22|039|075|028,2331,1313,1018,129,3.7,625,360,2331.0,1313.0,1018.0,625.0,128.98,0.0,code_match,2331,0.08819036454237134,26431.5
26|25|22|039|075|236,30308,17249,13058,132,3.6,8385,5590,30308.0,17249.0,13058.0,8383.0,132.1,0.0,code_match,30308,0.5673930836418397,53416.2
26|25|22|039|075|304,41684,23652,18032,131,3.6,11594,8340,41681.0,23652.0,18029.0,11586.0,131.19,-3.0,code_match,41684,0.8531294231941744,48860.1
26|25|22|040|075|052,31858,17973,13885,129,3.5,9135,8286,31867.0,17982.0,13885.0,9134.0,129.51,9.0,code_match,31858,0.16944157859338888,188017.6
26|25|22|040|075|052,31858,17973,13885,129,3.5,9135,8286,31867.0,17982.0,13885.0,9134.0,129.51,9.0,code_match,31858,0.4918294565780763,64774.5
26|25|22|040|075|068,48407,26511,21895,121,3.6,13504,10548,48409.0,26514.0,21894.0,13504.0,121.1,2.0,code_match,48407,2.2405311684903473,21605.1
26|25|22|040|075|076,4851,3894,957,407,5.1,946,1125,4853.0,3895.0,958.0,946.0,406.58,2.0,code_match,4851,0.07303828913544515,66417.2
26|25|22|040|075|296,24896,14269,10627,134,3.3,7591,8186,24917.0,14289.0,10628.0,7591.0,134.45,21.0,code_match,24896,0.34268075141016063,72650.7
26|25|26|018|075|036,3437,2007,1430,140,2.8,1226,1194,3919.0,2309.0,1610.0,1357.0,143.42,482.0,code_match,3437,0.8390784455593524,4096.2
26|25|26|018|075|228,26483,14277,12206,117,3.5,7650,7002,26476.0,14271.0,12205.0,7650.0,116.93,-7.0,code_match,26483,0.21813710565585348,121405.3
26|25|26|018|075|288,12821,7316,5503,133,3.8,3418,2988,12823.0,7318.0,5503.0,3417.0,132.98,2.0,code_match,12821,0.10015351243864655,128013.5
26|25|26|018|075|328,14626,8150,6476,126,3.6,4077,3138,14636.0,8158.0,6478.0,4077.0,125.93,10.0,code_match,14626,0.1891656799187891,77318.5
26|25|26|018|075|336,5239,3001,2238,134,3.4,1555,1641,5243.0,3003.0,2240.0,1549.0,134.06,4.0,code_match,5239,0.06896975733909959,75960.8
26|25|26|019|260|128,2844,1588,1256,126,4.1,687,766,2845.0,1589.0,1256.0,677.0,126.51,1.0,code_match,2844,0.21144128553918787,13450.5
26|25|26|019|260|136,3553,1905,1648,116,3.8,944,943,3555.0,1906.0,1649.0,943.0,115.59,2.0,code_match,3553,0.2879848129876223,12337.5
26|25|26|019|260|144,5568,3247,2321,140,4.2,1328,1345,5568.0,3251.0,2317.0,1317.0,140.31,0.0,code_match,5568,0.44619599150435585,12478.8
26|25|26|019|260|152,6961,3846,3115,124,4.0,1741,1707,6955.0,3846.0,3109.0,1728.0,123.71,-6.0,code_match,6961,0.5632319486363044,12359.0
26|25|26|019|260|160,3662,2099,1562,134,4.0,916,801,3661.0,2099.0,1561.0,916.0,134.47,-1.0,code_match,3662,0.295049891089336,12411.5
26|25|26|019|260|168,1519,806,713,113,3.3,460,451,1519.0,806.0,713.0,460.0,113.04,0.0,code_match,1519,0.2804391068816688,5416.5
26|25|26|019|260|176,6345,3829,2516,152,4.7,1364,1514,6334.0,3829.0,2505.0,1360.0,152.85,-11.0,code_match,6345,0.5382913637411948,11787.3
26|25|26|019|260|184,4833,2751,2082,132,3.8,1256,1487,4823.0,2751.0,2072.0,1240.0,132.77,-10.0,code_match,4833,0.6505500607359518,7429.1
26|25|26|020|484|268,11862,6249,5613,111,3.6,3328,3405,11859.0,6247.0,5612.0,3311.0,111.32,-3.0,code_match,11862,0.26535252203698456,44702.8
26|25|27|022|594|028,5885,3161,2724,116,3.5,1695,2161,5886.0,3162.0,2724.0,1695.0,116.08,1.0,code_match,5885,0.08738081751020425,67348.9
26|25|27|022|594|036,2147,1416,731,194,4.9,440,484,2147.0,1416.0,731.0,440.0,193.71,0.0,code_match,2147,0.010904133565700361,196897.8
26|25|27|022|594|068,537,300,237,127,3.2,166,168,537.0,300.0,237.0,166.0,126.58,0.0,code_match,537,0.05365332437771305,10008.7
26|25|27|022|594|248,9334,5090,4244,120,3.7,2528,2647,9334.0,5090.0,4244.0,2528.0,119.93,0.0,code_match,9334,0.1253048889109286,74490.3
26|25|27|022|594|256,3089,1713,1376,125,3.4,898,938,3089.0,1713.0,1376.0,898.0,124.49,0.0,code_match,3089,0.02726801039171604,113282.9
26|25|27|022|594|258,1910,959,951,101,3.5,540,473,1910.0,959.0,951.0,540.0,100.84,0.0,code_match,1910,0.008168163440560936,233834.7
26|25|27|022|594|268,3862,2130,1732,123,4.0,975,1194,3862.0,2130.0,1732.0,975.0,122.98,0.0,code_match,3862,0.032352891984556334,119371.1
26|25|27|022|594|288,5290,2893,2397,121,3.7,1426,1568,5290.0,2893.0,2397.0,1426.0,120.69,0.0,code_match,5290,0.052828806142109073,100134.8
26|25|27|022|594|316,4478,2399,2079,115,3.9,1152,1058,4478.0,2399.0,2079.0,1152.0,115.39,0.0,code_match,4478,0.022832724449989756,196122.0
26|25|27|022|594|324,21275,11442,9833,116,3.9,5422,5689,21275.0,11442.0,9833.0,5422.0,116.36,0.0,code_match,21275,0.2282170938271219,93222.6
26|25|27|022|594|368,1004,544,460,118,4.1,245,236,1004.0,544.0,460.0,245.0,118.26,0.0,code_match,1004,0.012358719088421777,81238.2
26|25|27|022|594|408,20341,10983,9358,117,3.4,5922,6833,20341.0,10983.0,9358.0,5922.0,117.36,0.0,code_match,20341,0.4053071584814191,50186.6
26|25|30|004|784|028,26168,13744,12424,111,3.4,7621,7104,26167.0,13744.0,12423.0,7619.0,110.63,-1.0,code_match,26168,0.2777774243395577,94204.9
26|25|30|004|784|368,8828,4936,3892,127,3.8,2325,2546,8831.0,4938.0,3893.0,2323.0,126.84,3.0,code_match,8828,0.1794712295178391,49188.9
26|25|30|004|784|376,11584,6221,5363,116,3.6,3186,3445,11580.0,6221.0,5359.0,3177.0,116.09,-4.0,code_match,11584,0.09099382690156928,127305.3
26|25|30|004|784|384,10143,5620,4520,124,3.5,2916,2839,10142.0,5620.0,4520.0,2916.0,124.34,-1.0,code_match,10143,0.08829534679994439,114875.8
26|25|30|004|784|400,11740,6411,5329,120,3.5,3316,3064,11736.0,6411.0,5325.0,3314.0,120.39,-4.0,code_match,11740,0.18558880751267318,63258.1
26|25|30|004|784|424,26619,19587,7032,279,7.4,3608,3515,26636.0,19597.0,7039.0,3603.0,278.41,17.0,code_match,26619,0.61690655550328,43149.2
26|25|30|014|709|308,34442,18419,16020,115,3.6,9664,7744,34440.0,18419.0,16018.0,9654.0,114.99,-2.0,code_match,34442,0.40284630885190603,85496.6
26|25|30|014|709|316,37206,20064,17142,117,3.7,10157,8619,37233.0,20086.0,17147.0,10156.0,117.14,27.0,code_match,37206,0.3559022045586159,104540.0
26|25|30|014|709|324,28710,15171,13539,112,3.8,7596,7292,28714.0,15175.0,13539.0,7596.0,112.08,4.0,code_match,28710,0.30990620134015434,92640.9
26|25|30|016|334|068,22847,12374,10473,118,3.8,5950,5423,22848.0,12374.0,10474.0,5946.0,118.14,1.0,code_match,22847,0.12428981073621057,183820.4
26|25|30|016|334|408,49572,25853,23719,109,3.9,12618,11978,49563.0,25854.0,23709.0,12579.0,109.05,-9.0,code_match,49572,0.4036513795130434,122808.9
26|25|30|016|409|068,11313,5685,5628,101,3.7,3028,3119,11313.0,5685.0,5628.0,3028.0,101.01,0.0,code_match,11313,0.12752149492300793,88714.5
26|25|30|016|409|408,27641,14425,13216,109,3.9,6999,6478,27647.0,14431.0,13216.0,6997.0,109.19,6.0,code_match,27641,0.3756166928777012,73588.3
26|25|30|016|409|594,25524,13971,11553,121,4.1,6265,5810,25526.0,13973.0,11553.0,6260.0,120.95,2.0,code_match,25524,0.2905353617066111,87851.6
26|25|30|016|409|622,7413,3773,3640,104,3.8,1934,1785,7413.0,3773.0,3640.0,1934.0,103.65,0.0,code_match,7413,0.09323924922707641,79505.1
26|25|37|017|373|048,7208,3880,3328,117,3.5,2064,2090,7208.0,3880.0,3328.0,2064.0,116.59,0.0,code_match,7208,0.0915615288620867,78723.0
26|25|37|017|373|208,5181,2886,2295,126,3.3,1589,1408,5182.0,2887.0,2295.0,1589.0,125.8,1.0,code_match,5181,0.20960175399920689,24718.3
26|25|37|017|373|216,8038,4551,3487,131,3.7,2198,2303,8038.0,4551.0,3487.0,2196.0,130.51,0.0,code_match,8038,0.19196901115809553,41871.3
26|25|37|017|373|224,2989,1693,1296,131,3.8,777,765,2996.0,1698.0,1298.0,777.0,130.82,7.0,code_match,2989,0.07833245365183897,38157.9
26|25|37|017|373|240,6724,4150,2574,161,3.4,1997,1735,6724.0,4150.0,2574.0,1996.0,161.23,0.0,code_match,6724,0.22631079302488039,29711.4
26|25|37|017|373|248,15419,8556,6863,125,3.4,4478,5060,15425.0,8558.0,6867.0,4477.0,124.63,6.0,code_match,15419,0.2934679571834525,52540.7
26|25|37|017|373|256,11931,6321,5610,113,3.5,3426,2853,11930.0,6321.0,5609.0,3418.0,112.69,-1.0,code_match,11931,0.26982233245719744,44218.0
26|25|37|017|373|264,8210,4510,3700,122,3.8,2142,2041,8210.0,4510.0,3700.0,2138.0,121.89,0.0,code_match,8210,0.7254607915551089,11316.9
26|25|37|017|373|272,23317,13789,9528,145,3.5,6729,7843,23315.0,13789.0,9526.0,6721.0,144.75,-2.0,code_match,23317,0.3801750830123232,61332.3
26|25|37|017|373|280,4903,2604,2299,113,3.6,1351,1500,4903.0,2604.0,2299.0,1347.0,113.27,0.0,code_match,4903,0.10648196977050327,46045.4
26|25|37|017|373|288,12852,6943,5907,118,3.4,3735,2796,12851.0,6943.0,5906.0,3735.0,117.56,-1.0,code_match,12852,0.32466306784644683,39585.7
26|25|37|017|373|296,14075,7919,6155,129,3.5,3973,4060,14076.0,7924.0,6152.0,3949.0,128.8,1.0,code_match,14075,0.4896986694332385,28742.2
26|25|37|017|373|348,1527,923,604,153,3.9,392,330,1534.0,929.0,605.0,388.0,153.55,7.0,code_match,1527,0.28696845355415984,5321.1
26|25|37|017|373|356,20361,13048,7313,178,3.3,6108,6976,20369.0,13056.0,7313.0,6099.0,178.53,8.0,code_match,20361,0.42975159463889784,47378.5
26|25|37|043|149|068,533,279,254,110,4.1,129,130,533.0,279.0,254.0,129.0,109.84,0.0,code_match,533,0.2861851519714608,1862.4
26|25|37|043|149|076,323,180,143,126,3.8,85,90,323.0,180.0,143.0,85.0,125.87,0.0,code_match,323,0.14270821829250946,2263.4
26|25|37|043|149|084,307,164,143,115,3.7,82,40,307.0,164.0,143.0,82.0,114.69,0.0,code_match,307,0.052547351997009224,5842.3
26|25|37|043|150|068,685,358,327,110,4.0,170,60,685.0,358.0,327.0,170.0,109.48,0.0,code_match,685,0.5378648268706291,1273.6
26|25|48|013|709|340,22643,12161,10481,116,3.8,5979,4429,24915.0,13383.0,11531.0,6606.0,116.06,2272.0,code_match,22643,0.2415509220781824,93740.1
26|25|48|013|709|455,21290,10951,10339,106,3.8,5609,4294,22950.0,11825.0,11125.0,6023.0,106.29,1660.0,code_match,21290,0.20065070532482643,106104.8
26|25|48|013|709|528,18171,9590,8580,112,3.8,4840,4916,18171.0,9590.0,8580.0,4840.0,111.77,0.0,code_match,18171,0.24527394505417166,74084.5
26|25|48|013|709|555,2119,1130,989,114,3.7,575,608,2119.0,1130.0,989.0,575.0,114.26,0.0,code_match,2119,0.023151912797972896,91525.9
26|25|48|014|709|308,19516,11007,8509,129,3.6,5364,5326,19516.0,11008.0,8508.0,5364.0,129.38,0.0,code_match,19516,0.20372985173601812,95793.5
26|25|48|014|709|324,56046,30534,25512,120,3.7,15101,13960,61441.0,33501.0,27939.0,16517.0,119.91,5395.0,code_match,56046,0.5622662731920941,99678.8
26|25|48|014|709|492,15399,8418,6981,121,3.7,4111,4041,15419.0,8437.0,6982.0,4111.0,120.84,20.0,code_match,15399,0.11624402114822786,132471.3
26|25|50|029|487|028,4046,2140,1906,112,3.8,1070,1001,4046.0,2140.0,1906.0,1070.0,112.28,0.0,code_match,4046,0.0416627178280453,97113.2
26|25|50|029|487|074,18440,10357,8083,128,4.0,4649,3960,18446.0,10362.0,8084.0,4633.0,128.18,6.0,code_match,18440,0.17735977444029855,103969.5
26|25|37|043|150|076,482,259,223,116,4.0,120,110,482.0,259.0,223.0,120.0,116.14,0.0,code_match,482,0.16192042247372787,2976.8
26|25|37|043|150|084,1401,753,648,116,4.2,335,120,1401.0,753.0,648.0,335.0,116.2,0.0,code_match,1401,0.7876114392143448,1778.8
26|25|37|043|150|092,822,419,403,104,4.0,207,110,822.0,419.0,403.0,207.0,103.97,0.0,code_match,822,0.044989701202447996,18270.8
26|25|37|043|150|100,1533,802,731,110,3.9,389,120,1533.0,802.0,731.0,389.0,109.71,0.0,code_match,1533,0.5847484184934371,2621.6
26|25|37|043|150|108,425,231,194,119,4.4,97,60,425.0,231.0,194.0,97.0,119.07,0.0,code_match,425,0.15313467903596434,2775.3
26|25|37|043|150|116,682,361,321,113,4.4,155,50,682.0,361.0,321.0,155.0,112.46,0.0,code_match,682,0.27193031703421366,2508.0
26|25|37|043|411|208,1315,690,625,110,4.4,302,239,1315.0,690.0,625.0,302.0,110.4,0.0,code_match,1315,2.5729114306003162,511.1
26|25|37|043|486|248,765,441,324,136,4.2,182,132,765.0,441.0,324.0,182.0,136.11,0.0,code_match,765,0.37401482410232556,2045.4
26|25|37|043|486|256,1308,683,625,109,4.0,329,140,1308.0,683.0,625.0,329.0,109.28,0.0,code_match,1308,0.2157250203966428,6063.3
26|25|37|043|598|308,774,405,369,110,4.1,189,60,774.0,405.0,369.0,189.0,109.76,0.0,code_match,774,0.04835470938432822,16006.7
26|25|37|043|598|316,691,335,356,94,3.9,178,50,691.0,335.0,356.0,178.0,94.1,0.0,code_match,691,0.10037650902061443,6884.1
26|25|37|043|598|324,792,439,353,124,3.8,207,60,792.0,439.0,353.0,207.0,124.36,0.0,code_match,792,0.5816347862637482,1361.7
26|25|37|043|598|332,199,98,101,97,4.4,45,30,199.0,98.0,101.0,45.0,97.03,0.0,code_match,199,0.015475327205765175,12859.2
26|25|37|043|598|340,307,158,149,106,3.9,78,30,307.0,158.0,149.0,78.0,106.04,0.0,code_match,307,0.11144251190284726,2754.8
26|25|37|043|598|348,284,141,143,99,3.9,73,40,284.0,141.0,143.0,73.0,98.6,0.0,code_match,284,1.0336782424861857,274.7
26|25|37|043|598|356,471,273,198,138,4.0,118,65,471.0,273.0,198.0,118.0,137.88,0.0,code_match,471,0.09406120628414076,5007.4
26|25|37|043|598|364,998,507,491,103,3.4,297,115,998.0,507.0,491.0,297.0,103.26,0.0,code_match,998,0.17020036932967045,5863.7
26|25|37|043|598|372,841,441,400,110,4.4,189,40,841.0,441.0,400.0,189.0,110.25,0.0,code_match,841,0.039372942073436897,21359.8
26|25|37|043|598|380,265,136,129,105,4.8,55,40,265.0,136.0,129.0,55.0,105.43,0.0,code_match,265,0.026649521840844338,9943.9
26|25|37|043|598|388,331,175,156,112,3.9,84,60,331.0,175.0,156.0,84.0,112.18,0.0,code_match,331,0.13689106748448945,2418.0
26|25|37|043|747|268,642,331,311,106,4.2,153,100,642.0,331.0,311.0,153.0,106.43,0.0,code_match,642,0.08988115704974642,7142.8
26|25|37|043|747|308,93,42,51,82,3.7,25,10,93.0,42.0,51.0,25.0,82.35,0.0,code_match,93,0.04081581195939199,2278.5
26|25|37|043|747|388,449,205,244,84,4.4,101,70,449.0,205.0,244.0,101.0,84.02,0.0,code_match,449,0.2484537791782729,1807.2
26|25|37|043|747|396,420,215,205,105,4.8,88,60,420.0,215.0,205.0,88.0,104.88,0.0,code_match,420,0.17196307567081678,2442.4
26|25|37|043|747|404,483,246,237,104,4.2,116,70,483.0,246.0,237.0,116.0,103.8,0.0,code_match,483,0.2662184717774185,1814.3
26|25|37|043|747|412,291,142,149,95,4.9,60,20,291.0,142.0,149.0,60.0,95.3,0.0,code_match,291,0.03542282380904939,8215.0
26|25|37|043|747|420,425,205,220,93,4.3,100,60,425.0,205.0,220.0,100.0,93.18,0.0,code_match,425,0.15777083444529386,2693.8
26|25|37|048|077|385,14331,7558,6773,112,3.4,4188,3811,14331.0,7558.0,6773.0,4187.0,111.59,0.0,code_match,14331,6.7683948243068235,2117.3
26|25|48|007|709|268,902,439,463,95,3.9,230,255,902.0,439.0,463.0,230.0,94.82,0.0,code_match,902,0.019694420489456382,45799.8
26|25|48|007|709|388,6146,3307,2839,117,4.0,1545,1551,6145.0,3307.0,2838.0,1538.0,116.53,-1.0,code_match,6146,0.07594562780226767,80926.3
26|25|48|007|709|396,2706,1390,1316,106,4.0,681,728,2706.0,1390.0,1316.0,676.0,105.62,0.0,code_match,2706,0.039349781545544436,68767.9
26|25|48|007|709|404,3523,1790,1733,103,4.0,879,725,3523.0,1790.0,1733.0,879.0,103.29,0.0,code_match,3523,0.04372734174880957,80567.4
26|25|48|007|709|412,4695,2830,1865,152,4.1,1152,1185,4695.0,2830.0,1865.0,1152.0,151.74,0.0,code_match,4695,0.04640690796337964,101170.3
26|25|48|007|709|420,3873,1921,1952,98,4.0,968,786,3883.0,1930.0,1953.0,968.0,98.82,10.0,code_match,3873,0.0933455213672525,41491.0
26|25|48|007|709|428,2115,1071,1044,103,3.7,572,616,2115.0,1071.0,1044.0,572.0,102.59,0.0,code_match,2115,0.029117381115985243,72637.0
26|25|48|007|709|436,3486,1722,1764,98,3.8,913,1171,3487.0,1723.0,1764.0,911.0,97.68,1.0,code_match,3486,0.08978119504760598,38827.7
26|25|48|007|709|444,2642,1460,1182,124,4.0,668,570,2670.0,1485.0,1185.0,668.0,125.32,28.0,code_match,2642,0.08221558681070214,32135.0
26|25|48|007|709|452,6916,3627,3289,110,3.8,1808,1192,7734.0,4004.0,3730.0,2017.0,107.35,818.0,code_match,6916,0.061733596841123575,112029.8
26|25|48|007|709|460,10247,5739,4508,127,3.9,2652,2224,10256.0,5748.0,4508.0,2649.0,127.51,9.0,code_match,10247,0.07538609972868922,135926.9
26|25|48|007|709|468,2550,1269,1281,99,3.8,673,550,2548.0,1269.0,1279.0,667.0,99.22,-2.0,code_match,2550,0.008680521844524183,293761.1
26|25|48|007|709|476,11065,6348,4717,135,3.9,2850,2354,11069.0,6353.0,4716.0,2839.0,134.71,4.0,code_match,11065,0.23915245317189532,46267.6
26|25|48|007|709|484,6357,3596,2761,130,4.0,1590,1668,6370.0,3608.0,2762.0,1590.0,130.63,13.0,code_match,6357,0.06578110476559747,96638.7
26|25|48|011|074|068,2512,1140,1372,83,4.5,560,875,2514.0,1141.0,1373.0,558.0,83.1,2.0,code_match,2512,0.03841199426160772,65396.2
26|25|48|011|074|208,31162,17161,14001,123,3.9,8081,7741,31163.0,17162.0,14001.0,8070.0,122.58,1.0,code_match,31162,0.2764056911275548,112740.1
26|25|48|011|074|209,17386,9123,8263,110,3.6,4819,4699,17392.0,9130.0,8262.0,4815.0,110.51,6.0,code_match,17386,0.2665143247552165,65234.8
26|25|48|011|595|068,26496,14079,12416,113,3.8,6920,6380,28189.0,14972.0,13216.0,7389.0,113.29,1693.0,code_match,26496,0.286884278137121,92357.8
26|25|48|011|595|248,27281,14401,12880,112,3.7,7453,7105,28224.0,14900.0,13324.0,7707.0,111.83,943.0,code_match,27281,0.27710372952041373,98450.5
26|25|48|011|595|308,7403,3911,3492,112,3.3,2225,2301,7403.0,3911.0,3492.0,2224.0,112.0,0.0,code_match,7403,0.24058008245402182,30771.5
26|25|48|012|595|049,51286,26894,24392,110,3.8,13492,11868,51527.0,27066.0,24461.0,13554.0,110.65,241.0,code_match,51286,0.5260604553267589,97490.7
26|25|48|012|709|188,7708,4233,3475,122,3.8,2016,1880,7709.0,4234.0,3475.0,2005.0,121.84,1.0,code_match,7708,0.08619153609472477,89428.7
26|25|48|012|709|208,2660,1668,992,168,4.0,669,555,2664.0,1672.0,992.0,667.0,168.55,4.0,code_match,2660,0.06877416603989156,38677.3
26|25|48|012|709|500,31601,17242,14359,120,3.8,8344,8027,31618.0,17257.0,14361.0,8329.0,120.17,17.0,code_match,31601,0.27467815028059694,115047.4
26|25|48|013|709|028,24313,13192,11121,119,3.9,6245,6319,24321.0,13199.0,11122.0,6228.0,118.67,8.0,code_match,24313,0.3001389063222504,81005.8
26|25|48|013|709|068,15455,8111,7344,110,3.7,4181,4139,15459.0,8115.0,7344.0,4177.0,110.5,4.0,code_match,15455,0.16829248861995638,91834.2
26|25|48|013|709|076,31961,17024,14934,114,3.9,8114,7487,31941.0,17014.0,14924.0,8113.0,114.0,-20.0,code_match,31961,0.31359538643536006,101918.0
26|25|48|013|709|248,22647,11795,10852,109,3.8,6017,5919,22650.0,11797.0,10853.0,6017.0,108.7,3.0,code_match,22647,0.1729237001443322,130965.3
26|25|48|013|709|316,10804,5677,5125,111,3.9,2787,2502,10804.0,5677.0,5125.0,2783.0,110.77,0.0,code_match,10804,0.1178208844474079,91698.5
26|25|50|029|487|188,8830,4923,3907,126,4.1,2175,2042,8830.0,4924.0,3906.0,2170.0,126.06,0.0,code_match,8830,0.107554178469984,82098.2
26|25|50|029|487|368,1617,799,818,98,4.0,404,408,1626.0,807.0,819.0,404.0,98.53,9.0,code_match,1617,0.026811876759248794,60309.1
26|25|50|029|487|388,16542,9109,7433,123,4.0,4099,4036,16570.0,9131.0,7439.0,4089.0,122.74,28.0,code_match,16542,0.2343295679856654,70592.9
26|25|50|029|487|396,7897,4495,3402,132,3.7,2110,1720,7898.0,4496.0,3402.0,2109.0,132.16,1.0,code_match,7897,0.06175146423160962,127883.6
26|25|50|031|485|024,710,388,322,121,3.4,208,185,710.0,388.0,322.0,208.0,120.5,0.0,code_match,710,0.01791560508753972,39630.3
26|25|50|031|485|064,1234,722,512,141,3.8,325,266,1234.0,722.0,512.0,325.0,141.02,0.0,code_match,1234,0.01907052822344679,64707.2
26|25|50|031|485|208,4081,2088,1993,105,3.5,1157,1202,4695.0,2402.0,2293.0,1388.0,104.75,614.0,code_match,4081,0.06953176828578342,58692.6
26|25|50|031|485|268,9841,5342,4499,119,3.4,2867,2878,9845.0,5344.0,4501.0,2867.0,118.73,4.0,code_match,9841,0.11957111737320597,82302.5
26|25|50|031|485|348,3798,2070,1728,120,3.5,1081,1181,3802.0,2074.0,1728.0,1078.0,120.02,4.0,code_match,3798,0.03347085641782155,113471.9
26|25|50|031|485|368,7335,4052,3283,123,3.6,2019,2054,7338.0,4054.0,3284.0,2016.0,123.45,3.0,code_match,7335,0.08579733857496544,85492.2
26|25|50|031|485|376,2027,1061,966,110,3.6,561,588,2027.0,1061.0,966.0,561.0,109.83,0.0,code_match,2027,0.010796390830181682,187747.9
26|25|50|031|485|384,9283,5424,3859,141,3.7,2498,2700,9401.0,5511.0,3890.0,2515.0,141.67,118.0,code_match,9283,0.09819778730413158,94533.7
26|25|50|031|485|508,8522,4355,4167,105,3.6,2377,2364,9997.0,5207.0,4790.0,2761.0,108.71,1475.0,code_match,8522,0.07452357933879263,114353.1
26|25|50|032|447|228,2226,1150,1076,107,3.8,589,628,2233.0,1157.0,1076.0,587.0,107.53,7.0,code_match,2226,0.06662618674607185,33410.3
26|25|50|032|447|236,5324,2622,2702,97,4.0,1324,1319,5324.0,2622.0,2702.0,1318.0,97.04,0.0,code_match,5324,0.09716463663044816,54793.6
26|25|50|032|447|244,3052,1596,1456,110,3.9,781,856,3052.0,1596.0,1456.0,733.0,109.62,0.0,code_match,3052,0.06077911595535501,50214.6
26|25|50|032|447|252,2127,1077,1050,103,3.7,575,674,2127.0,1077.0,1050.0,575.0,102.57,0.0,code_match,2127,0.059462233282181184,35770.6
26|25|50|032|447|260,2345,1150,1195,96,4.0,588,648,2350.0,1155.0,1195.0,588.0,96.65,5.0,code_match,2345,0.06812922301776489,34419.9
26|25|50|032|447|268,3536,1891,1645,115,5.3,667,734,3540.0,1894.0,1646.0,659.0,115.07,4.0,code_match,3536,0.058430101513186845,60516.8
26|25|50|032|447|276,794,354,440,81,4.0,199,261,794.0,354.0,440.0,199.0,80.45,0.0,code_match,794,0.023470911243282176,33829.1
26|25|50|032|447|420,1677,838,839,100,3.9,430,365,1683.0,842.0,841.0,414.0,100.12,6.0,code_match,1677,0.05169071765110794,32443.0
26|25|50|032|486|001,284,195,89,219,3.4,83,81,285.0,196.0,89.0,83.0,220.22,1.0,code_match,284,0.007588121735266776,37426.9
26|25|50|032|486|016,757,406,351,116,4.6,164,170,765.0,414.0,351.0,163.0,117.95,8.0,code_match,757,0.021537791563020214,35147.5
26|25|50|032|486|028,5247,2713,2534,107,3.8,1379,1090,5248.0,2714.0,2534.0,1377.0,107.1,1.0,code_match,5247,0.07818640368401054,67108.9
26|25|50|032|486|064,997,478,519,92,4.2,239,175,998.0,479.0,519.0,238.0,92.29,1.0,code_match,997,0.13578774913557132,7342.3
26|25|50|032|486|128,774,399,375,106,4.3,182,175,774.0,399.0,375.0,182.0,106.4,0.0,code_match,774,0.006394719576755868,121037.4
26|25|50|032|486|148,2720,1602,1118,143,3.6,763,661,2727.0,1608.0,1119.0,763.0,143.7,7.0,code_match,2720,0.06865040263573584,39621.0
26|25|50|032|486|168,3616,1744,1872,93,4.0,915,796,3616.0,1744.0,1872.0,915.0,93.16,0.0,code_match,3616,0.057101709588596276,63325.6
26|25|50|032|486|208,3120,1667,1453,115,3.9,806,782,3125.0,1671.0,1454.0,806.0,114.92,5.0,code_match,3120,0.09669996233923482,32264.7
26|25|50|032|486|267,28730,14744,13986,105,3.1,9187,8737,28729.0,14744.0,13985.0,9173.0,105.43,-1.0,code_match,28730,0.05903465478631096,486663.3
26|25|50|032|486|348,1113,824,288,286,7.6,147,121,1114.0,825.0,288.0,147.0,286.46,1.0,code_match,1113,0.22526620391217325,4940.8
26|25|50|032|486|368,1979,970,1009,96,4.1,482,504,1980.0,971.0,1009.0,480.0,96.23,1.0,code_match,1979,0.04363105972606358,45357.6
26|25|50|032|486|555,2803,1705,1097,155,3.9,711,697,2803.0,1705.0,1097.0,710.0,155.42,0.0,code_match,2803,0.037240301208117936,75267.9
26|25|50|033|409|016,390,272,118,231,4.0,98,110,390.0,272.0,118.0,98.0,230.51,0.0,code_match,390,0.029733468441565172,13116.5
26|25|50|033|409|028,3596,1956,1640,119,3.7,982,915,3601.0,1961.0,1640.0,982.0,119.57,5.0,code_match,3596,0.07631521669830721,47120.4
26|25|50|033|409|036,8221,4223,3998,106,3.9,2111,2165,8220.0,4223.0,3997.0,2109.0,105.65,-1.0,code_match,8221,0.20144752589998294,40809.6
26|25|50|033|409|044,5164,2798,2366,118,3.9,1321,1485,5164.0,2798.0,2366.0,1321.0,118.26,0.0,code_match,5164,0.23400691663409137,22067.7
26|25|50|033|409|052,5766,3760,2006,187,4.6,1259,1044,5766.0,3760.0,2006.0,1259.0,187.44,0.0,code_match,5766,1.0014260644871082,5757.8
26|25|50|033|409|060,5485,3098,2387,130,4.1,1351,1378,5485.0,3098.0,2387.0,1351.0,129.79,0.0,code_match,5485,0.2160360745091151,25389.3
26|25|50|033|409|128,3191,1888,1303,145,3.6,879,805,3190.0,1888.0,1302.0,878.0,145.01,-1.0,code_match,3191,0.15644406173831676,20397.1
26|25|50|033|409|148,5099,2734,2364,116,3.8,1332,1261,5104.0,2739.0,2364.0,1331.0,115.86,5.0,code_match,5099,0.13258134131254917,38459.4
26|25|50|033|409|228,9769,5508,4261,129,3.5,2783,2766,9769.0,5508.0,4261.0,2782.0,129.27,0.0,code_match,9769,0.5314941683463881,18380.3
26|25|50|033|409|231,13092,7294,5798,126,3.8,3487,3339,13090.0,7294.0,5796.0,3480.0,125.85,-2.0,code_match,13092,0.12610897413040814,103815.0
26|25|50|033|409|248,1623,858,765,112,3.6,446,435,1623.0,858.0,765.0,446.0,112.16,0.0,code_match,1623,0.011690225936385601,138833.9
26|25|50|033|409|388,2708,1562,1146,136,3.7,731,687,2708.0,1562.0,1146.0,731.0,136.3,0.0,code_match,2708,0.015250346794220777,177569.7
26|25|50|033|409|396,2102,1149,953,121,3.5,603,545,2102.0,1149.0,953.0,603.0,120.57,0.0,code_match,2102,0.008598640553916164,244457.2
26|25|50|033|409|404,13956,7644,6312,121,3.7,3772,3337,14926.0,8187.0,6739.0,4001.0,121.49,970.0,code_match,13956,0.19233624630344057,72560.4
26|25|50|033|409|412,2470,1672,798,210,6.0,410,596,2472.0,1674.0,798.0,410.0,209.77,2.0,code_match,2470,0.04098815278863975,60261.3
26|25|50|033|409|428,7089,4402,2687,164,4.6,1525,1826,7090.0,4403.0,2687.0,1525.0,163.86,1.0,code_match,7089,0.1169473910741308,60617.0
26|25|50|033|409|436,1672,938,734,128,3.6,461,592,1673.0,938.0,735.0,461.0,127.62,1.0,code_match,1672,0.05869213813400564,28487.6
26|25|50|033|409|508,2087,1097,990,111,3.6,585,540,2087.0,1097.0,990.0,585.0,110.81,0.0,code_match,2087,0.054838058838124086,38057.5
26|25|50|033|409|618,283,184,99,186,3.5,81,105,283.0,184.0,99.0,80.0,185.86,0.0,code_match,283,0.0625497268489733,4524.4
26|25|50|033|409|673,1573,846,727,116,3.5,445,433,1573.0,846.0,727.0,444.0,116.37,0.0,code_match,1573,0.010772978478684562,146013.5
26|25|50|033|673|048,26919,15769,11147,142,3.8,7061,7709,26920.0,15770.0,11147.0,7057.0,141.47,1.0,code_match,26919,0.20116145286316484,133817.9
26|25|50|033|673|058,3345,2151,1194,180,4.6,725,667,3346.0,2152.0,1194.0,725.0,180.23,1.0,code_match,3345,0.0346114767789388,96644.2
26|25|50|033|673|064,9106,4558,4548,100,3.7,2434,2562,9106.0,4558.0,4548.0,2434.0,100.22,0.0,code_match,9106,0.04544856216737934,200358.4
26|25|50|033|673|068,32949,18448,14500,127,3.5,9316,8294,32957.0,18455.0,14502.0,9311.0,127.26,8.0,code_match,32949,0.5802125099796593,56787.8
26|25|50|033|673|080,2204,1156,1048,110,3.2,698,529,2204.0,1156.0,1048.0,698.0,110.31,0.0,code_match,2204,0.022781228814426072,96746.3
26|25|50|033|673|088,6000,3184,2816,113,3.3,1797,1792,6000.0,3184.0,2816.0,1797.0,113.07,0.0,code_match,6000,0.0318508689448662,188377.9
26|25|50|033|673|123,7439,4144,3295,126,3.4,2199,2143,7438.0,4144.0,3294.0,2199.0,125.8,-1.0,code_match,7439,0.3811291716681023,19518.3
26|25|50|033|673|138,392,257,135,190,2.9,135,130,392.0,257.0,135.0,135.0,190.37,0.0,code_match,392,0.13272252289565387,2953.5
26|25|50|033|673|248,24771,13835,10936,127,4.0,6264,6125,24770.0,13834.0,10936.0,6261.0,126.5,-1.0,code_match,24771,0.20930615363330357,118348.2
26|25|50|033|673|268,22542,12386,10153,122,3.5,6431,5987,22545.0,12388.0,10154.0,6431.0,122.0,3.0,code_match,22542,0.4278161856811618,52690.9
26|25|50|033|673|276,2779,1478,1301,114,3.8,739,744,2779.0,1478.0,1301.0,739.0,113.6,0.0,code_match,2779,0.027724429334776347,100236.5
26|25|50|033|673|489,6934,3963,2971,133,3.5,1971,1548,6932.0,3963.0,2969.0,1965.0,133.48,-2.0,code_match,6934,0.18992952788331266,36508.3
26|25|50|033|673|859,7177,3836,3341,115,3.8,1898,1598,7177.0,3836.0,3341.0,1896.0,114.82,0.0,code_match,7177,0.1776055471944817,40409.8
26|25|50|034|712|188,37041,20292,16747,121,3.6,10406,9951,37041.0,20292.0,16747.0,10406.0,121.17,0.0,code_match,37041,0.23807093179219044,155588.1
26|25|50|034|712|316,21067,11671,9395,124,3.5,6031,5560,21066.0,11671.0,9394.0,6026.0,124.24,-1.0,code_match,21067,0.13283992104575879,158589.4
26|25|50|034|712|324,6272,3336,2936,114,3.8,1663,1573,6272.0,3336.0,2936.0,1658.0,113.62,0.0,code_match,6272,0.036067656004322914,173895.4
26|25|50|034|713|029,11003,6125,4876,126,3.4,3262,3010,11003.0,6125.0,4876.0,3262.0,125.62,0.0,code_match,11003,0.23560030142090824,46702.0
26|25|50|034|713|308,5754,2987,2767,108,3.6,1584,1573,5754.0,2987.0,2767.0,1584.0,107.95,0.0,code_match,5754,0.02527787258099392,227629.9
26|25|50|034|713|376,18039,9855,8180,121,3.5,5099,5170,18039.0,9855.0,8180.0,5099.0,120.48,0.0,code_match,18039,0.12753806189032962,141440.1
26|25|64|002|075|384,3384,1749,1635,107,3.5,966,1081,3384.0,1749.0,1635.0,966.0,106.97,0.0,code_match,3384,0.029378380209995884,115186.7
26|25|64|002|114|068,39347,21159,18186,116,2.7,14648,10936,39356.0,21167.0,18187.0,14637.0,116.39,9.0,code_match,39347,0.6908534063951972,56954.2
26|25|64|002|114|123,1200,641,559,115,2.7,450,394,1201.0,642.0,559.0,450.0,114.85,1.0,code_match,1200,0.2850121897621163,4210.3
26|25|64|002|114|594,4990,3083,1907,162,3.6,1400,1507,4990.0,3083.0,1907.0,1400.0,161.67,0.0,code_match,4990,1.8524075840993397,2693.8
26|25|64|002|709|045,12055,6186,5865,106,3.4,3499,3679,12054.0,6186.0,5864.0,3463.0,105.49,-1.0,code_match,12055,0.37948768480408646,31766.5
26|25|64|002|709|368,50706,26506,24200,110,3.3,15437,15104,50699.0,26506.0,24193.0,15427.0,109.56,-7.0,code_match,50706,0.3491774383792372,145215.6
26|25|64|002|709|376,872,427,445,96,3.1,281,344,872.0,427.0,445.0,281.0,95.96,0.0,code_match,872,0.46071619164298744,1892.7
26|25|64|002|709|408,8494,4459,4035,111,3.4,2479,2712,8494.0,4459.0,4035.0,2478.0,110.51,0.0,code_match,8494,0.25487432029648943,33326.2
26|25|64|002|709|705,2979,1931,1047,184,4.0,750,761,2979.0,1931.0,1047.0,749.0,184.43,0.0,code_match,2979,0.30126593758894016,9888.3
26|25|64|003|784|416,3026,1584,1442,110,3.7,821,998,3026.0,1584.0,1442.0,821.0,109.85,0.0,code_match,3026,0.01942441611858418,155783.3
26|25|64|003|784|424,2899,1533,1366,112,4.3,679,737,2899.0,1533.0,1366.0,679.0,112.23,0.0,code_match,2899,0.023754694169746703,122039.0
26|25|64|003|784|432,22035,11218,10817,104,3.9,5637,5627,22027.0,11216.0,10811.0,5636.0,103.75,-8.0,code_match,22035,0.20666883894071725,106619.8
26|25|64|003|784|440,5350,2774,2576,108,3.9,1358,657,5350.0,2774.0,2576.0,1358.0,107.69,0.0,code_match,5350,0.03642177951219017,146890.1
26|25|64|003|784|660,10625,5518,5107,108,3.9,2702,2498,10624.0,5518.0,5106.0,2695.0,108.07,-1.0,code_match,10625,0.153633596160681,69158.1
26|25|64|003|784|711,10455,5408,5047,107,3.9,2691,2600,10455.0,5408.0,5047.0,2690.0,107.15,0.0,code_match,10455,0.08181623531407198,127786.4
26|25|64|005|075|028,43735,23096,20639,112,3.8,11627,11095,43733.0,23096.0,20637.0,11625.0,111.92,-2.0,code_match,43735,0.4213367940764733,103800.6
26|25|64|005|075|368,13533,7327,6205,118,3.6,3716,3061,13533.0,7327.0,6205.0,3716.0,118.08,0.0,code_match,13533,0.1499371713941493,90257.8
26|25|64|005|075|376,6603,3460,3143,110,3.8,1752,1829,6600.0,3457.0,3143.0,1737.0,109.99,-3.0,code_match,6603,0.07341841964489794,89936.6
26|25|64|005|784|308,13334,7316,6018,122,3.8,3534,4146,13333.0,7316.0,6017.0,3530.0,121.59,-1.0,code_match,13334,0.2850061540209325,46785.0
26|25|64|005|784|392,16960,8987,7970,113,3.9,4400,4790,16960.0,8987.0,7970.0,4399.0,112.76,0.0,code_match,16960,0.19063267781656676,88966.9
26|25|64|005|784|400,20538,10720,9818,109,3.7,5507,5286,20536.0,10719.0,9817.0,5503.0,109.19,-2.0,code_match,20538,0.13201792903936801,155569.8
26|25|64|005|784|448,8066,4247,3819,111,3.5,2289,2233,8066.0,4247.0,3819.0,2288.0,111.21,0.0,code_match,8066,0.08049906540705012,100199.9
26|25|64|005|784|660,10946,5606,5340,105,3.7,2998,3282,10946.0,5606.0,5340.0,2994.0,104.98,0.0,code_match,10946,0.07485062899078224,146237.9
26|25|64|006|784|088,10019,5271,4748,111,4.0,2507,2147,10025.0,5277.0,4748.0,2506.0,111.14,6.0,code_match,10019,0.13110024583405303,76422.4
26|25|64|006|784|248,2260,1249,1011,124,3.4,656,646,2260.0,1249.0,1011.0,656.0,123.54,0.0,code_match,2260,0.1257013686638926,17979.1
26|25|64|006|784|316,27230,14105,13125,108,3.9,6958,5891,27233.0,14108.0,13125.0,6956.0,107.49,3.0,code_match,27230,0.4774984613378015,57026.4
26|25|64|006|784|368,14128,7271,6857,106,3.8,3716,3944,14125.0,7271.0,6854.0,3715.0,106.08,-3.0,code_match,14128,0.17754321296103182,79575.0
26|25|64|006|784|504,15608,8482,7126,119,3.6,4301,5236,15608.0,8482.0,7126.0,4300.0,119.03,0.0,code_match,15608,0.12407313787288672,125796.8
26|25|64|006|784|520,820,429,391,110,3.7,224,242,820.0,429.0,391.0,224.0,109.72,0.0,code_match,820,0.0075915927439623694,108014.2
26|25|64|006|784|528,33208,18807,14401,131,2.8,11929,10979,33208.0,18807.0,14401.0,11928.0,130.6,0.0,code_match,33208,0.16413078935203992,202326.5
26|25|64|006|784|536,2762,1481,1281,116,3.4,804,772,2762.0,1481.0,1281.0,799.0,115.61,0.0,code_match,2762,0.0170524807970503,161970.6
26|25|64|015|375|028,15340,8086,7254,112,3.7,4164,4426,15343.0,8087.0,7256.0,4164.0,111.45,3.0,code_match,15340,0.6435512029780964,23836.5
26|25|64|015|375|036,11953,6207,5746,108,3.3,3572,4091,11953.0,6207.0,5746.0,3572.0,108.02,0.0,code_match,11953,0.34040960905540807,35113.6
26|25|64|015|375|054,4141,2251,1890,119,3.6,1136,1012,4141.0,2251.0,1890.0,1136.0,119.1,0.0,code_match,4141,0.4084143238334093,10139.2
26|25|64|015|375|106,7415,3853,3562,108,3.6,2039,2099,7415.0,3853.0,3562.0,2039.0,108.17,0.0,code_match,7415,0.15053098129520184,49259.0
26|25|64|015|375|413,1700,902,798,113,3.3,511,498,1700.0,902.0,798.0,511.0,113.03,0.0,code_match,1700,0.07123261819290168,23865.5
26|25|66|035|076|028,6459,3838,2621,146,3.5,1842,1721,6465.0,3842.0,2623.0,1842.0,146.47,6.0,code_match,6459,0.17676413779195396,36540.2
26|25|66|035|076|036,14084,8002,6067,132,3.4,4105,3455,14106.0,8021.0,6070.0,4105.0,132.14,22.0,code_match,14084,0.31761962354512496,44342.3
26|25|66|035|076|039,5978,3175,2803,113,3.7,1621,1540,5980.0,3177.0,2803.0,1621.0,113.34,2.0,code_match,5978,0.05275352063975007,113319.5
26|25|66|035|076|048,483,250,233,107,3.6,135,90,483.0,250.0,233.0,135.0,107.3,0.0,code_match,483,0.00326450244940567,147955.2
26|25|66|035|076|068,5748,3036,2712,112,3.5,1664,1521,5754.0,3041.0,2713.0,1664.0,112.09,6.0,code_match,5748,0.05547263552390471,103618.7
26|25|66|035|076|076,7227,4184,3043,138,4.1,1753,1551,7239.0,4192.0,3047.0,1753.0,137.58,12.0,code_match,7227,0.11194956978792263,64555.9
26|25|66|035|076|128,1674,876,798,110,3.6,462,458,1677.0,879.0,798.0,462.0,110.15,3.0,code_match,1674,0.018104116027522144,92465.2
26|25|66|035|076|136,2996,1553,1443,108,3.4,879,740,2996.0,1553.0,1443.0,879.0,107.62,0.0,code_match,2996,0.017110890236541398,175093.2
26|25|66|035|076|188,3264,1769,1495,118,3.9,847,720,3264.0,1769.0,1495.0,847.0,118.33,0.0,code_match,3264,0.023712491336355807,137649.0
26|25|66|035|076|268,15250,8258,6989,118,3.6,4182,3460,15249.0,8258.0,6988.0,4181.0,118.17,-1.0,code_match,15250,0.13873176837901238,109924.4
26|25|66|035|076|276,2555,1383,1172,118,3.5,727,750,2560.0,1385.0,1175.0,727.0,117.87,5.0,code_match,2555,0.026187913865036435,97564.1
26|25|66|035|076|284,4605,2686,1919,140,4.0,1151,1011,4629.0,2702.0,1927.0,1151.0,140.22,24.0,code_match,4605,0.1240152236137444,37132.5
26|25|66|035|076|308,7433,3970,3463,115,3.7,2014,1717,7433.0,3970.0,3463.0,2014.0,114.64,0.0,code_match,7433,0.07058057825348671,105312.3
26|25|66|035|076|448,1889,1037,851,122,4.0,467,433,1891.0,1039.0,851.0,467.0,122.09,2.0,code_match,1889,0.01162721959889894,162463.6
26|25|66|036|711|105,4439,2268,2171,105,3.7,1201,1100,4442.0,2270.0,2172.0,1201.0,104.51,3.0,code_match,4439,0.07568387788375981,58651.9
26|25|66|036|711|128,2466,1258,1208,104,3.4,715,700,2466.0,1258.0,1208.0,715.0,104.14,0.0,code_match,2466,0.032371583634246914,76177.9
26|25|66|036|711|248,14503,8021,6481,124,3.5,4136,4097,14523.0,8034.0,6488.0,4135.0,123.83,20.0,code_match,14503,0.21631561102940947,67045.6
26|25|66|036|711|256,4245,2169,2076,105,3.3,1269,1118,4246.0,2170.0,2076.0,1269.0,104.53,1.0,code_match,4245,0.042371758052174836,100184.7
26|25|66|036|711|264,2469,1222,1247,98,4.1,602,610,2469.0,1222.0,1247.0,602.0,98.0,0.0,code_match,2469,0.11195516252736103,22053.5
26|25|66|036|711|272,16500,9922,6578,151,3.9,4205,3666,16500.0,9922.0,6578.0,4205.0,150.84,0.0,code_match,16500,0.16216483831814546,101748.3
26|25|66|036|711|288,13425,7307,6117,120,3.7,3648,3506,13426.0,7307.0,6118.0,3648.0,119.43,1.0,code_match,13425,0.1362767720371775,98512.8
26|25|66|036|711|388,5898,3166,2732,116,3.6,1645,1447,5900.0,3166.0,2734.0,1639.0,115.8,2.0,code_match,5898,0.04933512774187034,119549.7
26|25|67|022|781|041,1547,833,714,117,3.9,399,363,1547.0,833.0,714.0,399.0,116.67,0.0,code_match,1547,0.010405865699610762,148666.2
26|25|67|022|781|188,2705,1382,1323,105,3.6,756,808,2705.0,1382.0,1323.0,756.0,104.46,0.0,code_match,2705,0.042388347000531484,63814.7
26|25|67|022|781|196,6488,3421,3067,112,3.7,1755,1230,6488.0,3421.0,3067.0,1750.0,111.54,0.0,code_match,6488,0.06124808527089863,105929.8
26|25|67|022|781|208,4185,2238,1947,115,3.5,1192,1084,4184.0,2237.0,1947.0,1190.0,114.89,-1.0,code_match,4185,0.06457136554713498,64812.0
26|25|67|022|781|248,1841,971,870,112,3.6,509,400,1841.0,971.0,870.0,509.0,111.61,0.0,code_match,1841,0.017244318795484364,106759.8
26|25|67|022|781|308,30249,16059,14188,113,3.8,8027,6770,30248.0,16059.0,14187.0,8008.0,113.2,-1.0,code_match,30249,0.31748291597458134,95277.6
26|25|67|022|781|388,3837,2009,1828,110,3.9,988,727,3837.0,2009.0,1828.0,988.0,109.9,0.0,code_match,3837,0.027471321724557907,139672.9
26|25|67|022|781|396,1425,760,665,114,3.8,380,368,1425.0,760.0,665.0,380.0,114.29,0.0,code_match,1425,0.0066912655018330535,212964.2
26|25|67|022|781|404,4264,2206,2058,107,3.6,1189,1176,4264.0,2206.0,2058.0,1184.0,107.19,0.0,code_match,4264,0.039771136821347544,107213.4
26|25|67|022|781|412,2066,1255,811,155,4.1,510,472,2066.0,1255.0,811.0,510.0,154.75,0.0,code_match,2066,0.09590593620429114,21541.9
26|25|67|022|781|572,32856,17232,15624,110,3.8,8635,8196,32856.0,17232.0,15624.0,8623.0,110.29,0.0,code_match,32856,0.3470040845384451,94684.8
26|25|67|023|706|208,7823,4018,3805,106,3.9,1992,2415,7823.0,4018.0,3805.0,1992.0,105.6,0.0,code_match,7823,0.13931108623955066,56154.9
26|25|67|023|706|216,8732,4630,4102,113,4.0,2202,2354,8741.0,4636.0,4105.0,2202.0,112.94,9.0,code_match,8732,0.15621704698539318,55896.6
26|25|67|023|706|224,9127,5078,4049,125,4.1,2230,2547,9132.0,5081.0,4051.0,2230.0,125.43,5.0,code_match,9127,0.12263874939480093,74421.8
26|25|67|023|706|232,6201,3281,2920,112,3.8,1626,1670,6201.0,3281.0,2920.0,1626.0,112.36,0.0,code_match,6201,0.057461377270121246,107916.0
26|25|67|023|706|240,5082,2596,2486,104,3.9,1288,1275,5082.0,2596.0,2486.0,1275.0,104.42,0.0,code_match,5082,0.06747158777136693,75320.6
26|25|67|023|706|248,6221,3314,2907,114,4.2,1474,1692,6221.0,3314.0,2907.0,1474.0,114.0,0.0,code_match,6221,0.07043870095381524,88317.9
26|25|67|023|706|268,3684,2175,1509,144,4.4,845,680,3691.0,2178.0,1513.0,844.0,143.95,7.0,code_match,3684,0.058922226352574984,62523.1
26|25|67|023|706|276,12329,7394,4935,150,4.6,2665,2019,12331.0,7396.0,4935.0,2664.0,149.87,2.0,code_match,12329,0.15380245173489268,80161.3
26|25|67|023|706|328,10131,5547,4584,121,3.7,2711,2683,10131.0,5547.0,4584.0,2704.0,121.01,0.0,code_match,10131,0.09636483755561565,105131.7
26|25|70|006|038|088,4810,2620,2190,120,3.9,1226,990,4810.0,2620.0,2190.0,1226.0,119.63,0.0,code_match,4810,0.13263485507849354,36265.0
26|25|70|006|150|068,19266,10019,9206,109,3.6,5304,4077,19263.0,10019.0,9204.0,5302.0,108.85,-3.0,code_match,19266,0.2679896734411977,71890.8
26|25|70|006|150|348,17263,9145,8114,113,3.2,5320,4553,17260.0,9143.0,8113.0,5320.0,112.7,-3.0,code_match,17263,0.09765014544803352,176784.2
26|25|70|006|152|054,13296,6840,6456,106,3.7,3618,3045,13724.0,7075.0,6649.0,3759.0,106.41,428.0,code_match,13296,0.22817991618619696,58269.8
26|25|70|006|152|088,11994,6697,5295,127,3.7,3244,2704,11993.0,6696.0,5295.0,3244.0,126.46,-1.0,code_match,11994,0.7930439784757027,15124.0
26|25|70|006|484|088,3334,1769,1565,113,4.0,843,767,3332.0,1768.0,1564.0,843.0,113.04,-2.0,code_match,3334,0.07323832782670879,45522.6
26|25|70|006|784|016,4593,2375,2218,107,3.8,1203,1045,4592.0,2375.0,2217.0,1201.0,107.13,-1.0,code_match,4593,0.05274793776198153,87074.5
26|25|70|006|784|048,1486,759,727,104,3.7,403,434,1486.0,759.0,727.0,403.0,104.4,0.0,code_match,1486,0.01989796720381806,74681.0
26|25|70|006|784|063,12856,6610,6245,106,3.9,3329,2992,12858.0,6611.0,6246.0,3324.0,105.84,2.0,code_match,12856,0.15909407592575747,80807.5
26|25|70|006|784|368,3277,1708,1569,109,3.7,885,901,3280.0,1711.0,1569.0,882.0,109.05,3.0,code_match,3277,0.056641840165150815,57854.8
26|25|70|006|784|376,12041,6231,5810,107,3.8,3162,3358,12041.0,6231.0,5810.0,3159.0,107.25,0.0,code_match,12041,0.16133026629532865,74635.7
26|25|70|006|888|212,17679,9249,8430,110,3.7,4777,4105,17683.0,9250.0,8433.0,4777.0,109.69,4.0,code_match,17679,0.3506979353734552,50410.9
26|25|70|007|596|088,4824,2590,2234,116,3.4,1438,826,4824.0,2590.0,2234.0,1438.0,115.94,0.0,code_match,4824,0.02497877404565141,193124.0
26|25|70|007|709|030,10411,5555,4856,114,3.7,2782,3518,10413.0,5557.0,4856.0,2782.0,114.44,2.0,code_match,10411,0.11031014684480804,94379.4
26|25|70|007|709|036,423,328,95,345,5.8,73,30,424.0,329.0,95.0,73.0,346.32,1.0,code_match,423,0.03541585694910382,11943.8
26|25|70|007|709|110,38275,19810,18465,107,3.9,9746,7317,38270.0,19808.0,18462.0,9738.0,107.29,-5.0,code_match,38275,0.41856407839258675,91443.6
26|25|70|007|709|348,1776,888,888,100,4.2,426,480,1777.0,889.0,888.0,426.0,100.11,1.0,code_match,1776,0.0771175666366433,23029.8
26|25|74|007|709|148,330,168,162,104,3.7,90,80,331.0,169.0,162.0,90.0,104.32,1.0,code_match,330,0.0029782017239404768,110805.1
26|25|74|007|709|348,6234,3149,3084,102,3.7,1671,1536,6233.0,3149.0,3083.0,1671.0,102.14,-1.0,code_match,6234,0.06953198551467997,89656.6
26|25|74|008|075|208,4734,2618,2116,124,3.6,1308,1274,4989.0,2816.0,2171.0,1308.0,129.71,255.0,code_match,4734,0.06029893730533566,78508.8
26|25|74|008|075|216,10427,5433,4994,109,3.7,2833,2883,10600.0,5564.0,5036.0,2833.0,110.48,173.0,code_match,10427,0.20951478746107424,49767.4
26|25|74|008|075|308,7573,3988,3585,111,4.2,1808,1606,7573.0,3988.0,3585.0,1808.0,111.24,0.0,code_match,7573,0.04499411866783769,168310.9
26|25|74|008|075|348,1018,524,494,106,4.2,245,250,1018.0,524.0,494.0,245.0,106.07,0.0,code_match,1018,0.009565123292605539,106428.3
26|25|74|008|075|368,11941,6461,5480,118,3.6,3305,3146,11940.0,6461.0,5479.0,3305.0,117.92,-1.0,code_match,11941,0.08256419933416853,144626.8
26|25|74|008|075|376,5305,2927,2378,123,3.8,1389,1136,5305.0,2927.0,2378.0,1389.0,123.09,0.0,code_match,5305,0.08101436989922678,65482.2
26|25|74|008|075|384,4779,2618,2160,121,3.7,1282,1119,4777.0,2618.0,2158.0,1275.0,121.32,-2.0,code_match,4779,0.03946858215754126,121083.7
26|25|74|008|075|392,12276,6602,5674,116,3.4,3576,3461,12283.0,6605.0,5678.0,3574.0,116.33,7.0,code_match,12276,0.08519965942413463,144085.1
26|25|74|008|075|400,8271,4922,3349,147,4.1,2036,2280,8273.0,4924.0,3349.0,2036.0,147.03,2.0,code_match,8271,0.07881256436408199,104945.2
26|25|74|008|075|408,6579,3702,2877,129,3.5,1890,2031,6612.0,3725.0,2887.0,1890.0,129.03,33.0,code_match,6579,0.053696170155753724,122522.7
26|25|74|008|075|416,7093,3704,3389,109,3.5,2042,2103,7104.0,3713.0,3391.0,2037.0,109.5,11.0,code_match,7093,0.07826137568165319,90632.2
26|25|74|008|075|424,16048,8817,7231,122,3.5,4637,4661,16048.0,8817.0,7231.0,4636.0,121.93,0.0,code_match,16048,0.19300487192322746,83148.2
26|25|74|008|075|432,13644,7324,6320,116,3.3,4103,4073,13643.0,7323.0,6320.0,4103.0,115.87,-1.0,code_match,13644,0.0707528536363281,192840.3
26|25|74|008|075|440,1607,824,783,105,3.9,416,413,1607.0,824.0,783.0,416.0,105.24,0.0,code_match,1607,0.005023719164676544,319882.5
26|25|74|008|075|448,1130,541,589,92,4.1,273,272,1130.0,541.0,589.0,273.0,91.85,0.0,code_match,1130,0.02270498464939267,49768.8
26|25|74|008|113|048,2339,1440,899,160,3.4,690,678,2339.0,1440.0,899.0,690.0,160.18,0.0,code_match,2339,0.6254243881628736,3739.9
26|25|74|008|521|268,11893,6358,5535,115,3.2,3685,3586,11892.0,6358.0,5534.0,3685.0,114.89,-1.0,code_match,11893,0.42132211959205496,28227.8
26|25|74|008|784|001,1438,695,743,94,4.3,332,315,1438.0,695.0,743.0,331.0,93.54,0.0,code_match,1438,0.07082267861293946,20304.2
26|25|74|008|784|002,1069,596,473,126,4.0,264,286,1071.0,598.0,473.0,264.0,126.43,2.0,code_match,1069,0.123577887109446,8650.4
26|25|74|008|784|003,1374,739,635,116,4.1,337,340,1374.0,739.0,635.0,337.0,116.38,0.0,code_match,1374,0.898590981079453,1529.1
26|25|74|008|784|004,380,208,172,121,4.5,85,85,380.0,208.0,172.0,85.0,120.93,0.0,code_match,380,0.013837778411149752,27461.1
26|25|74|008|784|005,437,235,202,116,3.8,115,120,437.0,235.0,202.0,115.0,116.34,0.0,code_match,437,0.7291319723634394,599.3
26|25|74|008|784|006,406,199,207,96,4.9,83,82,406.0,199.0,207.0,83.0,96.14,0.0,code_match,406,0.06599608076543928,6151.9
26|25|74|008|784|007,6181,3343,2838,118,3.0,2059,2211,6181.0,3343.0,2838.0,2058.0,117.79,0.0,code_match,6181,0.06347301155129435,97380.0
26|25|74|008|784|008,938,454,484,94,4.4,215,216,938.0,454.0,484.0,211.0,93.8,0.0,code_match,938,0.007747495573115552,121071.4
26|25|74|008|784|009,332,165,167,99,3.8,87,103,332.0,165.0,167.0,83.0,98.8,0.0,code_match,332,0.006359978013117194,52201.4
26|25|74|008|784|015,1336,725,611,119,3.7,359,315,1336.0,725.0,611.0,359.0,118.66,0.0,code_match,1336,0.02655228399746122,50315.8
26|25|74|008|784|028,1417,751,666,113,3.7,382,345,1417.0,751.0,666.0,382.0,112.76,0.0,code_match,1417,0.013102324116371581,108148.8
26|25|74|008|784|208,270,149,121,123,3.3,83,84,273.0,152.0,121.0,83.0,125.62,3.0,code_match,270,0.019319147140721256,13975.8
26|25|74|008|784|216,2480,1319,1161,114,4.2,595,592,2480.0,1319.0,1161.0,595.0,113.61,0.0,code_match,2480,0.028230730549681338,87847.5
26|25|80|027|668|308,20379,11470,8909,129,4.0,5044,4652,20391.0,11482.0,8909.0,5044.0,128.88,12.0,code_match,20379,0.2506462623813206,81305.8
26|25|80|027|668|316,25033,13494,11539,117,3.8,6512,5107,25079.0,13539.0,11540.0,6512.0,117.32,46.0,code_match,25033,0.3251257399171144,76994.8
26|25|80|027|706|368,17527,9971,7556,132,4.3,4109,4034,17541.0,9981.0,7560.0,4107.0,132.02,14.0,code_match,17527,2.4376765894925767,7190.0
26|25|80|027|744|248,14691,7640,7051,108,4.1,3545,3532,14726.0,7663.0,7063.0,3544.0,108.49,35.0,code_match,14691,0.45693698336466165,32151.0
26|25|80|028|408|048,1101,563,538,105,4.0,277,221,1101.0,563.0,538.0,277.0,104.65,0.0,code_match,1101,0.024503143324909247,44933.0
26|25|80|028|408|208,134,66,68,97,4.5,30,30,134.0,66.0,68.0,30.0,97.06,0.0,code_match,134,0.014505328919893036,9238.0
26|25|80|028|408|308,22111,12263,9848,125,3.8,5751,5791,22111.0,12263.0,9848.0,5726.0,124.52,0.0,code_match,22111,0.34946715263428385,63270.6
26|25|80|028|408|316,2129,1509,620,243,4.2,503,517,2696.0,1526.0,1170.0,528.0,130.43,567.0,code_match,2129,0.4815674977858465,4421.0
26|25|80|028|408|368,2150,1089,1061,103,3.8,571,614,2150.0,1089.0,1061.0,571.0,102.64,0.0,code_match,2150,0.05683672247866283,37827.7
26|25|80|028|408|376,5307,2792,2513,111,3.7,1443,1474,5305.0,2792.0,2511.0,1443.0,111.19,-2.0,code_match,5307,0.07539753049183075,70386.9
26|25|80|028|408|384,2269,1195,1074,111,3.8,603,614,2269.0,1195.0,1074.0,603.0,111.27,0.0,code_match,2269,0.04201992820820501,53998.2
26|25|80|028|408|392,3271,1940,1331,146,3.4,963,934,3271.0,1940.0,1331.0,963.0,145.76,0.0,code_match,3271,0.03762747466523002,86931.2
26|25|80|028|408|400,16633,9078,7554,120,3.8,4384,4178,16636.0,9081.0,7554.0,4383.0,120.21,3.0,code_match,16633,0.15948235838609273,104293.7
26|25|80|028|408|408,9233,4647,4586,101,3.8,2455,2147,9233.0,4647.0,4586.0,2452.0,101.33,0.0,code_match,9233,0.2094578086188261,44080.5
26|25|90|025|743|016,8824,5219,3605,145,3.4,2609,2586,8832.0,5226.0,3606.0,2609.0,144.93,8.0,code_match,8824,0.08881572626596998,99351.8
26|25|90|025|743|054,739,383,356,108,3.6,207,189,739.0,383.0,356.0,207.0,107.58,0.0,code_match,739,0.02410644629794756,30655.7
26|25|90|025|743|308,33590,18286,15304,120,3.9,8642,8991,33593.0,18291.0,15302.0,8611.0,119.53,3.0,code_match,33590,0.4154931700826149,80843.7
26|25|90|025|743|368,14643,8090,6553,124,4.1,3541,2867,14645.0,8092.0,6553.0,3528.0,123.49,2.0,code_match,14643,0.3432420016212535,42660.9
26|25|90|026|408|208,337,298,39,764,3.2,106,103,398.0,331.0,66.0,106.0,501.52,61.0,code_match,337,0.14579327671984563,2311.5
26|25|90|026|408|216,443,359,84,427,3.9,113,100,443.0,359.0,84.0,113.0,427.38,0.0,code_match,443,0.00394599650460759,112265.7
26|25|90|026|408|224,490,464,26,1785,22.3,22,105,493.0,467.0,26.0,22.0,1796.15,3.0,code_match,490,0.010874368688039895,45060.1
26|25|90|026|408|388,29232,15887,13345,119,4.1,7134,7682,29251.0,15904.0,13347.0,7134.0,119.16,19.0,code_match,29232,0.3079779348580596,94915.9
26|25|90|026|744|308,14444,9358,5086,184,3.9,3707,3186,14473.0,9381.0,5092.0,3707.0,184.23,29.0,code_match,14444,0.2625903834681491,55005.8
26|25|90|026|744|316,10459,6017,4442,136,4.8,2193,2460,10463.0,6022.0,4441.0,2193.0,135.6,4.0,code_match,10459,0.09931053234730583,105316.1
26|25|90|026|744|376,9724,6226,3496,178,4.9,1968,2306,9830.0,6307.0,3521.0,1968.0,179.13,106.0,code_match,9724,0.2054485596720292,47330.6
26|25|92|020|484|668,4453,3058,1392,220,3.2,1406,1832,4456.0,3060.0,1392.0,1406.0,219.83,3.0,code_match,4453,0.06833730406879791,65162.1
26|25|92|024|741|028,25937,16139,9797,165,3.3,7791,8563,25954.0,16156.0,9797.0,7771.0,164.91,17.0,code_match,25937,0.36760106788876507,70557.5
26|25|92|024|741|048,4832,3447,1385,249,6.0,799,752,4907.0,3521.0,1386.0,779.0,254.04,75.0,code_match,4832,0.23408618020219205,20642.0
26|25|92|024|741|056,173,97,76,128,2.3,74,110,173.0,97.0,76.0,74.0,127.63,0.0,code_match,173,0.012657996343852574,13667.2
26|25|92|024|741|068,4061,2688,1373,196,3.9,1042,1091,4075.0,2701.0,1374.0,1042.0,196.58,14.0,code_match,4061,0.4718104604124335,8607.3
26|25|92|024|741|208,26526,16346,10174,161,3.4,7706,7841,26524.0,16348.0,10170.0,7701.0,160.75,-2.0,code_match,26526,0.8585250919991029,30897.2
26|25|92|024|741|228,1426,1090,336,324,3.6,393,441,1447.0,1108.0,339.0,393.0,326.84,21.0,code_match,1426,0.4547142137831336,3136.0
26|25|92|024|741|268,1492,986,506,195,3.8,388,447,1495.0,989.0,506.0,388.0,195.45,3.0,code_match,1492,0.13469145793435452,11077.2
26|25|92|024|741|308,2372,1411,961,147,3.6,656,753,2394.0,1433.0,961.0,656.0,149.12,22.0,code_match,2372,0.20548633128124313,11543.3
26|25|92|024|741|316,1871,1270,601,211,5.8,322,323,1883.0,1282.0,601.0,312.0,213.31,12.0,code_match,1871,0.16348682115784466,11444.3
26|25|92|024|741|408,1393,885,508,174,3.7,373,473,1393.0,885.0,508.0,373.0,174.21,0.0,code_match,1393,0.09400349444178163,14818.6
26|25|92|025|743|316,33962,19714,14248,138,3.5,9728,9022,33960.0,19714.0,14246.0,9725.0,138.38,-2.0,code_match,33962,0.24033452253672916,141311.4
26|25|93|052|075|028,6629,3638,2991,122,3.8,1755,1350,6629.0,3638.0,2991.0,1755.0,121.63,0.0,code_match,6629,0.38027928405909545,17431.9
26|25|93|052|075|036,12508,6847,5661,121,3.7,3372,3105,12508.0,6847.0,5661.0,3372.0,120.95,0.0,code_match,12508,0.3553699249466764,35197.1
26|25|93|052|075|039,2037,1065,972,110,3.2,630,700,2037.0,1065.0,972.0,630.0,109.57,0.0,code_match,2037,1.1445449775664607,1779.7
26|25|93|052|075|044,26692,13576,13114,104,3.6,7414,6110,26692.0,13576.0,13114.0,7414.0,103.52,0.0,code_match,26692,1.0348159879596834,25794.0
26|25|93|052|075|048,1343,819,524,156,3.1,436,450,1343.0,819.0,524.0,436.0,156.3,0.0,code_match,1343,1.1536528948890585,1164.1
26|25|93|052|075|049,7840,4319,3521,123,3.8,2084,1835,7840.0,4319.0,3521.0,2084.0,122.66,0.0,code_match,7840,0.15264743687594445,51360.2
26|25|93|052|075|368,985,627,358,175,3.2,312,320,986.0,628.0,358.0,312.0,175.42,1.0,code_match,985,1.760936299417594,559.4
26|25|93|052|075|388,1082,582,500,116,3.6,303,300,1082.0,582.0,500.0,303.0,116.4,0.0,code_match,1082,0.39477562840770564,2740.8
26|25|93|052|075|408,2124,1130,994,114,3.5,603,650,2124.0,1130.0,994.0,603.0,113.68,0.0,code_match,2124,0.7396831050878997,2871.5
26|25|93|052|075|469,8216,4320,3896,111,3.7,2239,2200,8218.0,4321.0,3897.0,2239.0,110.88,2.0,code_match,8216,4.322740432466794,1900.6
26|25|93|052|076|188,4960,2852,2108,135,3.4,1438,1225,5419.0,3096.0,2323.0,1568.0,133.28,459.0,code_match,4960,0.08344238243235032,59442.2
26|25|93|052|076|208,1189,634,555,114,3.7,323,365,2316.0,1218.0,1098.0,658.0,110.93,1127.0,code_match,1189,0.03485527393255145,34112.5
26|25|93|052|076|308,10854,5612,5242,107,3.7,2966,2665,11275.0,5857.0,5418.0,3083.0,108.1,421.0,code_match,10854,0.5682199549977621,19101.8
26|25|93|052|076|412,2889,1492,1397,107,3.5,825,710,2889.0,1492.0,1397.0,825.0,106.8,0.0,code_match,2889,0.07665650563773209,37687.6
26|25|93|052|076|415,969,550,419,131,3.8,256,300,969.0,550.0,419.0,256.0,131.26,0.0,code_match,969,0.0908885003963951,10661.4
26|25|93|053|116|048,7501,4177,3324,126,3.5,2117,2590,7501.0,4177.0,3324.0,2117.0,125.66,0.0,code_match,7501,0.33166639909174855,22616.1
26|25|93|053|116|415,538,356,182,196,5.1,106,122,538.0,356.0,182.0,106.0,195.6,0.0,code_match,538,0.16592117485395402,3242.5
26|25|93|053|155|068,8706,5260,3445,153,3.3,2627,2396,9190.0,5692.0,3497.0,2713.0,162.77,484.0,code_match,8706,4.1400509952546996,2102.9
26|25|93|053|155|415,854,452,402,112,3.0,288,313,854.0,452.0,402.0,288.0,112.44,0.0,code_match,854,0.5082327651675439,1680.3
26|25|93|053|527|068,8650,4638,4012,116,3.6,2421,2026,8650.0,4638.0,4012.0,2420.0,115.6,0.0,code_match,8650,0.26756396429774904,32328.7
26|25|93|053|527|268,14326,7906,6420,123,3.5,4124,4227,14326.0,7906.0,6420.0,4120.0,123.15,0.0,code_match,14326,0.5379367122007466,26631.4
26|25|93|053|527|276,11052,5822,5230,111,3.6,3076,2165,11052.0,5822.0,5230.0,3074.0,111.32,0.0,code_match,11052,0.35058199758158487,31524.7
26|25|93|053|677|108,22210,12152,10055,121,3.3,6733,6520,22210.0,12152.0,10055.0,6733.0,120.86,0.0,code_match,22210,0.23922603357797878,92841.1
26|25|93|053|677|348,24833,13306,11526,115,3.4,7206,8134,24833.0,13306.0,11526.0,7206.0,115.44,0.0,code_match,24833,0.5513362562690234,45041.5
26|25|93|054|038|064,2667,1639,1028,159,3.3,811,653,2667.0,1639.0,1028.0,811.0,159.44,0.0,code_match,2667,0.9092172556277571,2933.3
26|25|93|054|078|028,10102,5378,4723,114,3.2,3151,2623,10103.0,5379.0,4723.0,3151.0,113.89,1.0,code_match,10102,0.41104809328613995,24576.2
26|25|93|054|154|068,20779,11738,9040,130,3.3,6269,5378,20779.0,11738.0,9040.0,6260.0,129.85,0.0,code_match,20779,1.6626608308500213,12497.4
26|25|93|054|415|208,17032,9397,7634,123,3.3,5187,5418,17032.0,9397.0,7634.0,5187.0,123.09,0.0,code_match,17032,0.32057104070878273,53130.2
26|25|93|054|415|234,6163,3492,2671,131,3.2,1938,2054,6163.0,3492.0,2671.0,1938.0,130.74,0.0,code_match,6163,0.09621699493148092,64053.1
26|25|93|054|415|592,5194,2809,2385,118,3.3,1583,1494,5194.0,2809.0,2385.0,1583.0,117.78,0.0,code_match,5194,0.16035591366896554,32390.4
26|25|93|054|676|348,7069,3690,3379,109,3.3,2119,1710,7068.0,3690.0,3378.0,2119.0,109.24,-1.0,code_match,7069,0.21074724553122565,33542.5
26|25|93|054|678|348,1117,620,497,125,2.8,401,543,1117.0,620.0,497.0,401.0,124.75,0.0,code_match,1117,0.13777895619059125,8107.2
26|25|94|001|038|416,26141,15660,10481,149,3.1,8438,9328,26156.0,15670.0,10486.0,8438.0,149.44,15.0,code_match,26141,0.5140353269826866,50854.5
26|25|94|001|226|070,573,331,242,137,4.2,136,164,573.0,331.0,242.0,136.0,136.78,0.0,code_match,573,0.01795352251372543,31915.7
26|25|94|001|226|408,11710,6359,5351,119,3.7,3185,3085,11714.0,6359.0,5355.0,3182.0,118.75,4.0,code_match,11710,0.5412477010984058,21635.2
26|25|94|001|226|416,9205,4950,4255,116,3.5,2635,2494,9209.0,4952.0,4257.0,2631.0,116.33,4.0,code_match,9205,0.2697263318204125,34127.2
26|25|94|001|226|424,15682,8263,7419,111,3.8,4127,4316,15685.0,8268.0,7417.0,4124.0,111.47,3.0,code_match,15682,0.5764424108427328,27204.8
26|25|94|001|671|408,16721,9663,7058,137,3.1,5462,5091,18691.0,10776.0,7915.0,6099.0,136.15,1970.0,code_match,16721,0.7452702662009333,22436.2
26|25|94|051|076|408,31628,17310,14318,121,3.9,8096,7495,31633.0,17316.0,14317.0,8083.0,120.95,5.0,code_match,31628,0.5729083218163238,55206.0
26|25|94|051|076|416,20505,11184,9321,120,3.8,5385,4700,20509.0,11186.0,9323.0,5361.0,119.98,4.0,code_match,20505,0.4215186253646037,48645.5
26|25|94|051|076|424,25736,13638,12098,113,3.7,6872,7203,25755.0,13652.0,12103.0,6869.0,112.8,19.0,code_match,25736,0.5130896660547607,50158.9
26|25|94|051|076|432,20600,11178,9422,119,3.7,5563,6203,20585.0,11175.0,9410.0,5561.0,118.76,-15.0,code_match,20600,0.3570389492133017,57696.8
26|25|95|001|038|408,6085,3101,2984,104,3.7,1627,2173,6091.0,3106.0,2985.0,1627.0,104.05,6.0,code_match,6085,0.414720953892542,14672.5
26|25|95|001|224|408,15843,8530,7313,117,3.7,4332,4987,15849.0,8534.0,7315.0,4332.0,116.66,6.0,code_match,15843,0.6317882250318212,25076.4
26|25|95|001|224|416,10021,5556,4465,124,4.4,2270,2069,10031.0,5564.0,4467.0,2270.0,124.56,10.0,code_match,10021,0.41135849979614053,24360.7
26|25|95|001|595|408,3424,2450,974,252,6.1,565,757,3424.0,2450.0,974.0,565.0,251.54,0.0,code_match,3424,0.12207307481501897,28048.8
26|25|96|044|037|028,1437,731,706,104,4.0,359,280,1437.0,731.0,706.0,359.0,103.54,0.0,code_match,1437,0.15868290159524773,9055.8
26|25|96|044|037|056,748,371,377,98,4.2,179,130,748.0,371.0,377.0,179.0,98.41,0.0,code_match,748,0.32757432682766796,2283.5
26|25|96|044|074|028,1604,804,800,101,3.7,433,450,1604.0,804.0,800.0,433.0,100.5,0.0,code_match,1604,0.8213189055716599,1953.0
26|25|96|044|075|028,361,175,186,94,3.6,100,120,361.0,175.0,186.0,100.0,94.09,0.0,code_match,361,0.09696707431566161,3722.9
26|25|96|044|076|028,1142,591,551,107,3.7,307,250,1142.0,591.0,551.0,307.0,107.26,0.0,code_match,1142,0.6568973586348431,1738.5
26|25|96|044|113|048,5782,3011,2771,109,3.9,1467,1132,5782.0,3011.0,2771.0,1467.0,108.66,0.0,code_match,5782,0.8019776481996864,7209.7
26|25|96|044|114|048,384,200,184,109,3.5,109,90,384.0,200.0,184.0,109.0,108.7,0.0,code_match,384,0.23733791411376207,1617.9
26|25|96|044|404|208,4574,2401,2173,111,4.0,1146,1055,4573.0,2401.0,2172.0,1144.0,110.54,-1.0,code_match,4574,0.2741776777386478,16682.6
26|25|96|044|697|368,384,194,190,102,3.6,106,115,384.0,194.0,190.0,106.0,102.11,0.0,code_match,384,1.429631289092826,268.6
26|25|96|044|771|044,2057,1075,982,110,3.7,551,375,2057.0,1075.0,982.0,551.0,109.47,0.0,code_match,2057,0.446942933658943,4602.4
26|25|96|044|771|052,1705,847,858,99,4.1,413,360,1705.0,847.0,858.0,412.0,98.72,0.0,code_match,1705,0.5734165353865263,2973.4
26|25|96|044|771|053,814,411,403,102,3.7,222,200,814.0,411.0,403.0,222.0,101.99,0.0,code_match,814,0.27753727005613826,2932.9
26|25|96|044|771|096,8796,4773,4023,119,3.8,2320,1900,8796.0,4773.0,4023.0,2319.0,118.64,0.0,code_match,8796,1.2552999334678354,7007.1
26|25|96|044|771|228,741,399,342,117,4.1,181,135,741.0,399.0,342.0,181.0,116.67,0.0,code_match,741,0.5092992658591006,1454.9
26|25|96|044|771|328,870,449,421,107,3.9,222,235,870.0,449.0,421.0,221.0,106.65,0.0,code_match,870,0.14896557729153087,5840.3
26|25|96|044|771|376,463,239,224,107,3.9,120,145,463.0,239.0,224.0,120.0,106.7,0.0,code_match,463,0.3110850964085309,1488.3
26|25|96|045|771|088,30003,15613,14390,109,3.8,7936,6167,30011.0,15615.0,14396.0,7932.0,108.47,8.0,code_match,30003,2.5418843073067054,11803.4
26|25|96|045|771|428,20239,10465,9774,107,3.6,5681,4930,20249.0,10472.0,9777.0,5680.0,107.11,10.0,code_match,20239,1.327237132945456,15249.0
26|25|96|046|259|128,5571,2869,2702,106,3.5,1582,825,5571.0,2869.0,2702.0,1582.0,106.18,0.0,code_match,5571,0.5266316580565604,10578.6
26|25|96|046|259|208,385,193,192,101,3.8,101,65,385.0,193.0,192.0,101.0,100.52,0.0,code_match,385,0.27745072130941656,1387.6
26|25|96|046|259|216,164,88,76,116,3.2,52,40,164.0,88.0,76.0,52.0,115.79,0.0,code_match,164,0.23649078334873086,693.5
26|25|96|046|259|368,85,42,43,98,3.0,28,20,85.0,42.0,43.0,28.0,97.67,0.0,code_match,85,0.19498260103713014,435.9
26|25|96|046|477|248,3480,1767,1713,103,4.0,870,766,3480.0,1767.0,1713.0,870.0,103.15,0.0,code_match,3480,1.2011196100377546,2897.3
26|25|96|046|514|268,462,237,225,105,3.9,119,71,462.0,237.0,225.0,119.0,105.33,0.0,code_match,462,0.49117542820734233,940.6
26|25|96|046|515|268,1012,527,485,109,3.8,269,260,1012.0,527.0,485.0,269.0,108.66,0.0,code_match,1012,0.4063639477478222,2490.4
26|25|96|046|516|268,0,0,0,0,0.0,0,45,231.0,123.0,108.0,50.0,113.89,231.0,code_match,231,0.08890165180129485,2598.4
26|25|96|046|770|408,1100,578,522,111,4.2,262,267,1100.0,578.0,522.0,262.0,110.73,0.0,code_match,1100,0.5557262178158557,1979.4
26|25|96|046|771|028,1878,1010,868,116,3.4,553,420,1878.0,1010.0,868.0,553.0,116.36,0.0,code_match,1878,0.05141586216283378,36525.7
26|25|96|046|771|036,5963,3078,2885,107,3.6,1646,1432,5963.0,3078.0,2885.0,1646.0,106.69,0.0,code_match,5963,0.2691262981061649,22156.9
26|25|96|046|771|060,559,276,283,98,3.8,147,100,559.0,276.0,283.0,147.0,97.53,0.0,code_match,559,0.07255784473918457,7704.2
26|25|96|046|771|068,5089,2635,2454,107,3.6,1424,895,5089.0,2635.0,2454.0,1424.0,107.38,0.0,code_match,5089,0.4762706291503865,10685.1
26|25|96|046|771|070,445,220,225,98,3.7,121,100,445.0,220.0,225.0,121.0,97.78,0.0,code_match,445,0.39509054997732085,1126.3
26|25|96|046|771|268,1993,1053,940,112,3.5,562,320,1993.0,1053.0,940.0,562.0,112.02,0.0,code_match,1993,0.0853818565406608,23342.2
26|25|96|046|771|276,3709,1849,1860,99,3.9,962,635,3709.0,1849.0,1860.0,962.0,99.41,0.0,code_match,3709,1.147982821584593,3230.9
26|25|96|046|771|308,3550,1859,1691,110,3.5,1025,925,3550.0,1859.0,1691.0,1025.0,109.93,0.0,code_match,3550,0.5386299113659335,6590.8
26|25|96|046|771|336,2811,1474,1337,110,4.1,693,350,2812.0,1474.0,1338.0,693.0,110.16,1.0,code_match,2811,0.6538934810260177,4298.9
26|25|96|046|771|368,5540,2851,2689,106,3.5,1579,1172,5540.0,2851.0,2689.0,1577.0,106.02,0.0,code_match,5540,0.41020260651110846,13505.5
